==================== 2026-08-13T22:05:27.350337Z | 00000000-0000-0000-0000-000000000000 ====================
==================== 2026-08-13T22:05:27.350482Z | 496add87-32f7-48e3-872b-7bd3b7ba3510 ====================
22:05:27.350506 [info ]: Starting dbt LSP server
22:05:27.350527 [info ]: Connecting to LSP client on port 8000
22:05:27.350747 [info ]: Successfully connected to LSP client
22:05:27.350761 [info ]: Creating LSP service...
22:05:27.351416 [info ]: Creating LSP server...
22:05:27.351424 [info ]: Starting LSP server...
==================== 2026-08-14T17:00:20.406304Z | 00000000-0000-0000-0000-000000000000 ====================
==================== 2026-08-14T17:00:20.406431Z | 4c9464ee-55f1-4beb-9a41-f27b03e3dc01 ====================
17:00:20.406443 [info ]: Starting dbt LSP server
17:00:20.406458 [info ]: Connecting to LSP client on port 8000
17:00:20.406676 [info ]: Successfully connected to LSP client
17:00:20.406690 [info ]: Creating LSP service...
17:00:20.407614 [info ]: Creating LSP server...
17:00:20.407622 [info ]: Starting LSP server...
==================== 2026-08-14T20:14:52.282308Z | 00000000-0000-0000-0000-000000000000 ====================
==================== 2026-08-14T20:14:52.282472Z | 648404b7-08a4-4d7b-ad7e-f044d4f731c8 ====================
20:14:52.282486 [info ]: Starting dbt LSP server
20:14:52.282501 [info ]: Connecting to LSP client on port 8000
20:14:52.282731 [info ]: Successfully connected to LSP client
20:14:52.282741 [info ]: Creating LSP service...
20:14:52.283410 [info ]: Creating LSP server...
20:14:52.283419 [info ]: Starting LSP server...
20:15:16.323320 [info ]: Started loading project
20:15:16.323612 [info ]: Finished loading project [  0.00s]
20:15:56.203349 [info ]: Started loading project
20:15:56.203607 [info ]: Finished loading project [  0.00s]
20:16:09.685391 [info ]: Started loading project
20:16:09.685577 [info ]: Finished loading project [  0.00s]
20:16:19.546851 [info ]: Started loading project
20:16:19.547706 [info ]: Loading ~/.dbt/profiles.yml
20:16:19.666937 [info ]:    Started resolving packages from packages.yml
20:16:19.751637 [info ]:   Finished [  0.08s] resolving packages from packages.yml (1 items)
20:16:19.751681 [info ]: Auto installing dependencies while running `dbt compile`. To ensure dependencies are cached, run `dbt deps` to initialize a valid package-lock.yml.
20:16:19.751699 [info ]: Installing packages
20:16:19.752397 [info ]: Installing dbt-labs/dbt_utils
20:16:19.859994 [info ]: Loading ~/.dbt/profiles.yml
20:16:20.195530 [info ]:  Installed dbt-labs/dbt_utils: 0.7.4
20:16:20.195558 [info ]:  Installed 1 package
20:16:20.195593 [info ]: Updated version available for dbt_utils@0.7.4: 1.4.1
20:16:20.195685 [debug]:    Started loading packages
20:16:20.206024 [debug]:     Loaded [  0.01s] packages
20:16:20.206705 [info ]: Finished loading project [  0.66s]
20:16:20.206990 [info ]: Started parsing
20:16:20.239522 [debug]: Finished parsing models/staging/jaffle_shop/src_jaffle_shop.yml [  0.00s]
20:16:20.239991 [debug]: Finished parsing models/staging/jaffle_shop/stg_jaffle_shop.yml [  0.00s]
20:16:20.240271 [debug]: Finished parsing models/staging/snowplow/src_snowplow.yml [  0.00s]
20:16:20.240529 [debug]: Finished parsing models/staging/stripe/src_stripe.yml [  0.00s]
20:16:20.242318 [error]: [UnusedConfigKey (dbt1060)]: Ignored unexpected key `"loaded_at_field"`. YAML path: `loaded_at_field`.
  --> models/staging/snowplow/src_snowplow.yml:5:5
20:16:20.243128 [error]: [UnusedConfigKey (dbt1060)]: Ignored unexpected key `"freshness"`. YAML path: `freshness`.
  --> models/staging/snowplow/src_snowplow.yml:6:5
20:16:20.245273 [debug]: Finished parsing snapshots/mock_orders.sql [  0.00s]
20:16:20.247988 [debug]: Finished parsing models/all_dates.sql [  0.00s]
20:16:20.248407 [debug]: Finished parsing models/marts/core/dim_customers.sql [  0.00s]
20:16:20.248663 [debug]: Finished parsing models/marts/core/fct_orders.sql [  0.00s]
20:16:20.249036 [debug]: Finished parsing models/marts/core/int_orders__pivoted.sql [  0.00s]
20:16:20.249330 [debug]: Finished parsing models/staging/jaffle_shop/stg_customers.sql [  0.00s]
20:16:20.249511 [debug]: Finished parsing models/staging/jaffle_shop/stg_orders.sql [  0.00s]
20:16:20.249810 [debug]: Finished parsing models/staging/snowplow/stg_page_views.sql [  0.00s]
20:16:20.250054 [debug]: Finished parsing models/staging/stripe/stg_payments.sql [  0.00s]
20:16:20.253784 [debug]: Finished parsing analysis/total_revenue.sql [  0.00s]
20:16:20.254100 [debug]: Finished parsing tests/assert_positive_value_for_total_amount.sql [  0.00s]
20:16:20.299688 [info ]: Finished parsing [  0.09s]
20:16:20.300321 [info ]: Cached model count updated: 8 models (estimate)
20:16:20.300328 [info ]: Cached model count updated: 8 models (accurate)
20:16:20.300429 [info ]: Started scheduling
20:16:20.300628 [info ]: Finished scheduling [  0.00s]
20:16:20.300648 [debug]: Compilation - 0 nodes selected: {}
20:16:20.300681 [warn ]: [NoNodesForSelectionCriteria (dbt1092)]: The selection criterion '' does not match any enabled nodes
20:16:20.300690 [warn ]: [NoNodesSelected (dbt1601)]: Nothing to do. Try checking your model configs and model specification args
20:16:20.300706 [info ]: Started scheduling
20:16:20.300823 [info ]: Finished scheduling [  0.00s]
20:16:20.301093 [debug]: Initializing schema store with entry: Selected("snapshot.jaffle_shop.mock_orders") and interval: None
20:16:20.301137 [debug]: Initializing schema store with entry: Frontier(CanonicalFqn { catalog: "RAW", schema: "JAFFLE_SHOP", table: "CUSTOMERS" }) and interval: None
20:16:20.301143 [debug]: Initializing schema store with entry: Frontier(CanonicalFqn { catalog: "RAW", schema: "SNOWPLOW", table: "EVENTS" }) and interval: None
20:16:20.301147 [debug]: Initializing schema store with entry: Frontier(CanonicalFqn { catalog: "RAW", schema: "JAFFLE_SHOP", table: "ORDERS" }) and interval: None
20:16:20.301150 [debug]: Initializing schema store with entry: Frontier(CanonicalFqn { catalog: "RAW", schema: "STRIPE", table: "PAYMENT" }) and interval: None
20:16:20.386620 [debug]: License from file /Users/justinbondoc/.dbt/license.12906 is in refresh window, attempting remote refresh
20:16:20.490127 [debug]: Requesting license from https://qc671.us1.dbt.com/api/private/accounts/12906/feature-licenses/ with 1 key IDs: ["fusion-prod-2025-11-20"]
20:16:20.837764 [debug]: License successfully retrieved from remote
20:16:20.838193 [debug]: License loaded from remote server qc671.us1.dbt.com
20:16:20.838946 [debug]: License cached to file for account 12906
20:16:20.863592 [info ]: Started building task graph
20:16:20.863713 [info ]: Finished building task graph [  0.00s]
20:16:20.875958 [info ]: Started scheduling
20:16:20.875996 [info ]: Finished scheduling [  0.00s]
20:16:20.876435 [info ]: Cached model count updated: 8 models (accurate)
20:16:22.059332 [info ]: Started loading project
20:16:22.059904 [info ]: Loading ~/.dbt/profiles.yml
20:16:22.078156 [info ]: Cached model count updated: 8 models (estimate)
20:16:22.078171 [info ]: Cached model count updated: 8 models (accurate)
20:16:22.078194 [info ]: Started scheduling
20:16:22.078268 [info ]: Finished scheduling [  0.00s]
20:16:22.078278 [debug]: Compilation - 10 nodes selected: {"analysis.jaffle_shop.total_revenue", "model.jaffle_shop.all_dates", "model.jaffle_shop.dim_customers", "model.jaffle_shop.fct_orders", "model.jaffle_shop.int_orders__pivoted", "model.jaffle_shop.stg_customers", "model.jaffle_shop.stg_orders", "model.jaffle_shop.stg_page_views", "model.jaffle_shop.stg_payments", "snapshot.jaffle_shop.mock_orders"}
20:16:22.078875 [debug]:    Started downloading relations (1 items)
20:16:22.079115 [info ]: Finished loading project [  0.02s]
20:16:24.668095 [debug]: Query executed on node unknown:
SHOW OBJECTS IN SCHEMA "ANALYTICS"."DBT_JBONDOC" LIMIT 10000
20:16:24.891529 [debug]:   Finished [  2.81s] downloading relations (1 items)
20:16:24.915305 [info ]: Started building task graph
20:16:24.915554 [info ]: Finished building task graph [  0.00s]
20:16:24.926522 [info ]: Started rendering (10 nodes)
20:16:24.926568 [info ]: Started snapshot dbt_jbondoc_snapshot.mock_orders
20:16:24.926592 [debug]: Started rendering snapshot dbt_jbondoc_snapshot.mock_orders
20:16:24.926640 [info ]: Started model dbt_jbondoc.stg_page_views
20:16:24.926647 [debug]: Started rendering model dbt_jbondoc.stg_page_views
20:16:24.926661 [info ]: Started model dbt_jbondoc.int_orders__pivoted
20:16:24.926665 [debug]: Started rendering model dbt_jbondoc.int_orders__pivoted
20:16:24.926673 [info ]: Started model dbt_jbondoc.dim_customers
20:16:24.926677 [debug]: Started rendering model dbt_jbondoc.dim_customers
20:16:24.926683 [info ]: Started model dbt_jbondoc.stg_customers
20:16:24.926687 [debug]: Started rendering model dbt_jbondoc.stg_customers
20:16:24.926693 [info ]: Started model dbt_jbondoc.fct_orders
20:16:24.926696 [debug]: Started rendering model dbt_jbondoc.fct_orders
20:16:24.926702 [info ]: Started model dbt_jbondoc.stg_orders
20:16:24.926705 [debug]: Started rendering model dbt_jbondoc.stg_orders
20:16:24.926710 [info ]: Started model dbt_jbondoc.all_dates
20:16:24.926713 [debug]: Started rendering model dbt_jbondoc.all_dates
20:16:24.926718 [info ]: Started analysis dbt_jbondoc.total_revenue
20:16:24.926721 [debug]: Started rendering analysis dbt_jbondoc.total_revenue
20:16:24.926757 [info ]: Started model dbt_jbondoc.stg_payments
20:16:24.926761 [debug]: Started rendering model dbt_jbondoc.stg_payments
20:16:24.931235 [debug]: Compiled SQL for node snapshot.jaffle_shop.mock_orders at target/.lsp/compiled/jaffle_shop/snapshots/mock_orders.sql/mock_orders.sql
20:16:24.931377 [debug]: Finished rendering [  0.00s] snapshot dbt_jbondoc_snapshot.mock_orders [success]
20:16:24.931633 [debug]: Compiled SQL for node model.jaffle_shop.stg_orders at target/.lsp/compiled/jaffle_shop/models/staging/jaffle_shop/stg_orders.sql
20:16:24.931637 [debug]: Compiled SQL for node analysis.jaffle_shop.total_revenue at target/.lsp/compiled/jaffle_shop/analysis/total_revenue.sql
20:16:24.931642 [info ]: Started analyzing (9 nodes)
20:16:24.931677 [debug]: Started analyzing snapshot dbt_jbondoc_snapshot.mock_orders
20:16:24.931725 [debug]: Finished rendering [  0.01s] model dbt_jbondoc.stg_orders [success]
20:16:24.931741 [debug]: Started analyzing model dbt_jbondoc.stg_orders
20:16:24.931751 [debug]: Compiled SQL for node model.jaffle_shop.stg_payments at target/.lsp/compiled/jaffle_shop/models/staging/stripe/stg_payments.sql
20:16:24.931757 [debug]: Finished rendering [  0.01s] analysis dbt_jbondoc.total_revenue [success]
20:16:24.931766 [info ]:  Succeeded [  0.01s] analysis dbt_jbondoc.total_revenue (analysis)
20:16:24.931821 [debug]: Finished rendering [  0.01s] model dbt_jbondoc.stg_payments [success]
20:16:24.931837 [debug]: Started analyzing model dbt_jbondoc.stg_payments
20:16:24.931871 [debug]: Compiled SQL for node model.jaffle_shop.dim_customers at target/.lsp/compiled/jaffle_shop/models/marts/core/dim_customers.sql
20:16:24.931870 [debug]: Compiled SQL for node model.jaffle_shop.stg_customers at target/.lsp/compiled/jaffle_shop/models/staging/jaffle_shop/stg_customers.sql
20:16:24.931955 [debug]: Finished rendering [  0.01s] model dbt_jbondoc.dim_customers [success]
20:16:24.931964 [debug]: Compiled SQL for node model.jaffle_shop.stg_page_views at target/.lsp/compiled/jaffle_shop/models/staging/snowplow/stg_page_views.sql
20:16:24.931977 [debug]: Started analyzing model dbt_jbondoc.dim_customers
20:16:24.931990 [debug]: Finished rendering [  0.01s] model dbt_jbondoc.stg_customers [success]
20:16:24.931997 [debug]: Started analyzing model dbt_jbondoc.stg_customers
20:16:24.932006 [debug]: Finished rendering [  0.01s] model dbt_jbondoc.stg_page_views [success]
20:16:24.932012 [debug]: Started analyzing model dbt_jbondoc.stg_page_views
20:16:24.932091 [debug]: Compiled SQL for node model.jaffle_shop.int_orders__pivoted at target/.lsp/compiled/jaffle_shop/models/marts/core/int_orders__pivoted.sql
20:16:24.932175 [debug]: Compiled SQL for node model.jaffle_shop.fct_orders at target/.lsp/compiled/jaffle_shop/models/marts/core/fct_orders.sql
20:16:24.932195 [debug]: Finished rendering [  0.01s] model dbt_jbondoc.int_orders__pivoted [success]
20:16:24.932208 [debug]: Started analyzing model dbt_jbondoc.int_orders__pivoted
20:16:24.932264 [debug]: Finished rendering [  0.01s] model dbt_jbondoc.fct_orders [success]
20:16:24.932285 [debug]: Started analyzing model dbt_jbondoc.fct_orders
20:16:24.935105 [debug]: Finished analyzing [  0.00s] snapshot dbt_jbondoc_snapshot.mock_orders [success]
20:16:24.935135 [info ]:  Succeeded [  0.01s] snapshot dbt_jbondoc_snapshot.mock_orders (snapshot)
20:16:24.935610 [debug]: Finished analyzing [  0.00s] model dbt_jbondoc.stg_customers [success]
20:16:24.935620 [info ]:  Succeeded [  0.01s] model dbt_jbondoc.stg_customers (view)
20:16:24.935629 [debug]: Finished analyzing [  0.00s] model dbt_jbondoc.stg_orders [success]
20:16:24.935633 [info ]:  Succeeded [  0.01s] model dbt_jbondoc.stg_orders (view)
20:16:24.937471 [debug]: Finished analyzing [  0.01s] model dbt_jbondoc.stg_payments [success]
20:16:24.937483 [info ]:  Succeeded [  0.01s] model dbt_jbondoc.stg_payments (view)
20:16:24.939009 [debug]: Finished analyzing [  0.01s] model dbt_jbondoc.stg_page_views [success]
20:16:24.939020 [info ]:  Succeeded [  0.01s] model dbt_jbondoc.stg_page_views (incremental)
20:16:24.939560 [debug]: Finished analyzing [  0.01s] model dbt_jbondoc.dim_customers [success]
20:16:24.939569 [info ]:  Succeeded [  0.01s] model dbt_jbondoc.dim_customers (table)
20:16:24.939683 [debug]: Finished analyzing [  0.01s] model dbt_jbondoc.fct_orders [success]
20:16:24.939691 [info ]:  Succeeded [  0.01s] model dbt_jbondoc.fct_orders (table)
20:16:24.939899 [debug]: Finished analyzing [  0.01s] model dbt_jbondoc.int_orders__pivoted [success]
20:16:24.939908 [info ]:  Succeeded [  0.01s] model dbt_jbondoc.int_orders__pivoted (table)
20:16:26.394460 [debug]: Query executed on node model.jaffle_shop.all_dates:
select 

    datediff(
        day,
        to_date('01/01/2020', 'mm/dd/yyyy'),
        to_date('01/01/2021', 'mm/dd/yyyy')
        )
/* {"app": "dbt", "connection_name": "", "dbt_version": "2.0.0", "profile_name": "default", "target_name": "dev"} */
20:16:26.396620 [debug]: Compiled SQL for node model.jaffle_shop.all_dates at target/.lsp/compiled/jaffle_shop/models/all_dates.sql
20:16:26.396746 [debug]: Finished rendering [  1.47s] model dbt_jbondoc.all_dates [success]
20:16:26.396764 [info ]: Finished rendering [  1.47s] (10 nodes, 0 skipped, 0 errors)
20:16:26.396787 [debug]: Started analyzing model dbt_jbondoc.all_dates
20:16:26.412804 [debug]: Finished analyzing [  0.02s] model dbt_jbondoc.all_dates [success]
20:16:26.412819 [info ]: Finished analyzing [  1.48s] (9 nodes, 0 skipped, 0 errors)
20:16:26.412823 [info ]:  Succeeded [  1.49s] model dbt_jbondoc.all_dates (table)
20:16:26.414772 [info ]: Started scheduling
20:16:26.414809 [info ]: Finished scheduling [  0.00s]
20:16:26.415071 [info ]: Cached model count updated: 8 models (accurate)
20:16:58.741797 [info ]: Started loading project
20:16:58.742654 [info ]: Loading ~/.dbt/profiles.yml
20:16:58.791901 [info ]: Cached model count updated: 8 models (estimate)
20:16:58.792035 [info ]: Cached model count updated: 8 models (accurate)
20:16:58.792106 [info ]: Started scheduling
20:16:58.792289 [info ]: Finished scheduling [  0.00s]
20:16:58.792313 [debug]: Compilation - 0 nodes selected: {}
20:16:58.792389 [warn ]: [NoNodesForSelectionCriteria (dbt1092)]: The selection criterion '+source:jaffle_shop.snowplow.events' does not match any enabled nodes
20:16:58.792410 [warn ]: [NoNodesSelected (dbt1601)]: Nothing to do. Try checking your model configs and model specification args
20:16:58.840437 [info ]: Started building task graph
20:16:58.840461 [info ]: Finished building task graph [  0.00s]
20:16:58.854909 [info ]: Started scheduling
20:16:58.854990 [info ]: Finished scheduling [  0.00s]
20:16:58.855111 [info ]: Cached model count updated: 8 models (accurate)
20:16:58.855116 [info ]: Finished loading project [  0.11s]
20:16:58.925824 [info ]: Started loading project
20:16:58.926065 [info ]: Loading ~/.dbt/profiles.yml
20:16:58.938256 [info ]: Cached model count updated: 8 models (estimate)
20:16:58.938270 [info ]: Cached model count updated: 8 models (accurate)
20:16:58.938294 [info ]: Started scheduling
20:16:58.938332 [info ]: Finished scheduling [  0.00s]
20:16:58.938337 [debug]: Compilation - 0 nodes selected: {}
20:16:58.938347 [warn ]: [NoNodesForSelectionCriteria (dbt1092)]: The selection criterion '+source:jaffle_shop.snowplow.events' does not match any enabled nodes
20:16:58.938353 [warn ]: [NoNodesSelected (dbt1601)]: Nothing to do. Try checking your model configs and model specification args
20:16:58.954922 [info ]: Started building task graph
20:16:58.954939 [info ]: Finished building task graph [  0.00s]
20:16:58.966403 [info ]: Started scheduling
20:16:58.966442 [info ]: Finished scheduling [  0.00s]
20:16:58.966538 [info ]: Finished loading project [  0.04s]
20:16:58.966534 [info ]: Cached model count updated: 8 models (accurate)
20:17:00.145091 [info ]: Started loading project
20:17:00.145415 [info ]: Loading ~/.dbt/profiles.yml
20:17:00.161797 [info ]: Cached model count updated: 8 models (estimate)
20:17:00.161809 [info ]: Cached model count updated: 8 models (accurate)
20:17:00.161830 [info ]: Started scheduling
20:17:00.161907 [info ]: Finished scheduling [  0.00s]
20:17:00.161918 [debug]: Compilation - 10 nodes selected: {"analysis.jaffle_shop.total_revenue", "model.jaffle_shop.all_dates", "model.jaffle_shop.dim_customers", "model.jaffle_shop.fct_orders", "model.jaffle_shop.int_orders__pivoted", "model.jaffle_shop.stg_customers", "model.jaffle_shop.stg_orders", "model.jaffle_shop.stg_page_views", "model.jaffle_shop.stg_payments", "snapshot.jaffle_shop.mock_orders"}
20:17:00.162485 [debug]:    Started downloading relations (1 items)
20:17:00.162525 [info ]: Finished loading project [  0.02s]
20:17:00.403669 [debug]: Query executed on node unknown:
SHOW OBJECTS IN SCHEMA "ANALYTICS"."DBT_JBONDOC" LIMIT 10000
20:17:00.403890 [debug]:   Finished [  0.24s] downloading relations (1 items)
20:17:00.427367 [info ]: Started building task graph
20:17:00.427485 [info ]: Finished building task graph [  0.00s]
20:17:00.440028 [info ]: Started rendering (10 nodes)
20:17:00.440046 [info ]: Started snapshot dbt_jbondoc_snapshot.mock_orders
20:17:00.440059 [debug]: Started rendering snapshot dbt_jbondoc_snapshot.mock_orders
20:17:00.440090 [info ]: Started model dbt_jbondoc.stg_page_views
20:17:00.440096 [debug]: Started rendering model dbt_jbondoc.stg_page_views
20:17:00.440103 [info ]: Started model dbt_jbondoc.int_orders__pivoted
20:17:00.440107 [debug]: Started rendering model dbt_jbondoc.int_orders__pivoted
20:17:00.440112 [info ]: Started model dbt_jbondoc.dim_customers
20:17:00.440116 [debug]: Started rendering model dbt_jbondoc.dim_customers
20:17:00.440123 [info ]: Started model dbt_jbondoc.stg_customers
20:17:00.440126 [debug]: Started rendering model dbt_jbondoc.stg_customers
20:17:00.440133 [info ]: Started model dbt_jbondoc.fct_orders
20:17:00.440139 [debug]: Started rendering model dbt_jbondoc.fct_orders
20:17:00.440145 [info ]: Started model dbt_jbondoc.stg_orders
20:17:00.440149 [debug]: Started rendering model dbt_jbondoc.stg_orders
20:17:00.440155 [info ]: Started model dbt_jbondoc.all_dates
20:17:00.440158 [debug]: Started rendering model dbt_jbondoc.all_dates
20:17:00.440166 [info ]: Started analysis dbt_jbondoc.total_revenue
20:17:00.440175 [debug]: Started rendering analysis dbt_jbondoc.total_revenue
20:17:00.440180 [info ]: Started model dbt_jbondoc.stg_payments
20:17:00.440184 [debug]: Started rendering model dbt_jbondoc.stg_payments
20:17:00.443096 [debug]: Compiled SQL for node analysis.jaffle_shop.total_revenue at target/.lsp/compiled/jaffle_shop/analysis/total_revenue.sql
20:17:00.443115 [debug]: Compiled SQL for node snapshot.jaffle_shop.mock_orders at target/.lsp/compiled/jaffle_shop/snapshots/mock_orders.sql/mock_orders.sql
20:17:00.443133 [debug]: Compiled SQL for node model.jaffle_shop.stg_orders at target/.lsp/compiled/jaffle_shop/models/staging/jaffle_shop/stg_orders.sql
20:17:00.443138 [debug]: Compiled SQL for node model.jaffle_shop.all_dates at target/.lsp/compiled/jaffle_shop/models/all_dates.sql
20:17:00.443169 [debug]: Finished rendering [  0.00s] analysis dbt_jbondoc.total_revenue [success]
20:17:00.443195 [info ]:  Succeeded [  0.00s] analysis dbt_jbondoc.total_revenue (analysis)
20:17:00.443213 [debug]: Finished rendering [  0.00s] snapshot dbt_jbondoc_snapshot.mock_orders [success]
20:17:00.443225 [info ]: Started analyzing (9 nodes)
20:17:00.443233 [debug]: Started analyzing snapshot dbt_jbondoc_snapshot.mock_orders
20:17:00.443241 [debug]: Finished rendering [  0.00s] model dbt_jbondoc.stg_orders [success]
20:17:00.443248 [debug]: Started analyzing model dbt_jbondoc.stg_orders
20:17:00.443254 [debug]: Finished rendering [  0.00s] model dbt_jbondoc.all_dates [success]
20:17:00.443258 [debug]: Started analyzing model dbt_jbondoc.all_dates
20:17:00.443582 [debug]: Finished analyzing [  0.00s] model dbt_jbondoc.stg_orders [success]
20:17:00.443591 [info ]:  Succeeded [  0.00s] model dbt_jbondoc.stg_orders (view)
20:17:00.443599 [debug]: Finished analyzing [  0.00s] snapshot dbt_jbondoc_snapshot.mock_orders [success]
20:17:00.443603 [info ]:  Succeeded [  0.00s] snapshot dbt_jbondoc_snapshot.mock_orders (snapshot)
20:17:00.444470 [debug]: Compiled SQL for node model.jaffle_shop.stg_page_views at target/.lsp/compiled/jaffle_shop/models/staging/snowplow/stg_page_views.sql
20:17:00.444500 [debug]: Compiled SQL for node model.jaffle_shop.stg_customers at target/.lsp/compiled/jaffle_shop/models/staging/jaffle_shop/stg_customers.sql
20:17:00.444551 [debug]: Compiled SQL for node model.jaffle_shop.stg_payments at target/.lsp/compiled/jaffle_shop/models/staging/stripe/stg_payments.sql
20:17:00.444559 [debug]: Compiled SQL for node model.jaffle_shop.fct_orders at target/.lsp/compiled/jaffle_shop/models/marts/core/fct_orders.sql
20:17:00.444562 [debug]: Compiled SQL for node model.jaffle_shop.int_orders__pivoted at target/.lsp/compiled/jaffle_shop/models/marts/core/int_orders__pivoted.sql
20:17:00.444578 [debug]: Compiled SQL for node model.jaffle_shop.dim_customers at target/.lsp/compiled/jaffle_shop/models/marts/core/dim_customers.sql
20:17:00.444582 [debug]: Finished rendering [  0.00s] model dbt_jbondoc.stg_page_views [success]
20:17:00.444622 [debug]: Started analyzing model dbt_jbondoc.stg_page_views
20:17:00.444639 [debug]: Finished rendering [  0.00s] model dbt_jbondoc.stg_customers [success]
20:17:00.444648 [debug]: Started analyzing model dbt_jbondoc.stg_customers
20:17:00.444656 [debug]: Finished rendering [  0.00s] model dbt_jbondoc.stg_payments [success]
20:17:00.444661 [debug]: Started analyzing model dbt_jbondoc.stg_payments
20:17:00.444667 [debug]: Finished rendering [  0.00s] model dbt_jbondoc.int_orders__pivoted [success]
20:17:00.444671 [debug]: Started analyzing model dbt_jbondoc.int_orders__pivoted
20:17:00.444676 [debug]: Finished rendering [  0.00s] model dbt_jbondoc.fct_orders [success]
20:17:00.444680 [debug]: Started analyzing model dbt_jbondoc.fct_orders
20:17:00.444687 [debug]: Finished rendering [  0.00s] model dbt_jbondoc.dim_customers [success]
20:17:00.444691 [info ]: Finished rendering [  0.00s] (10 nodes, 0 skipped, 0 errors)
20:17:00.444697 [debug]: Started analyzing model dbt_jbondoc.dim_customers
20:17:00.444803 [debug]: Finished analyzing [  0.00s] model dbt_jbondoc.stg_customers [success]
20:17:00.444810 [info ]:  Succeeded [  0.00s] model dbt_jbondoc.stg_customers (view)
20:17:00.444899 [debug]: Finished analyzing [  0.00s] model dbt_jbondoc.stg_payments [success]
20:17:00.444913 [info ]:  Succeeded [  0.00s] model dbt_jbondoc.stg_payments (view)
20:17:00.444997 [debug]: Finished analyzing [  0.00s] model dbt_jbondoc.stg_page_views [success]
20:17:00.445008 [info ]:  Succeeded [  0.00s] model dbt_jbondoc.stg_page_views (incremental)
20:17:00.445017 [debug]: Finished analyzing [  0.00s] model dbt_jbondoc.dim_customers [success]
20:17:00.445020 [info ]:  Succeeded [  0.00s] model dbt_jbondoc.dim_customers (table)
20:17:00.445076 [debug]: Finished analyzing [  0.00s] model dbt_jbondoc.fct_orders [success]
20:17:00.445080 [info ]:  Succeeded [  0.00s] model dbt_jbondoc.fct_orders (table)
20:17:00.445167 [debug]: Finished analyzing [  0.00s] model dbt_jbondoc.int_orders__pivoted [success]
20:17:00.445176 [info ]:  Succeeded [  0.00s] model dbt_jbondoc.int_orders__pivoted (table)
20:17:00.445612 [debug]: Finished analyzing [  0.00s] model dbt_jbondoc.all_dates [success]
20:17:00.445619 [info ]: Finished analyzing [  0.00s] (9 nodes, 0 skipped, 0 errors)
20:17:00.445622 [info ]:  Succeeded [  0.01s] model dbt_jbondoc.all_dates (table)
20:17:00.447400 [info ]: Started scheduling
20:17:00.447429 [info ]: Finished scheduling [  0.00s]
20:17:00.447598 [info ]: Cached model count updated: 8 models (accurate)
20:17:01.415118 [info ]: Started loading project
20:17:01.415379 [info ]: Loading ~/.dbt/profiles.yml
20:17:01.421248 [info ]: Started parsing
20:17:01.436905 [info ]: Finished loading project [  0.02s]
20:17:01.438495 [debug]: Finished parsing models/staging/jaffle_shop/stg_jaffle_shop.yml [  0.00s]
20:17:01.438589 [debug]: Finished parsing models/staging/snowplow/src_snowplow.yml [  0.00s]
20:17:01.439720 [debug]: Finished parsing snapshots/mock_orders.sql [  0.00s]
20:17:01.440517 [debug]: Finished parsing models/staging/jaffle_shop/stg_customers.sql [  0.00s]
20:17:01.440830 [debug]: Finished parsing models/staging/jaffle_shop/stg_orders.sql [  0.00s]
20:17:01.442067 [debug]: Finished parsing models/staging/snowplow/stg_page_views.sql [  0.00s]
20:17:01.483860 [info ]: Finished parsing [  0.06s]
20:17:01.485306 [info ]: Cached model count updated: 8 models (estimate)
20:17:01.485315 [info ]: Cached model count updated: 8 models (accurate)
20:17:01.485330 [info ]: Started scheduling
20:17:01.485352 [info ]: Finished scheduling [  0.00s]
20:17:01.485356 [debug]: Compilation - 0 nodes selected: {}
20:17:01.485365 [warn ]: [NoNodesForSelectionCriteria (dbt1092)]: The selection criterion '' does not match any enabled nodes
20:17:01.485372 [warn ]: [NoNodesSelected (dbt1601)]: Nothing to do. Try checking your model configs and model specification args
20:17:01.498495 [info ]: Started building task graph
20:17:01.498512 [info ]: Finished building task graph [  0.00s]
20:17:01.507753 [info ]: Started scheduling
20:17:01.507796 [info ]: Finished scheduling [  0.00s]
20:17:01.508847 [info ]: Cached model count updated: 8 models (accurate)
20:17:02.683465 [info ]: Started loading project
20:17:02.683729 [info ]: Loading ~/.dbt/profiles.yml
20:17:02.696951 [info ]: Cached model count updated: 8 models (estimate)
20:17:02.696965 [info ]: Cached model count updated: 8 models (accurate)
20:17:02.696992 [info ]: Started scheduling
20:17:02.697056 [info ]: Finished scheduling [  0.00s]
20:17:02.697065 [debug]: Compilation - 10 nodes selected: {"analysis.jaffle_shop.total_revenue", "model.jaffle_shop.all_dates", "model.jaffle_shop.dim_customers", "model.jaffle_shop.fct_orders", "model.jaffle_shop.int_orders__pivoted", "model.jaffle_shop.stg_customers", "model.jaffle_shop.stg_orders", "model.jaffle_shop.stg_page_views", "model.jaffle_shop.stg_payments", "snapshot.jaffle_shop.mock_orders"}
20:17:02.697566 [debug]:    Started downloading relations (1 items)
20:17:02.697599 [info ]: Finished loading project [  0.01s]
20:17:03.355514 [debug]: Query executed on node unknown:
SHOW OBJECTS IN SCHEMA "ANALYTICS"."DBT_JBONDOC" LIMIT 10000
20:17:03.355625 [debug]:   Finished [  0.66s] downloading relations (1 items)
20:17:03.370413 [info ]: Started building task graph
20:17:03.370479 [info ]: Finished building task graph [  0.00s]
20:17:03.378298 [info ]: Started rendering (10 nodes)
20:17:03.378314 [info ]: Started snapshot dbt_jbondoc_snapshot.mock_orders
20:17:03.378320 [debug]: Started rendering snapshot dbt_jbondoc_snapshot.mock_orders
20:17:03.378334 [info ]: Started model dbt_jbondoc.stg_page_views
20:17:03.378338 [debug]: Started rendering model dbt_jbondoc.stg_page_views
20:17:03.378343 [info ]: Started model dbt_jbondoc.int_orders__pivoted
20:17:03.378346 [debug]: Started rendering model dbt_jbondoc.int_orders__pivoted
20:17:03.378351 [info ]: Started model dbt_jbondoc.dim_customers
20:17:03.378354 [debug]: Started rendering model dbt_jbondoc.dim_customers
20:17:03.378359 [info ]: Started model dbt_jbondoc.stg_customers
20:17:03.378362 [debug]: Started rendering model dbt_jbondoc.stg_customers
20:17:03.378368 [info ]: Started model dbt_jbondoc.fct_orders
20:17:03.378371 [debug]: Started rendering model dbt_jbondoc.fct_orders
20:17:03.378376 [info ]: Started model dbt_jbondoc.stg_orders
20:17:03.378378 [debug]: Started rendering model dbt_jbondoc.stg_orders
20:17:03.378383 [info ]: Started model dbt_jbondoc.all_dates
20:17:03.378387 [debug]: Started rendering model dbt_jbondoc.all_dates
20:17:03.378393 [info ]: Started analysis dbt_jbondoc.total_revenue
20:17:03.378396 [debug]: Started rendering analysis dbt_jbondoc.total_revenue
20:17:03.378401 [info ]: Started model dbt_jbondoc.stg_payments
20:17:03.378404 [debug]: Started rendering model dbt_jbondoc.stg_payments
20:17:03.378587 [debug]: Compiled SQL for node model.jaffle_shop.dim_customers at target/.lsp/compiled/jaffle_shop/models/marts/core/dim_customers.sql
20:17:03.378626 [debug]: Finished rendering [  0.00s] model dbt_jbondoc.dim_customers [success]
20:17:03.378646 [debug]: Compiled SQL for node analysis.jaffle_shop.total_revenue at target/.lsp/compiled/jaffle_shop/analysis/total_revenue.sql
20:17:03.378651 [info ]: Started analyzing (9 nodes)
20:17:03.378680 [debug]: Started analyzing model dbt_jbondoc.dim_customers
20:17:03.378691 [debug]: Compiled SQL for node snapshot.jaffle_shop.mock_orders at target/.lsp/compiled/jaffle_shop/snapshots/mock_orders.sql/mock_orders.sql
20:17:03.378706 [debug]: Finished rendering [  0.00s] analysis dbt_jbondoc.total_revenue [success]
20:17:03.378704 [debug]: Compiled SQL for node model.jaffle_shop.int_orders__pivoted at target/.lsp/compiled/jaffle_shop/models/marts/core/int_orders__pivoted.sql
20:17:03.378711 [debug]: Compiled SQL for node model.jaffle_shop.all_dates at target/.lsp/compiled/jaffle_shop/models/all_dates.sql
20:17:03.378717 [info ]:  Succeeded [-------] analysis dbt_jbondoc.total_revenue (analysis)
20:17:03.378716 [debug]: Compiled SQL for node model.jaffle_shop.stg_payments at target/.lsp/compiled/jaffle_shop/models/staging/stripe/stg_payments.sql
20:17:03.378734 [debug]: Finished rendering [  0.00s] snapshot dbt_jbondoc_snapshot.mock_orders [success]
20:17:03.378750 [debug]: Started analyzing snapshot dbt_jbondoc_snapshot.mock_orders
20:17:03.378760 [debug]: Finished rendering [  0.00s] model dbt_jbondoc.int_orders__pivoted [success]
20:17:03.378760 [debug]: Compiled SQL for node model.jaffle_shop.fct_orders at target/.lsp/compiled/jaffle_shop/models/marts/core/fct_orders.sql
20:17:03.378769 [debug]: Started analyzing model dbt_jbondoc.int_orders__pivoted
20:17:03.378777 [debug]: Finished rendering [  0.00s] model dbt_jbondoc.all_dates [success]
20:17:03.378783 [debug]: Started analyzing model dbt_jbondoc.all_dates
20:17:03.378792 [debug]: Finished rendering [  0.00s] model dbt_jbondoc.stg_payments [success]
20:17:03.378800 [debug]: Started analyzing model dbt_jbondoc.stg_payments
20:17:03.378808 [debug]: Finished rendering [  0.00s] model dbt_jbondoc.fct_orders [success]
20:17:03.378814 [debug]: Started analyzing model dbt_jbondoc.fct_orders
20:17:03.378857 [debug]: Finished analyzing [  0.00s] snapshot dbt_jbondoc_snapshot.mock_orders [success]
20:17:03.378873 [info ]:  Succeeded [-------] snapshot dbt_jbondoc_snapshot.mock_orders (snapshot)
20:17:03.378957 [debug]: Finished analyzing [  0.00s] model dbt_jbondoc.stg_payments [success]
20:17:03.378971 [info ]:  Succeeded [-------] model dbt_jbondoc.stg_payments (view)
20:17:03.379057 [debug]: Finished analyzing [  0.00s] model dbt_jbondoc.dim_customers [success]
20:17:03.379066 [info ]:  Succeeded [-------] model dbt_jbondoc.dim_customers (table)
20:17:03.379146 [debug]: Finished analyzing [  0.00s] model dbt_jbondoc.fct_orders [success]
20:17:03.379153 [info ]:  Succeeded [-------] model dbt_jbondoc.fct_orders (table)
20:17:03.379194 [debug]: Compiled SQL for node model.jaffle_shop.stg_orders at target/.lsp/compiled/jaffle_shop/models/staging/jaffle_shop/stg_orders.sql
20:17:03.379202 [debug]: Compiled SQL for node model.jaffle_shop.stg_customers at target/.lsp/compiled/jaffle_shop/models/staging/jaffle_shop/stg_customers.sql
20:17:03.379247 [debug]: Finished analyzing [  0.00s] model dbt_jbondoc.int_orders__pivoted [success]
20:17:03.379255 [info ]:  Succeeded [-------] model dbt_jbondoc.int_orders__pivoted (table)
20:17:03.379264 [debug]: Finished rendering [  0.00s] model dbt_jbondoc.stg_orders [success]
20:17:03.379272 [debug]: Started analyzing model dbt_jbondoc.stg_orders
20:17:03.379279 [debug]: Finished rendering [  0.00s] model dbt_jbondoc.stg_customers [success]
20:17:03.379285 [debug]: Started analyzing model dbt_jbondoc.stg_customers
20:17:03.379329 [debug]: Finished analyzing [  0.00s] model dbt_jbondoc.stg_orders [success]
20:17:03.379334 [info ]:  Succeeded [-------] model dbt_jbondoc.stg_orders (view)
20:17:03.379339 [debug]: Finished analyzing [  0.00s] model dbt_jbondoc.stg_customers [success]
20:17:03.379341 [info ]:  Succeeded [-------] model dbt_jbondoc.stg_customers (view)
20:17:03.379349 [debug]: Compiled SQL for node model.jaffle_shop.stg_page_views at target/.lsp/compiled/jaffle_shop/models/staging/snowplow/stg_page_views.sql
20:17:03.379385 [debug]: Finished rendering [  0.00s] model dbt_jbondoc.stg_page_views [success]
20:17:03.379390 [info ]: Finished rendering [  0.00s] (10 nodes, 0 skipped, 0 errors)
20:17:03.379397 [debug]: Started analyzing model dbt_jbondoc.stg_page_views
20:17:03.379588 [debug]: Finished analyzing [  0.00s] model dbt_jbondoc.stg_page_views [success]
20:17:03.379592 [info ]:  Succeeded [  0.00s] model dbt_jbondoc.stg_page_views (incremental)
20:17:03.380366 [debug]: Finished analyzing [  0.00s] model dbt_jbondoc.all_dates [success]
20:17:03.380372 [info ]: Finished analyzing [  0.00s] (9 nodes, 0 skipped, 0 errors)
20:17:03.380375 [info ]:  Succeeded [  0.00s] model dbt_jbondoc.all_dates (table)
20:17:03.381890 [info ]: Started scheduling
20:17:03.381917 [info ]: Finished scheduling [  0.00s]
20:17:03.382086 [info ]: Cached model count updated: 8 models (accurate)
20:35:52.342963 [info ]: Started loading project
20:35:52.343497 [info ]: Loading ~/.dbt/profiles.yml
20:35:52.350145 [info ]: Started loading project
20:35:52.350377 [info ]: Loading ~/.dbt/profiles.yml
20:35:52.350396 [info ]: Finished loading project [  0.01s]
20:35:52.455002 [info ]: Loading packages.yml
20:35:52.455100 [debug]:    Started loading packages
20:35:52.459265 [debug]:     Loaded [  0.00s] packages
20:35:52.459581 [info ]: Finished loading project [  0.11s]
20:35:52.459699 [info ]: Started parsing
20:35:52.489206 [debug]: Finished parsing models/staging/jaffle_shop/src_jaffle_shop.yml [  0.00s]
20:35:52.489641 [debug]: Finished parsing models/staging/jaffle_shop/stg_jaffle_shop.yml [  0.00s]
20:35:52.489864 [debug]: Finished parsing models/staging/snowplow/src_snowplow.yml [  0.00s]
20:35:52.490045 [debug]: Finished parsing models/staging/stripe/src_stripe.yml [  0.00s]
20:35:52.491062 [debug]: Finished parsing snapshots/mock_orders.sql [  0.00s]
20:35:52.492085 [debug]: Finished parsing models/all_dates.sql [  0.00s]
20:35:52.492467 [debug]: Finished parsing models/marts/core/dim_customers.sql [  0.00s]
20:35:52.492865 [debug]: Finished parsing models/marts/core/fct_orders.sql [  0.00s]
20:35:52.493214 [debug]: Finished parsing models/marts/core/int_orders__pivoted.sql [  0.00s]
20:35:52.493502 [debug]: Finished parsing models/staging/jaffle_shop/stg_customers.sql [  0.00s]
20:35:52.493703 [debug]: Finished parsing models/staging/jaffle_shop/stg_orders.sql [  0.00s]
20:35:52.494412 [debug]: Finished parsing models/staging/snowplow/stg_page_views.sql [  0.00s]
20:35:52.494690 [debug]: Finished parsing models/staging/stripe/stg_payments.sql [  0.00s]
20:35:52.497163 [debug]: Finished parsing analysis/total_revenue.sql [  0.00s]
20:35:52.497465 [debug]: Finished parsing tests/assert_positive_value_for_total_amount.sql [  0.00s]
20:35:52.536204 [info ]: Finished parsing [  0.08s]
20:35:52.537000 [info ]: Cached model count updated: 8 models (estimate)
20:35:52.537009 [info ]: Cached model count updated: 8 models (accurate)
20:35:52.537039 [info ]: Started scheduling
20:35:52.537102 [info ]: Finished scheduling [  0.00s]
20:35:52.537108 [debug]: Compilation - 0 nodes selected: {}
20:35:52.537127 [warn ]: [NoNodesForSelectionCriteria (dbt1092)]: The selection criterion '+source:jaffle_shop.jaffle_shop.orders +source:jaffle_shop.jaffle_shop.customers' does not match any enabled nodes
20:35:52.537139 [warn ]: [NoNodesSelected (dbt1601)]: Nothing to do. Try checking your model configs and model specification args
20:35:52.537145 [info ]: Started scheduling
20:35:52.537188 [info ]: Finished scheduling [  0.00s]
20:35:52.537233 [debug]: Initializing schema store with entry: Selected("snapshot.jaffle_shop.mock_orders") and interval: None
20:35:52.537247 [debug]: Initializing schema store with entry: Frontier(CanonicalFqn { catalog: "RAW", schema: "STRIPE", table: "PAYMENT" }) and interval: None
20:35:52.537252 [debug]: Initializing schema store with entry: Frontier(CanonicalFqn { catalog: "RAW", schema: "JAFFLE_SHOP", table: "ORDERS" }) and interval: None
20:35:52.537256 [debug]: Initializing schema store with entry: Frontier(CanonicalFqn { catalog: "RAW", schema: "JAFFLE_SHOP", table: "CUSTOMERS" }) and interval: None
20:35:52.537259 [debug]: Initializing schema store with entry: Frontier(CanonicalFqn { catalog: "RAW", schema: "SNOWPLOW", table: "EVENTS" }) and interval: None
20:35:52.553104 [info ]: Started building task graph
20:35:52.553125 [info ]: Finished building task graph [  0.00s]
20:35:52.593088 [info ]: Started scheduling
20:35:52.593122 [info ]: Finished scheduling [  0.00s]
20:35:52.593725 [info ]: Cached model count updated: 8 models (accurate)
20:35:53.781948 [info ]: Started loading project
20:35:53.782254 [info ]: Loading ~/.dbt/profiles.yml
20:35:53.799031 [info ]: Cached model count updated: 8 models (estimate)
20:35:53.799044 [info ]: Cached model count updated: 8 models (accurate)
20:35:53.799066 [info ]: Started scheduling
20:35:53.799127 [info ]: Finished scheduling [  0.00s]
20:35:53.799136 [debug]: Compilation - 10 nodes selected: {"analysis.jaffle_shop.total_revenue", "model.jaffle_shop.all_dates", "model.jaffle_shop.dim_customers", "model.jaffle_shop.fct_orders", "model.jaffle_shop.int_orders__pivoted", "model.jaffle_shop.stg_customers", "model.jaffle_shop.stg_orders", "model.jaffle_shop.stg_page_views", "model.jaffle_shop.stg_payments", "snapshot.jaffle_shop.mock_orders"}
20:35:53.799597 [debug]:    Started downloading relations (1 items)
20:35:53.799650 [info ]: Finished loading project [  0.02s]
20:35:54.421530 [debug]: Query executed on node unknown:
SHOW OBJECTS IN SCHEMA "ANALYTICS"."DBT_JBONDOC" LIMIT 10000
20:35:54.421670 [debug]:   Finished [  0.62s] downloading relations (1 items)
20:35:54.438711 [info ]: Started building task graph
20:35:54.438797 [info ]: Finished building task graph [  0.00s]
20:35:54.462001 [info ]: Started rendering (10 nodes)
20:35:54.462020 [info ]: Started snapshot dbt_jbondoc_snapshot.mock_orders
20:35:54.462028 [debug]: Started rendering snapshot dbt_jbondoc_snapshot.mock_orders
20:35:54.462053 [info ]: Started model dbt_jbondoc.stg_page_views
20:35:54.462058 [debug]: Started rendering model dbt_jbondoc.stg_page_views
20:35:54.462063 [info ]: Started model dbt_jbondoc.int_orders__pivoted
20:35:54.462066 [debug]: Started rendering model dbt_jbondoc.int_orders__pivoted
20:35:54.462070 [info ]: Started model dbt_jbondoc.dim_customers
20:35:54.462073 [debug]: Started rendering model dbt_jbondoc.dim_customers
20:35:54.462077 [info ]: Started model dbt_jbondoc.stg_customers
20:35:54.462080 [debug]: Started rendering model dbt_jbondoc.stg_customers
20:35:54.462084 [info ]: Started model dbt_jbondoc.fct_orders
20:35:54.462088 [debug]: Started rendering model dbt_jbondoc.fct_orders
20:35:54.462093 [info ]: Started model dbt_jbondoc.stg_orders
20:35:54.462096 [debug]: Started rendering model dbt_jbondoc.stg_orders
20:35:54.462100 [info ]: Started model dbt_jbondoc.all_dates
20:35:54.462102 [debug]: Started rendering model dbt_jbondoc.all_dates
20:35:54.462107 [info ]: Started analysis dbt_jbondoc.total_revenue
20:35:54.462110 [debug]: Started rendering analysis dbt_jbondoc.total_revenue
20:35:54.462115 [info ]: Started model dbt_jbondoc.stg_payments
20:35:54.462118 [debug]: Started rendering model dbt_jbondoc.stg_payments
20:35:54.465411 [debug]: Compiled SQL for node snapshot.jaffle_shop.mock_orders at target/.lsp/compiled/jaffle_shop/snapshots/mock_orders.sql/mock_orders.sql
20:35:54.465501 [debug]: Finished rendering [  0.00s] snapshot dbt_jbondoc_snapshot.mock_orders [success]
20:35:54.465504 [debug]: Compiled SQL for node analysis.jaffle_shop.total_revenue at target/.lsp/compiled/jaffle_shop/analysis/total_revenue.sql
20:35:54.465538 [info ]: Started analyzing (9 nodes)
20:35:54.465534 [debug]: Compiled SQL for node model.jaffle_shop.stg_orders at target/.lsp/compiled/jaffle_shop/models/staging/jaffle_shop/stg_orders.sql
20:35:54.465544 [debug]: Started analyzing snapshot dbt_jbondoc_snapshot.mock_orders
20:35:54.465562 [debug]: Compiled SQL for node model.jaffle_shop.stg_customers at target/.lsp/compiled/jaffle_shop/models/staging/jaffle_shop/stg_customers.sql
20:35:54.465531 [debug]: Compiled SQL for node model.jaffle_shop.stg_page_views at target/.lsp/compiled/jaffle_shop/models/staging/snowplow/stg_page_views.sql
20:35:54.465615 [debug]: Finished rendering [  0.00s] model dbt_jbondoc.stg_orders [success]
20:35:54.465627 [debug]: Started analyzing model dbt_jbondoc.stg_orders
20:35:54.465642 [debug]: Finished rendering [  0.00s] analysis dbt_jbondoc.total_revenue [success]
20:35:54.465648 [info ]:  Succeeded [  0.00s] analysis dbt_jbondoc.total_revenue (analysis)
20:35:54.465648 [debug]: Compiled SQL for node model.jaffle_shop.stg_payments at target/.lsp/compiled/jaffle_shop/models/staging/stripe/stg_payments.sql
20:35:54.465660 [debug]: Finished rendering [  0.00s] model dbt_jbondoc.stg_customers [success]
20:35:54.465665 [debug]: Started analyzing model dbt_jbondoc.stg_customers
20:35:54.465671 [debug]: Finished rendering [  0.00s] model dbt_jbondoc.stg_page_views [success]
20:35:54.465676 [debug]: Started analyzing model dbt_jbondoc.stg_page_views
20:35:54.465677 [debug]: Compiled SQL for node model.jaffle_shop.fct_orders at target/.lsp/compiled/jaffle_shop/models/marts/core/fct_orders.sql
20:35:54.465711 [debug]: Compiled SQL for node model.jaffle_shop.int_orders__pivoted at target/.lsp/compiled/jaffle_shop/models/marts/core/int_orders__pivoted.sql
20:35:54.465717 [debug]: Compiled SQL for node model.jaffle_shop.dim_customers at target/.lsp/compiled/jaffle_shop/models/marts/core/dim_customers.sql
20:35:54.465735 [debug]: Finished rendering [  0.00s] model dbt_jbondoc.stg_payments [success]
20:35:54.465747 [debug]: Started analyzing model dbt_jbondoc.stg_payments
20:35:54.465762 [debug]: Finished rendering [  0.00s] model dbt_jbondoc.fct_orders [success]
20:35:54.465768 [debug]: Started analyzing model dbt_jbondoc.fct_orders
20:35:54.465775 [debug]: Finished rendering [  0.00s] model dbt_jbondoc.int_orders__pivoted [success]
20:35:54.465781 [debug]: Started analyzing model dbt_jbondoc.int_orders__pivoted
20:35:54.465788 [debug]: Finished rendering [  0.00s] model dbt_jbondoc.dim_customers [success]
20:35:54.465792 [debug]: Started analyzing model dbt_jbondoc.dim_customers
20:35:54.466096 [debug]: Finished analyzing [  0.00s] model dbt_jbondoc.stg_orders [success]
20:35:54.466109 [info ]:  Succeeded [  0.00s] model dbt_jbondoc.stg_orders (view)
20:35:54.466121 [debug]: Finished analyzing [  0.00s] snapshot dbt_jbondoc_snapshot.mock_orders [success]
20:35:54.466126 [info ]:  Succeeded [  0.00s] snapshot dbt_jbondoc_snapshot.mock_orders (snapshot)
20:35:54.466132 [debug]: Finished analyzing [  0.00s] model dbt_jbondoc.stg_customers [success]
20:35:54.466135 [info ]:  Succeeded [  0.00s] model dbt_jbondoc.stg_customers (view)
20:35:54.466140 [debug]: Finished analyzing [  0.00s] model dbt_jbondoc.stg_payments [success]
20:35:54.466144 [info ]:  Succeeded [  0.00s] model dbt_jbondoc.stg_payments (view)
20:35:54.466297 [debug]: Finished analyzing [  0.00s] model dbt_jbondoc.dim_customers [success]
20:35:54.466302 [info ]:  Succeeded [  0.00s] model dbt_jbondoc.dim_customers (table)
20:35:54.466308 [debug]: Finished analyzing [  0.00s] model dbt_jbondoc.fct_orders [success]
20:35:54.466311 [info ]:  Succeeded [  0.00s] model dbt_jbondoc.fct_orders (table)
20:35:54.466315 [debug]: Finished analyzing [  0.00s] model dbt_jbondoc.stg_page_views [success]
20:35:54.466319 [info ]:  Succeeded [  0.00s] model dbt_jbondoc.stg_page_views (incremental)
20:35:54.466367 [debug]: Finished analyzing [  0.00s] model dbt_jbondoc.int_orders__pivoted [success]
20:35:54.466374 [info ]:  Succeeded [  0.00s] model dbt_jbondoc.int_orders__pivoted (table)
20:35:55.629854 [debug]: Query executed on node model.jaffle_shop.all_dates:
select 

    datediff(
        day,
        to_date('01/01/2020', 'mm/dd/yyyy'),
        to_date('01/01/2021', 'mm/dd/yyyy')
        )
/* {"app": "dbt", "connection_name": "", "dbt_version": "2.0.0", "profile_name": "default", "target_name": "dev"} */
20:35:55.632073 [debug]: Compiled SQL for node model.jaffle_shop.all_dates at target/.lsp/compiled/jaffle_shop/models/all_dates.sql
20:35:55.632248 [debug]: Finished rendering [  1.17s] model dbt_jbondoc.all_dates [success]
20:35:55.632271 [info ]: Finished rendering [  1.17s] (10 nodes, 0 skipped, 0 errors)
20:35:55.632298 [debug]: Started analyzing model dbt_jbondoc.all_dates
20:35:55.635536 [debug]: Finished analyzing [  0.00s] model dbt_jbondoc.all_dates [success]
20:35:55.635553 [info ]: Finished analyzing [  1.17s] (9 nodes, 0 skipped, 0 errors)
20:35:55.635562 [info ]:  Succeeded [  1.17s] model dbt_jbondoc.all_dates (table)
20:35:55.639381 [info ]: Started scheduling
20:35:55.639446 [info ]: Finished scheduling [  0.00s]
20:35:55.639833 [info ]: Cached model count updated: 8 models (accurate)
20:52:47.117842 [info ]: Started loading project
20:52:47.118283 [info ]: Loading ~/.dbt/profiles.yml
20:52:47.124152 [info ]: Started loading project
20:52:47.124372 [info ]: Loading ~/.dbt/profiles.yml
20:52:47.124390 [info ]: Finished loading project [  0.01s]
20:52:47.218626 [info ]: Loading packages.yml
20:52:47.218711 [debug]:    Started loading packages
20:52:47.223310 [debug]:     Loaded [  0.00s] packages
20:52:47.223633 [info ]: Finished loading project [  0.10s]
20:52:47.223763 [info ]: Started parsing
20:52:47.251140 [debug]: Finished parsing models/staging/jaffle_shop/src_jaffle_shop.yml [  0.00s]
20:52:47.251520 [debug]: Finished parsing models/staging/jaffle_shop/stg_jaffle_shop.yml [  0.00s]
20:52:47.251737 [debug]: Finished parsing models/staging/snowplow/src_snowplow.yml [  0.00s]
20:52:47.251942 [debug]: Finished parsing models/staging/stripe/src_stripe.yml [  0.00s]
20:52:47.252949 [debug]: Finished parsing snapshots/mock_orders.sql [  0.00s]
20:52:47.253943 [debug]: Finished parsing models/all_dates.sql [  0.00s]
20:52:47.254304 [debug]: Finished parsing models/marts/core/dim_customers.sql [  0.00s]
20:52:47.254542 [debug]: Finished parsing models/marts/core/fct_orders.sql [  0.00s]
20:52:47.254867 [debug]: Finished parsing models/marts/core/int_orders__pivoted.sql [  0.00s]
20:52:47.255365 [debug]: Finished parsing models/staging/jaffle_shop/stg_customers.sql [  0.00s]
20:52:47.255652 [debug]: Finished parsing models/staging/jaffle_shop/stg_orders.sql [  0.00s]
20:52:47.256070 [debug]: Finished parsing models/staging/snowplow/stg_page_views.sql [  0.00s]
20:52:47.256390 [debug]: Finished parsing models/staging/stripe/stg_payments.sql [  0.00s]
20:52:47.258990 [debug]: Finished parsing analysis/total_revenue.sql [  0.00s]
20:52:47.259324 [debug]: Finished parsing tests/assert_positive_value_for_total_amount.sql [  0.00s]
20:52:47.259453 [debug]: Finished parsing tests/greater_than_five.sql [  0.00s]
20:52:47.299373 [info ]: Finished parsing [  0.08s]
20:52:47.300180 [info ]: Cached model count updated: 8 models (estimate)
20:52:47.300189 [info ]: Cached model count updated: 8 models (accurate)
20:52:47.300215 [info ]: Started scheduling
20:52:47.300260 [info ]: Finished scheduling [  0.00s]
20:52:47.300265 [debug]: Compilation - 0 nodes selected: {}
20:52:47.300281 [warn ]: [NoNodesForSelectionCriteria (dbt1092)]: The selection criterion '' does not match any enabled nodes
20:52:47.300296 [warn ]: [NoNodesSelected (dbt1601)]: Nothing to do. Try checking your model configs and model specification args
20:52:47.300301 [info ]: Started scheduling
20:52:47.300350 [info ]: Finished scheduling [  0.00s]
20:52:47.300447 [debug]: Initializing schema store with entry: Selected("snapshot.jaffle_shop.mock_orders") and interval: None
20:52:47.300459 [debug]: Initializing schema store with entry: Frontier(CanonicalFqn { catalog: "RAW", schema: "SNOWPLOW", table: "EVENTS" }) and interval: None
20:52:47.300465 [debug]: Initializing schema store with entry: Frontier(CanonicalFqn { catalog: "RAW", schema: "JAFFLE_SHOP", table: "CUSTOMERS" }) and interval: None
20:52:47.300470 [debug]: Initializing schema store with entry: Frontier(CanonicalFqn { catalog: "RAW", schema: "JAFFLE_SHOP", table: "ORDERS" }) and interval: None
20:52:47.300474 [debug]: Initializing schema store with entry: Frontier(CanonicalFqn { catalog: "RAW", schema: "STRIPE", table: "PAYMENT" }) and interval: None
20:52:47.314336 [info ]: Started building task graph
20:52:47.314369 [info ]: Finished building task graph [  0.00s]
20:52:47.348054 [info ]: Started scheduling
20:52:47.348090 [info ]: Finished scheduling [  0.00s]
20:52:47.349382 [info ]: Cached model count updated: 8 models (accurate)
20:52:48.528226 [info ]: Started loading project
20:52:48.528509 [info ]: Loading ~/.dbt/profiles.yml
20:52:48.542266 [info ]: Cached model count updated: 8 models (estimate)
20:52:48.542278 [info ]: Cached model count updated: 8 models (accurate)
20:52:48.542300 [info ]: Started scheduling
20:52:48.542358 [info ]: Finished scheduling [  0.00s]
20:52:48.542366 [debug]: Compilation - 10 nodes selected: {"analysis.jaffle_shop.total_revenue", "model.jaffle_shop.all_dates", "model.jaffle_shop.dim_customers", "model.jaffle_shop.fct_orders", "model.jaffle_shop.int_orders__pivoted", "model.jaffle_shop.stg_customers", "model.jaffle_shop.stg_orders", "model.jaffle_shop.stg_page_views", "model.jaffle_shop.stg_payments", "snapshot.jaffle_shop.mock_orders"}
20:52:48.542798 [debug]:    Started downloading relations (1 items)
20:52:48.542849 [info ]: Finished loading project [  0.01s]
20:52:49.295644 [debug]: Query executed on node unknown:
SHOW OBJECTS IN SCHEMA "ANALYTICS"."DBT_JBONDOC" LIMIT 10000
20:52:49.406853 [debug]:     Failed [  0.86s] downloading relations (error: Adapter operation was cancelled)
20:52:49.412917 [info ]: Cached model count updated: 8 models (accurate)
20:52:49.424683 [info ]: Started loading project
20:52:49.425010 [info ]: Loading ~/.dbt/profiles.yml
20:52:49.430089 [info ]: Started loading project
20:52:49.430316 [info ]: Loading ~/.dbt/profiles.yml
20:52:49.430334 [info ]: Finished loading project [  0.01s]
20:52:49.521140 [info ]: Loading packages.yml
20:52:49.521180 [debug]:    Started loading packages
20:52:49.525523 [debug]:     Loaded [  0.00s] packages
20:52:49.525830 [info ]: Finished loading project [  0.10s]
20:52:49.525933 [info ]: Started parsing
20:52:49.542198 [debug]: Finished parsing models/staging/jaffle_shop/src_jaffle_shop.yml [  0.00s]
20:52:49.542300 [debug]: Finished parsing models/staging/jaffle_shop/stg_jaffle_shop.yml [  0.00s]
20:52:49.542377 [debug]: Finished parsing models/staging/snowplow/src_snowplow.yml [  0.00s]
20:52:49.542441 [debug]: Finished parsing models/staging/stripe/src_stripe.yml [  0.00s]
20:52:49.543256 [debug]: Finished parsing snapshots/mock_orders.sql [  0.00s]
20:52:49.543859 [debug]: Finished parsing models/all_dates.sql [  0.00s]
20:52:49.544064 [debug]: Finished parsing models/marts/core/dim_customers.sql [  0.00s]
20:52:49.544239 [debug]: Finished parsing models/marts/core/fct_orders.sql [  0.00s]
20:52:49.544477 [debug]: Finished parsing models/marts/core/int_orders__pivoted.sql [  0.00s]
20:52:49.544677 [debug]: Finished parsing models/staging/jaffle_shop/stg_customers.sql [  0.00s]
20:52:49.544830 [debug]: Finished parsing models/staging/jaffle_shop/stg_orders.sql [  0.00s]
20:52:49.545078 [debug]: Finished parsing models/staging/snowplow/stg_page_views.sql [  0.00s]
20:52:49.545243 [debug]: Finished parsing models/staging/stripe/stg_payments.sql [  0.00s]
20:52:49.547422 [debug]: Finished parsing analysis/total_revenue.sql [  0.00s]
20:52:49.547585 [debug]: Finished parsing tests/assert_positive_value_for_total_amount.sql [  0.00s]
20:52:49.547728 [debug]: Finished parsing tests/greater_than_five.sql [  0.00s]
20:52:49.586049 [info ]: Finished parsing [  0.06s]
20:52:49.586702 [info ]: Cached model count updated: 8 models (estimate)
20:52:49.586709 [info ]: Cached model count updated: 8 models (accurate)
20:52:49.586727 [info ]: Started scheduling
20:52:49.586790 [info ]: Finished scheduling [  0.00s]
20:52:49.586796 [debug]: Compilation - 3 nodes selected: {"model.jaffle_shop.fct_orders", "model.jaffle_shop.stg_orders", "model.jaffle_shop.stg_payments"}
20:52:49.586805 [info ]: Started scheduling
20:52:49.586838 [info ]: Finished scheduling [  0.00s]
20:52:49.586862 [debug]: Initializing schema store with entry: Selected("snapshot.jaffle_shop.mock_orders") and interval: None
20:52:49.586870 [debug]: Initializing schema store with entry: Frontier(CanonicalFqn { catalog: "RAW", schema: "JAFFLE_SHOP", table: "CUSTOMERS" }) and interval: None
20:52:49.586875 [debug]: Initializing schema store with entry: Frontier(CanonicalFqn { catalog: "RAW", schema: "STRIPE", table: "PAYMENT" }) and interval: None
20:52:49.586880 [debug]: Initializing schema store with entry: Frontier(CanonicalFqn { catalog: "RAW", schema: "JAFFLE_SHOP", table: "ORDERS" }) and interval: None
20:52:49.586882 [debug]: Initializing schema store with entry: Frontier(CanonicalFqn { catalog: "RAW", schema: "SNOWPLOW", table: "EVENTS" }) and interval: None
20:52:49.600190 [info ]: Started building task graph
20:52:49.600235 [info ]: Finished building task graph [  0.00s]
20:52:49.621466 [info ]: Started rendering (3 nodes)
20:52:49.621479 [info ]: Started model dbt_jbondoc.fct_orders
20:52:49.621487 [debug]: Started rendering model dbt_jbondoc.fct_orders
20:52:49.621499 [info ]: Started model dbt_jbondoc.stg_payments
20:52:49.621504 [debug]: Started rendering model dbt_jbondoc.stg_payments
20:52:49.621508 [info ]: Started model dbt_jbondoc.stg_orders
20:52:49.621510 [debug]: Started rendering model dbt_jbondoc.stg_orders
20:52:49.624557 [debug]: Compiled SQL for node model.jaffle_shop.stg_payments at target/.lsp/compiled/jaffle_shop/models/staging/stripe/stg_payments.sql
20:52:49.624609 [debug]: Finished rendering [  0.00s] model dbt_jbondoc.stg_payments [success]
20:52:49.624631 [info ]: Started analyzing (3 nodes)
20:52:49.624637 [debug]: Started analyzing model dbt_jbondoc.stg_payments
20:52:49.625073 [debug]: Finished analyzing [  0.00s] model dbt_jbondoc.stg_payments [success]
20:52:49.625078 [info ]:  Succeeded [  0.00s] model dbt_jbondoc.stg_payments (view)
20:52:49.625823 [debug]: Compiled SQL for node model.jaffle_shop.stg_orders at target/.lsp/compiled/jaffle_shop/models/staging/jaffle_shop/stg_orders.sql
20:52:49.625831 [debug]: Compiled SQL for node model.jaffle_shop.fct_orders at target/.lsp/compiled/jaffle_shop/models/marts/core/fct_orders.sql
20:52:49.625870 [debug]: Finished rendering [  0.00s] model dbt_jbondoc.stg_orders [success]
20:52:49.625886 [debug]: Started analyzing model dbt_jbondoc.stg_orders
20:52:49.625894 [debug]: Finished rendering [  0.00s] model dbt_jbondoc.fct_orders [success]
20:52:49.625896 [info ]: Finished rendering [  0.00s] (3 nodes, 0 skipped, 0 errors)
20:52:49.625899 [debug]: Started analyzing model dbt_jbondoc.fct_orders
20:52:49.625938 [debug]: Finished analyzing [  0.00s] model dbt_jbondoc.stg_orders [success]
20:52:49.625942 [info ]:  Succeeded [  0.00s] model dbt_jbondoc.stg_orders (view)
20:52:49.626281 [debug]: Finished analyzing [  0.00s] model dbt_jbondoc.fct_orders [success]
20:52:49.626287 [info ]: Finished analyzing [  0.00s] (3 nodes, 0 skipped, 0 errors)
20:52:49.626289 [info ]:  Succeeded [  0.00s] model dbt_jbondoc.fct_orders (table)
20:52:49.627706 [info ]: Started scheduling
20:52:49.627734 [info ]: Finished scheduling [  0.00s]
20:52:49.628021 [info ]: Cached model count updated: 8 models (accurate)
20:52:50.812717 [info ]: Started loading project
20:52:50.813251 [info ]: Loading ~/.dbt/profiles.yml
20:52:50.834021 [info ]: Cached model count updated: 8 models (estimate)
20:52:50.834035 [info ]: Cached model count updated: 8 models (accurate)
20:52:50.834060 [info ]: Started scheduling
20:52:50.834137 [info ]: Finished scheduling [  0.00s]
20:52:50.834147 [debug]: Compilation - 10 nodes selected: {"analysis.jaffle_shop.total_revenue", "model.jaffle_shop.all_dates", "model.jaffle_shop.dim_customers", "model.jaffle_shop.fct_orders", "model.jaffle_shop.int_orders__pivoted", "model.jaffle_shop.stg_customers", "model.jaffle_shop.stg_orders", "model.jaffle_shop.stg_page_views", "model.jaffle_shop.stg_payments", "snapshot.jaffle_shop.mock_orders"}
20:52:50.834663 [debug]:    Started downloading relations (1 items)
20:52:50.834694 [info ]: Finished loading project [  0.02s]
20:52:51.932265 [debug]: Query executed on node unknown:
SHOW OBJECTS IN SCHEMA "ANALYTICS"."DBT_JBONDOC" LIMIT 10000
20:52:52.699274 [debug]:   Finished [  1.86s] downloading relations (1 items)
20:52:52.718489 [info ]: Started building task graph
20:52:52.718555 [info ]: Finished building task graph [  0.00s]
20:52:52.743359 [info ]: Started rendering (10 nodes)
20:52:52.743381 [info ]: Started snapshot dbt_jbondoc_snapshot.mock_orders
20:52:52.743388 [debug]: Started rendering snapshot dbt_jbondoc_snapshot.mock_orders
20:52:52.743403 [info ]: Started model dbt_jbondoc.stg_page_views
20:52:52.743407 [debug]: Started rendering model dbt_jbondoc.stg_page_views
20:52:52.743413 [info ]: Started model dbt_jbondoc.int_orders__pivoted
20:52:52.743416 [debug]: Started rendering model dbt_jbondoc.int_orders__pivoted
20:52:52.743421 [info ]: Started model dbt_jbondoc.dim_customers
20:52:52.743424 [debug]: Started rendering model dbt_jbondoc.dim_customers
20:52:52.743429 [info ]: Started model dbt_jbondoc.stg_customers
20:52:52.743432 [debug]: Started rendering model dbt_jbondoc.stg_customers
20:52:52.743437 [info ]: Started model dbt_jbondoc.fct_orders
20:52:52.743439 [debug]: Started rendering model dbt_jbondoc.fct_orders
20:52:52.743444 [info ]: Started model dbt_jbondoc.stg_orders
20:52:52.743449 [debug]: Started rendering model dbt_jbondoc.stg_orders
20:52:52.743454 [info ]: Started model dbt_jbondoc.all_dates
20:52:52.743458 [debug]: Started rendering model dbt_jbondoc.all_dates
20:52:52.743463 [info ]: Started analysis dbt_jbondoc.total_revenue
20:52:52.743467 [debug]: Started rendering analysis dbt_jbondoc.total_revenue
20:52:52.743471 [info ]: Started model dbt_jbondoc.stg_payments
20:52:52.743473 [debug]: Started rendering model dbt_jbondoc.stg_payments
20:52:52.743836 [debug]: Compiled SQL for node model.jaffle_shop.stg_payments at target/.lsp/compiled/jaffle_shop/models/staging/stripe/stg_payments.sql
20:52:52.743864 [debug]: Compiled SQL for node model.jaffle_shop.fct_orders at target/.lsp/compiled/jaffle_shop/models/marts/core/fct_orders.sql
20:52:52.743880 [debug]: Finished rendering [  0.00s] model dbt_jbondoc.stg_payments [success]
20:52:52.743905 [info ]: Started analyzing (9 nodes)
20:52:52.743912 [debug]: Started analyzing model dbt_jbondoc.stg_payments
20:52:52.743916 [debug]: Compiled SQL for node model.jaffle_shop.stg_orders at target/.lsp/compiled/jaffle_shop/models/staging/jaffle_shop/stg_orders.sql
20:52:52.743924 [debug]: Finished rendering [  0.00s] model dbt_jbondoc.fct_orders [success]
20:52:52.743930 [debug]: Started analyzing model dbt_jbondoc.fct_orders
20:52:52.743941 [debug]: Finished rendering [  0.00s] model dbt_jbondoc.stg_orders [success]
20:52:52.743946 [debug]: Started analyzing model dbt_jbondoc.stg_orders
20:52:52.744072 [debug]: Finished analyzing [  0.00s] model dbt_jbondoc.stg_payments [success]
20:52:52.744085 [info ]:  Succeeded [-------] model dbt_jbondoc.stg_payments (view)
20:52:52.744105 [debug]: Finished analyzing [  0.00s] model dbt_jbondoc.stg_orders [success]
20:52:52.744110 [info ]:  Succeeded [-------] model dbt_jbondoc.stg_orders (view)
20:52:52.744368 [debug]: Finished analyzing [  0.00s] model dbt_jbondoc.fct_orders [success]
20:52:52.744380 [info ]:  Succeeded [-------] model dbt_jbondoc.fct_orders (table)
20:52:52.744383 [debug]: Compiled SQL for node model.jaffle_shop.dim_customers at target/.lsp/compiled/jaffle_shop/models/marts/core/dim_customers.sql
20:52:52.744426 [debug]: Finished rendering [  0.00s] model dbt_jbondoc.dim_customers [success]
20:52:52.744436 [debug]: Started analyzing model dbt_jbondoc.dim_customers
20:52:52.744467 [debug]: Compiled SQL for node analysis.jaffle_shop.total_revenue at target/.lsp/compiled/jaffle_shop/analysis/total_revenue.sql
20:52:52.744478 [debug]: Compiled SQL for node model.jaffle_shop.int_orders__pivoted at target/.lsp/compiled/jaffle_shop/models/marts/core/int_orders__pivoted.sql
20:52:52.744487 [debug]: Compiled SQL for node snapshot.jaffle_shop.mock_orders at target/.lsp/compiled/jaffle_shop/snapshots/mock_orders.sql/mock_orders.sql
20:52:52.744523 [debug]: Finished rendering [  0.00s] analysis dbt_jbondoc.total_revenue [success]
20:52:52.744527 [debug]: Compiled SQL for node model.jaffle_shop.stg_customers at target/.lsp/compiled/jaffle_shop/models/staging/jaffle_shop/stg_customers.sql
20:52:52.744538 [info ]:  Succeeded [  0.00s] analysis dbt_jbondoc.total_revenue (analysis)
20:52:52.744552 [debug]: Finished rendering [  0.00s] snapshot dbt_jbondoc_snapshot.mock_orders [success]
20:52:52.744568 [debug]: Started analyzing snapshot dbt_jbondoc_snapshot.mock_orders
20:52:52.744584 [debug]: Finished rendering [  0.00s] model dbt_jbondoc.int_orders__pivoted [success]
20:52:52.744591 [debug]: Started analyzing model dbt_jbondoc.int_orders__pivoted
20:52:52.744605 [debug]: Finished rendering [  0.00s] model dbt_jbondoc.stg_customers [success]
20:52:52.744614 [debug]: Started analyzing model dbt_jbondoc.stg_customers
20:52:52.744645 [debug]: Finished analyzing [  0.00s] snapshot dbt_jbondoc_snapshot.mock_orders [success]
20:52:52.744655 [info ]:  Succeeded [  0.00s] snapshot dbt_jbondoc_snapshot.mock_orders (snapshot)
20:52:52.744695 [debug]: Finished analyzing [  0.00s] model dbt_jbondoc.stg_customers [success]
20:52:52.744702 [info ]:  Succeeded [  0.00s] model dbt_jbondoc.stg_customers (view)
20:52:52.744766 [debug]: Compiled SQL for node model.jaffle_shop.stg_page_views at target/.lsp/compiled/jaffle_shop/models/staging/snowplow/stg_page_views.sql
20:52:52.744794 [debug]: Finished analyzing [  0.00s] model dbt_jbondoc.dim_customers [success]
20:52:52.744804 [info ]:  Succeeded [-------] model dbt_jbondoc.dim_customers (table)
20:52:52.744819 [debug]: Finished rendering [  0.00s] model dbt_jbondoc.stg_page_views [success]
20:52:52.744828 [debug]: Started analyzing model dbt_jbondoc.stg_page_views
20:52:52.744922 [debug]: Finished analyzing [  0.00s] model dbt_jbondoc.int_orders__pivoted [success]
20:52:52.744930 [info ]:  Succeeded [  0.00s] model dbt_jbondoc.int_orders__pivoted (table)
20:52:52.745083 [debug]: Finished analyzing [  0.00s] model dbt_jbondoc.stg_page_views [success]
20:52:52.745088 [info ]:  Succeeded [  0.00s] model dbt_jbondoc.stg_page_views (incremental)
20:52:52.880639 [debug]: Query executed on node model.jaffle_shop.all_dates:
select 

    datediff(
        day,
        to_date('01/01/2020', 'mm/dd/yyyy'),
        to_date('01/01/2021', 'mm/dd/yyyy')
        )
/* {"app": "dbt", "connection_name": "", "dbt_version": "2.0.0", "profile_name": "default", "target_name": "dev"} */
20:52:52.883496 [debug]: Compiled SQL for node model.jaffle_shop.all_dates at target/.lsp/compiled/jaffle_shop/models/all_dates.sql
20:52:52.883570 [debug]: Finished rendering [  0.14s] model dbt_jbondoc.all_dates [success]
20:52:52.883580 [info ]: Finished rendering [  0.14s] (10 nodes, 0 skipped, 0 errors)
20:52:52.883593 [debug]: Started analyzing model dbt_jbondoc.all_dates
20:52:52.885280 [debug]: Finished analyzing [  0.00s] model dbt_jbondoc.all_dates [success]
20:52:52.885289 [info ]: Finished analyzing [  0.14s] (9 nodes, 0 skipped, 0 errors)
20:52:52.885294 [info ]:  Succeeded [  0.14s] model dbt_jbondoc.all_dates (table)
20:52:52.886979 [info ]: Started scheduling
20:52:52.887013 [info ]: Finished scheduling [  0.00s]
20:52:52.887191 [info ]: Cached model count updated: 8 models (accurate)
20:52:54.292400 [info ]: Started loading project
20:52:54.292844 [info ]: Loading ~/.dbt/profiles.yml
20:52:54.298586 [info ]: Started loading project
20:52:54.298837 [info ]: Loading ~/.dbt/profiles.yml
20:52:54.298856 [info ]: Finished loading project [  0.01s]
20:52:54.397426 [info ]: Loading packages.yml
20:52:54.397466 [debug]:    Started loading packages
20:52:54.401628 [debug]:     Loaded [  0.00s] packages
20:52:54.401936 [info ]: Finished loading project [  0.10s]
20:52:54.402037 [info ]: Started parsing
20:52:54.418340 [debug]: Finished parsing models/staging/jaffle_shop/src_jaffle_shop.yml [  0.00s]
20:52:54.418453 [debug]: Finished parsing models/staging/jaffle_shop/stg_jaffle_shop.yml [  0.00s]
20:52:54.418535 [debug]: Finished parsing models/staging/snowplow/src_snowplow.yml [  0.00s]
20:52:54.418597 [debug]: Finished parsing models/staging/stripe/src_stripe.yml [  0.00s]
20:52:54.419365 [debug]: Finished parsing snapshots/mock_orders.sql [  0.00s]
20:52:54.420037 [debug]: Finished parsing models/all_dates.sql [  0.00s]
20:52:54.420250 [debug]: Finished parsing models/marts/core/dim_customers.sql [  0.00s]
20:52:54.420434 [debug]: Finished parsing models/marts/core/fct_orders.sql [  0.00s]
20:52:54.420654 [debug]: Finished parsing models/marts/core/int_orders__pivoted.sql [  0.00s]
20:52:54.420826 [debug]: Finished parsing models/staging/jaffle_shop/stg_customers.sql [  0.00s]
20:52:54.421008 [debug]: Finished parsing models/staging/jaffle_shop/stg_orders.sql [  0.00s]
20:52:54.421238 [debug]: Finished parsing models/staging/snowplow/stg_page_views.sql [  0.00s]
20:52:54.421398 [debug]: Finished parsing models/staging/stripe/stg_payments.sql [  0.00s]
20:52:54.423656 [debug]: Finished parsing analysis/total_revenue.sql [  0.00s]
20:52:54.423821 [debug]: Finished parsing tests/assert_positive_value_for_total_amount.sql [  0.00s]
20:52:54.423989 [debug]: Finished parsing tests/greater_than_five.sql [  0.00s]
20:52:54.464298 [info ]: Finished parsing [  0.06s]
20:52:54.465018 [info ]: Cached model count updated: 8 models (estimate)
20:52:54.465028 [info ]: Cached model count updated: 8 models (accurate)
20:52:54.465050 [info ]: Started scheduling
20:52:54.465108 [info ]: Finished scheduling [  0.00s]
20:52:54.465113 [debug]: Compilation - 3 nodes selected: {"model.jaffle_shop.fct_orders", "model.jaffle_shop.stg_orders", "model.jaffle_shop.stg_payments"}
20:52:54.465122 [info ]: Started scheduling
20:52:54.465156 [info ]: Finished scheduling [  0.00s]
20:52:54.465181 [debug]: Initializing schema store with entry: Selected("snapshot.jaffle_shop.mock_orders") and interval: None
20:52:54.465191 [debug]: Initializing schema store with entry: Frontier(CanonicalFqn { catalog: "RAW", schema: "SNOWPLOW", table: "EVENTS" }) and interval: None
20:52:54.465195 [debug]: Initializing schema store with entry: Frontier(CanonicalFqn { catalog: "RAW", schema: "STRIPE", table: "PAYMENT" }) and interval: None
20:52:54.465199 [debug]: Initializing schema store with entry: Frontier(CanonicalFqn { catalog: "RAW", schema: "JAFFLE_SHOP", table: "CUSTOMERS" }) and interval: None
20:52:54.465203 [debug]: Initializing schema store with entry: Frontier(CanonicalFqn { catalog: "RAW", schema: "JAFFLE_SHOP", table: "ORDERS" }) and interval: None
20:52:54.479322 [info ]: Started building task graph
20:52:54.479389 [info ]: Finished building task graph [  0.00s]
20:52:54.502692 [info ]: Started rendering (3 nodes)
20:52:54.502706 [info ]: Started model dbt_jbondoc.fct_orders
20:52:54.502712 [debug]: Started rendering model dbt_jbondoc.fct_orders
20:52:54.502727 [info ]: Started model dbt_jbondoc.stg_payments
20:52:54.502732 [debug]: Started rendering model dbt_jbondoc.stg_payments
20:52:54.502737 [info ]: Started model dbt_jbondoc.stg_orders
20:52:54.502739 [debug]: Started rendering model dbt_jbondoc.stg_orders
20:52:54.503367 [debug]: Compiled SQL for node model.jaffle_shop.fct_orders at target/.lsp/compiled/jaffle_shop/models/marts/core/fct_orders.sql
20:52:54.503371 [debug]: Compiled SQL for node model.jaffle_shop.stg_payments at target/.lsp/compiled/jaffle_shop/models/staging/stripe/stg_payments.sql
20:52:54.503374 [debug]: Compiled SQL for node model.jaffle_shop.stg_orders at target/.lsp/compiled/jaffle_shop/models/staging/jaffle_shop/stg_orders.sql
20:52:54.503425 [debug]: Finished rendering [  0.00s] model dbt_jbondoc.fct_orders [success]
20:52:54.503439 [info ]: Started analyzing (3 nodes)
20:52:54.503442 [debug]: Started analyzing model dbt_jbondoc.fct_orders
20:52:54.503451 [debug]: Finished rendering [  0.00s] model dbt_jbondoc.stg_payments [success]
20:52:54.503457 [debug]: Started analyzing model dbt_jbondoc.stg_payments
20:52:54.503463 [debug]: Finished rendering [  0.00s] model dbt_jbondoc.stg_orders [success]
20:52:54.503465 [info ]: Finished rendering [  0.00s] (3 nodes, 0 skipped, 0 errors)
20:52:54.503469 [debug]: Started analyzing model dbt_jbondoc.stg_orders
20:52:54.503557 [debug]: Finished analyzing [  0.00s] model dbt_jbondoc.stg_orders [success]
20:52:54.503562 [info ]:  Succeeded [-------] model dbt_jbondoc.stg_orders (view)
20:52:54.503568 [debug]: Finished analyzing [  0.00s] model dbt_jbondoc.stg_payments [success]
20:52:54.503571 [info ]:  Succeeded [-------] model dbt_jbondoc.stg_payments (view)
20:52:54.503713 [debug]: Finished analyzing [  0.00s] model dbt_jbondoc.fct_orders [success]
20:52:54.503718 [info ]: Finished analyzing [  0.00s] (3 nodes, 0 skipped, 0 errors)
20:52:54.503721 [info ]:  Succeeded [-------] model dbt_jbondoc.fct_orders (table)
20:52:54.505109 [info ]: Started scheduling
20:52:54.505134 [info ]: Finished scheduling [  0.00s]
20:52:54.505445 [info ]: Cached model count updated: 8 models (accurate)
20:52:55.684834 [info ]: Started loading project
20:52:55.685409 [info ]: Loading ~/.dbt/profiles.yml
20:52:55.709376 [info ]: Cached model count updated: 8 models (estimate)
20:52:55.709406 [info ]: Cached model count updated: 8 models (accurate)
20:52:55.709449 [info ]: Started scheduling
20:52:55.709569 [info ]: Finished scheduling [  0.00s]
20:52:55.709585 [debug]: Compilation - 10 nodes selected: {"analysis.jaffle_shop.total_revenue", "model.jaffle_shop.all_dates", "model.jaffle_shop.dim_customers", "model.jaffle_shop.fct_orders", "model.jaffle_shop.int_orders__pivoted", "model.jaffle_shop.stg_customers", "model.jaffle_shop.stg_orders", "model.jaffle_shop.stg_page_views", "model.jaffle_shop.stg_payments", "snapshot.jaffle_shop.mock_orders"}
20:52:55.710574 [debug]:    Started downloading relations (1 items)
20:52:55.710634 [info ]: Finished loading project [  0.03s]
20:52:55.910943 [debug]: Query executed on node unknown:
SHOW OBJECTS IN SCHEMA "ANALYTICS"."DBT_JBONDOC" LIMIT 10000
20:52:55.911232 [debug]:   Finished [  0.20s] downloading relations (1 items)
20:52:55.934519 [info ]: Started building task graph
20:52:55.934614 [info ]: Finished building task graph [  0.00s]
20:52:55.965485 [info ]: Started rendering (10 nodes)
20:52:55.965503 [info ]: Started snapshot dbt_jbondoc_snapshot.mock_orders
20:52:55.965513 [debug]: Started rendering snapshot dbt_jbondoc_snapshot.mock_orders
20:52:55.965537 [info ]: Started model dbt_jbondoc.stg_page_views
20:52:55.965542 [debug]: Started rendering model dbt_jbondoc.stg_page_views
20:52:55.965550 [info ]: Started model dbt_jbondoc.int_orders__pivoted
20:52:55.965554 [debug]: Started rendering model dbt_jbondoc.int_orders__pivoted
20:52:55.965560 [info ]: Started model dbt_jbondoc.dim_customers
20:52:55.965565 [debug]: Started rendering model dbt_jbondoc.dim_customers
20:52:55.965572 [info ]: Started model dbt_jbondoc.stg_customers
20:52:55.965577 [debug]: Started rendering model dbt_jbondoc.stg_customers
20:52:55.965585 [info ]: Started model dbt_jbondoc.fct_orders
20:52:55.965590 [debug]: Started rendering model dbt_jbondoc.fct_orders
20:52:55.965597 [info ]: Started model dbt_jbondoc.stg_orders
20:52:55.965606 [debug]: Started rendering model dbt_jbondoc.stg_orders
20:52:55.965611 [info ]: Started model dbt_jbondoc.all_dates
20:52:55.965615 [debug]: Started rendering model dbt_jbondoc.all_dates
20:52:55.965622 [info ]: Started analysis dbt_jbondoc.total_revenue
20:52:55.965625 [debug]: Started rendering analysis dbt_jbondoc.total_revenue
20:52:55.965633 [info ]: Started model dbt_jbondoc.stg_payments
20:52:55.965638 [debug]: Started rendering model dbt_jbondoc.stg_payments
20:52:55.966063 [debug]: Compiled SQL for node model.jaffle_shop.stg_orders at target/.lsp/compiled/jaffle_shop/models/staging/jaffle_shop/stg_orders.sql
20:52:55.966088 [debug]: Compiled SQL for node model.jaffle_shop.fct_orders at target/.lsp/compiled/jaffle_shop/models/marts/core/fct_orders.sql
20:52:55.966175 [debug]: Finished rendering [  0.00s] model dbt_jbondoc.stg_orders [success]
20:52:55.966215 [info ]: Started analyzing (9 nodes)
20:52:55.966223 [debug]: Started analyzing model dbt_jbondoc.stg_orders
20:52:55.966229 [debug]: Compiled SQL for node model.jaffle_shop.stg_payments at target/.lsp/compiled/jaffle_shop/models/staging/stripe/stg_payments.sql
20:52:55.966239 [debug]: Finished rendering [  0.00s] model dbt_jbondoc.fct_orders [success]
20:52:55.966251 [debug]: Started analyzing model dbt_jbondoc.fct_orders
20:52:55.966309 [debug]: Finished rendering [  0.00s] model dbt_jbondoc.stg_payments [success]
20:52:55.966341 [debug]: Started analyzing model dbt_jbondoc.stg_payments
20:52:55.966500 [debug]: Finished analyzing [  0.00s] model dbt_jbondoc.stg_orders [success]
20:52:55.966509 [info ]:  Succeeded [-------] model dbt_jbondoc.stg_orders (view)
20:52:55.966521 [debug]: Finished analyzing [  0.00s] model dbt_jbondoc.stg_payments [success]
20:52:55.966528 [info ]:  Succeeded [-------] model dbt_jbondoc.stg_payments (view)
20:52:55.966800 [debug]: Finished analyzing [  0.00s] model dbt_jbondoc.fct_orders [success]
20:52:55.966813 [info ]:  Succeeded [-------] model dbt_jbondoc.fct_orders (table)
20:52:55.966892 [debug]: Compiled SQL for node snapshot.jaffle_shop.mock_orders at target/.lsp/compiled/jaffle_shop/snapshots/mock_orders.sql/mock_orders.sql
20:52:55.966973 [debug]: Finished rendering [  0.00s] snapshot dbt_jbondoc_snapshot.mock_orders [success]
20:52:55.967010 [debug]: Started analyzing snapshot dbt_jbondoc_snapshot.mock_orders
20:52:55.967024 [debug]: Compiled SQL for node model.jaffle_shop.stg_customers at target/.lsp/compiled/jaffle_shop/models/staging/jaffle_shop/stg_customers.sql
20:52:55.967026 [debug]: Compiled SQL for node analysis.jaffle_shop.total_revenue at target/.lsp/compiled/jaffle_shop/analysis/total_revenue.sql
20:52:55.967027 [debug]: Compiled SQL for node model.jaffle_shop.dim_customers at target/.lsp/compiled/jaffle_shop/models/marts/core/dim_customers.sql
20:52:55.967058 [debug]: Compiled SQL for node model.jaffle_shop.stg_page_views at target/.lsp/compiled/jaffle_shop/models/staging/snowplow/stg_page_views.sql
20:52:55.967077 [debug]: Compiled SQL for node model.jaffle_shop.int_orders__pivoted at target/.lsp/compiled/jaffle_shop/models/marts/core/int_orders__pivoted.sql
20:52:55.967083 [debug]: Finished rendering [  0.00s] analysis dbt_jbondoc.total_revenue [success]
20:52:55.967130 [info ]:  Succeeded [  0.00s] analysis dbt_jbondoc.total_revenue (analysis)
20:52:55.967146 [debug]: Finished rendering [  0.00s] model dbt_jbondoc.dim_customers [success]
20:52:55.967154 [debug]: Started analyzing model dbt_jbondoc.dim_customers
20:52:55.967166 [debug]: Finished rendering [  0.00s] model dbt_jbondoc.stg_customers [success]
20:52:55.967170 [debug]: Started analyzing model dbt_jbondoc.stg_customers
20:52:55.967178 [debug]: Finished rendering [  0.00s] model dbt_jbondoc.stg_page_views [success]
20:52:55.967184 [debug]: Started analyzing model dbt_jbondoc.stg_page_views
20:52:55.967191 [debug]: Finished analyzing [  0.00s] snapshot dbt_jbondoc_snapshot.mock_orders [success]
20:52:55.967196 [info ]:  Succeeded [  0.00s] snapshot dbt_jbondoc_snapshot.mock_orders (snapshot)
20:52:55.967205 [debug]: Finished rendering [  0.00s] model dbt_jbondoc.int_orders__pivoted [success]
20:52:55.967210 [debug]: Started analyzing model dbt_jbondoc.int_orders__pivoted
20:52:55.967300 [debug]: Finished analyzing [  0.00s] model dbt_jbondoc.stg_customers [success]
20:52:55.967315 [info ]:  Succeeded [  0.00s] model dbt_jbondoc.stg_customers (view)
20:52:55.967403 [debug]: Finished analyzing [  0.00s] model dbt_jbondoc.dim_customers [success]
20:52:55.967414 [info ]:  Succeeded [  0.00s] model dbt_jbondoc.dim_customers (table)
20:52:55.967456 [debug]: Finished analyzing [  0.00s] model dbt_jbondoc.stg_page_views [success]
20:52:55.967464 [info ]:  Succeeded [  0.00s] model dbt_jbondoc.stg_page_views (incremental)
20:52:55.967530 [debug]: Finished analyzing [  0.00s] model dbt_jbondoc.int_orders__pivoted [success]
20:52:55.967535 [info ]:  Succeeded [  0.00s] model dbt_jbondoc.int_orders__pivoted (table)
20:52:57.238186 [debug]: Query executed on node model.jaffle_shop.all_dates:
select 

    datediff(
        day,
        to_date('01/01/2020', 'mm/dd/yyyy'),
        to_date('01/01/2021', 'mm/dd/yyyy')
        )
/* {"app": "dbt", "connection_name": "", "dbt_version": "2.0.0", "profile_name": "default", "target_name": "dev"} */
20:52:57.239168 [debug]: Compiled SQL for node model.jaffle_shop.all_dates at target/.lsp/compiled/jaffle_shop/models/all_dates.sql
20:52:57.239281 [debug]: Finished rendering [  1.27s] model dbt_jbondoc.all_dates [success]
20:52:57.239297 [info ]: Finished rendering [  1.27s] (10 nodes, 0 skipped, 0 errors)
20:52:57.239323 [debug]: Started analyzing model dbt_jbondoc.all_dates
20:52:57.241036 [debug]: Finished analyzing [  0.00s] model dbt_jbondoc.all_dates [success]
20:52:57.241043 [info ]: Finished analyzing [  1.27s] (9 nodes, 0 skipped, 0 errors)
20:52:57.241047 [info ]:  Succeeded [  1.27s] model dbt_jbondoc.all_dates (table)
20:52:57.242733 [info ]: Started scheduling
20:52:57.242762 [info ]: Finished scheduling [  0.00s]
20:52:57.242968 [info ]: Cached model count updated: 8 models (accurate)
20:57:27.142724 [info ]: Started loading project
20:57:27.143340 [info ]: Loading ~/.dbt/profiles.yml
20:57:27.168583 [info ]: Finished loading project [  0.03s]
20:57:27.168592 [info ]: Cached model count updated: 8 models (accurate)
20:57:28.346328 [info ]: Started loading project
20:57:28.346765 [info ]: Loading ~/.dbt/profiles.yml
20:57:28.365011 [info ]: Cached model count updated: 8 models (estimate)
20:57:28.365024 [info ]: Cached model count updated: 8 models (accurate)
20:57:28.365086 [info ]: Started scheduling
20:57:28.365188 [info ]: Finished scheduling [  0.00s]
20:57:28.365200 [debug]: Compilation - 10 nodes selected: {"analysis.jaffle_shop.total_revenue", "model.jaffle_shop.all_dates", "model.jaffle_shop.dim_customers", "model.jaffle_shop.fct_orders", "model.jaffle_shop.int_orders__pivoted", "model.jaffle_shop.stg_customers", "model.jaffle_shop.stg_orders", "model.jaffle_shop.stg_page_views", "model.jaffle_shop.stg_payments", "snapshot.jaffle_shop.mock_orders"}
20:57:28.366128 [debug]:    Started downloading relations (1 items)
20:57:28.366178 [info ]: Finished loading project [  0.02s]
20:57:28.809098 [debug]: Query executed on node unknown:
SHOW OBJECTS IN SCHEMA "ANALYTICS"."DBT_JBONDOC" LIMIT 10000
20:57:28.809283 [debug]:   Finished [  0.44s] downloading relations (1 items)
20:57:28.836190 [info ]: Started building task graph
20:57:28.836283 [info ]: Finished building task graph [  0.00s]
20:57:28.869063 [info ]: Started rendering (10 nodes)
20:57:28.869082 [info ]: Started snapshot dbt_jbondoc_snapshot.mock_orders
20:57:28.869089 [debug]: Started rendering snapshot dbt_jbondoc_snapshot.mock_orders
20:57:28.869105 [info ]: Started model dbt_jbondoc.stg_page_views
20:57:28.869109 [debug]: Started rendering model dbt_jbondoc.stg_page_views
20:57:28.869113 [info ]: Started model dbt_jbondoc.int_orders__pivoted
20:57:28.869116 [debug]: Started rendering model dbt_jbondoc.int_orders__pivoted
20:57:28.869120 [info ]: Started model dbt_jbondoc.dim_customers
20:57:28.869123 [debug]: Started rendering model dbt_jbondoc.dim_customers
20:57:28.869127 [info ]: Started model dbt_jbondoc.stg_customers
20:57:28.869129 [debug]: Started rendering model dbt_jbondoc.stg_customers
20:57:28.869134 [info ]: Started model dbt_jbondoc.fct_orders
20:57:28.869136 [debug]: Started rendering model dbt_jbondoc.fct_orders
20:57:28.869139 [info ]: Started model dbt_jbondoc.stg_orders
20:57:28.869141 [debug]: Started rendering model dbt_jbondoc.stg_orders
20:57:28.869144 [info ]: Started model dbt_jbondoc.all_dates
20:57:28.869146 [debug]: Started rendering model dbt_jbondoc.all_dates
20:57:28.869152 [info ]: Started analysis dbt_jbondoc.total_revenue
20:57:28.869154 [debug]: Started rendering analysis dbt_jbondoc.total_revenue
20:57:28.869160 [info ]: Started model dbt_jbondoc.stg_payments
20:57:28.869162 [debug]: Started rendering model dbt_jbondoc.stg_payments
20:57:28.869986 [debug]: Compiled SQL for node snapshot.jaffle_shop.mock_orders at target/.lsp/compiled/jaffle_shop/snapshots/mock_orders.sql/mock_orders.sql
20:57:28.870137 [debug]: Finished rendering [  0.00s] snapshot dbt_jbondoc_snapshot.mock_orders [success]
20:57:28.870198 [info ]: Started analyzing (9 nodes)
20:57:28.870263 [debug]: Compiled SQL for node model.jaffle_shop.stg_page_views at target/.lsp/compiled/jaffle_shop/models/staging/snowplow/stg_page_views.sql
20:57:28.870268 [debug]: Started analyzing snapshot dbt_jbondoc_snapshot.mock_orders
20:57:28.870296 [debug]: Compiled SQL for node model.jaffle_shop.fct_orders at target/.lsp/compiled/jaffle_shop/models/marts/core/fct_orders.sql
20:57:28.870300 [debug]: Compiled SQL for node model.jaffle_shop.stg_payments at target/.lsp/compiled/jaffle_shop/models/staging/stripe/stg_payments.sql
20:57:28.870316 [debug]: Compiled SQL for node model.jaffle_shop.stg_customers at target/.lsp/compiled/jaffle_shop/models/staging/jaffle_shop/stg_customers.sql
20:57:28.870333 [debug]: Finished rendering [  0.00s] model dbt_jbondoc.stg_page_views [success]
20:57:28.870345 [debug]: Started analyzing model dbt_jbondoc.stg_page_views
20:57:28.870345 [debug]: Compiled SQL for node model.jaffle_shop.dim_customers at target/.lsp/compiled/jaffle_shop/models/marts/core/dim_customers.sql
20:57:28.870353 [debug]: Started analyzing model dbt_jbondoc.fct_orders
20:57:28.870357 [debug]: Finished rendering [  0.00s] model dbt_jbondoc.stg_payments [success]
20:57:28.870360 [debug]: Started analyzing model dbt_jbondoc.stg_payments
20:57:28.870365 [debug]: Finished rendering [  0.00s] model dbt_jbondoc.stg_customers [success]
20:57:28.870368 [debug]: Started analyzing model dbt_jbondoc.stg_customers
20:57:28.870396 [debug]: Finished rendering [  0.00s] model dbt_jbondoc.fct_orders [success]
20:57:28.870431 [debug]: Finished rendering [  0.00s] model dbt_jbondoc.dim_customers [success]
20:57:28.870439 [debug]: Started analyzing model dbt_jbondoc.dim_customers
20:57:28.870446 [debug]: Compiled SQL for node model.jaffle_shop.all_dates at target/.lsp/compiled/jaffle_shop/models/all_dates.sql
20:57:28.870503 [debug]: Finished rendering [  0.00s] model dbt_jbondoc.all_dates [success]
20:57:28.870510 [debug]: Started analyzing model dbt_jbondoc.all_dates
20:57:28.870512 [debug]: Compiled SQL for node model.jaffle_shop.stg_orders at target/.lsp/compiled/jaffle_shop/models/staging/jaffle_shop/stg_orders.sql
20:57:28.870616 [debug]: Compiled SQL for node analysis.jaffle_shop.total_revenue at target/.lsp/compiled/jaffle_shop/analysis/total_revenue.sql
20:57:28.870731 [debug]: Finished rendering [  0.00s] model dbt_jbondoc.stg_orders [success]
20:57:28.870616 [debug]: Compiled SQL for node model.jaffle_shop.int_orders__pivoted at target/.lsp/compiled/jaffle_shop/models/marts/core/int_orders__pivoted.sql
20:57:28.870747 [debug]: Started analyzing model dbt_jbondoc.stg_orders
20:57:28.870766 [debug]: Finished rendering [  0.00s] model dbt_jbondoc.int_orders__pivoted [success]
20:57:28.870775 [debug]: Started analyzing model dbt_jbondoc.int_orders__pivoted
20:57:28.870786 [debug]: Finished rendering [  0.00s] analysis dbt_jbondoc.total_revenue [success]
20:57:28.870792 [info ]: Finished rendering [  0.00s] (10 nodes, 0 skipped, 0 errors)
20:57:28.870796 [info ]:  Succeeded [  0.00s] analysis dbt_jbondoc.total_revenue (analysis)
20:57:28.871895 [debug]: Finished analyzing [  0.00s] model dbt_jbondoc.stg_payments [success]
20:57:28.871913 [info ]:  Succeeded [  0.00s] model dbt_jbondoc.stg_payments (view)
20:57:28.871921 [debug]: Finished analyzing [  0.00s] snapshot dbt_jbondoc_snapshot.mock_orders [success]
20:57:28.871925 [info ]:  Succeeded [  0.00s] snapshot dbt_jbondoc_snapshot.mock_orders (snapshot)
20:57:28.872122 [debug]: Finished analyzing [  0.00s] model dbt_jbondoc.stg_customers [success]
20:57:28.872128 [info ]:  Succeeded [  0.00s] model dbt_jbondoc.stg_customers (view)
20:57:28.872133 [debug]: Finished analyzing [  0.00s] model dbt_jbondoc.stg_orders [success]
20:57:28.872135 [info ]:  Succeeded [  0.00s] model dbt_jbondoc.stg_orders (view)
20:57:28.872533 [debug]: Finished analyzing [  0.00s] model dbt_jbondoc.fct_orders [success]
20:57:28.872538 [info ]:  Succeeded [  0.00s] model dbt_jbondoc.fct_orders (table)
20:57:28.872715 [debug]: Finished analyzing [  0.00s] model dbt_jbondoc.dim_customers [success]
20:57:28.872720 [info ]:  Succeeded [  0.00s] model dbt_jbondoc.dim_customers (table)
20:57:28.872726 [debug]: Finished analyzing [  0.00s] model dbt_jbondoc.stg_page_views [success]
20:57:28.872729 [info ]:  Succeeded [  0.00s] model dbt_jbondoc.stg_page_views (incremental)
20:57:28.872733 [debug]: Finished analyzing [  0.00s] model dbt_jbondoc.int_orders__pivoted [success]
20:57:28.872736 [info ]:  Succeeded [  0.00s] model dbt_jbondoc.int_orders__pivoted (table)
20:57:28.874017 [debug]: Finished analyzing [  0.00s] model dbt_jbondoc.all_dates [success]
20:57:28.874021 [info ]: Finished analyzing [  0.00s] (9 nodes, 0 skipped, 0 errors)
20:57:28.874024 [info ]:  Succeeded [  0.00s] model dbt_jbondoc.all_dates (table)
20:57:28.875898 [info ]: Started scheduling
20:57:28.875931 [info ]: Finished scheduling [  0.00s]
20:57:28.876113 [info ]: Cached model count updated: 8 models (accurate)
20:57:34.691198 [info ]: Started loading project
20:57:34.691749 [info ]: Loading ~/.dbt/profiles.yml
20:57:34.706389 [info ]: Cached model count updated: 8 models (accurate)
20:57:34.706398 [info ]: Finished loading project [  0.02s]
20:57:35.886423 [info ]: Started loading project
20:57:35.887019 [info ]: Loading ~/.dbt/profiles.yml
20:57:35.909422 [info ]: Cached model count updated: 8 models (estimate)
20:57:35.909450 [info ]: Cached model count updated: 8 models (accurate)
20:57:35.909489 [info ]: Started scheduling
20:57:35.909595 [info ]: Finished scheduling [  0.00s]
20:57:35.909610 [debug]: Compilation - 10 nodes selected: {"analysis.jaffle_shop.total_revenue", "model.jaffle_shop.all_dates", "model.jaffle_shop.dim_customers", "model.jaffle_shop.fct_orders", "model.jaffle_shop.int_orders__pivoted", "model.jaffle_shop.stg_customers", "model.jaffle_shop.stg_orders", "model.jaffle_shop.stg_page_views", "model.jaffle_shop.stg_payments", "snapshot.jaffle_shop.mock_orders"}
20:57:35.910554 [debug]:    Started downloading relations (1 items)
20:57:35.910596 [info ]: Finished loading project [  0.02s]
20:57:36.172264 [debug]: Query executed on node unknown:
SHOW OBJECTS IN SCHEMA "ANALYTICS"."DBT_JBONDOC" LIMIT 10000
20:57:36.172492 [debug]:   Finished [  0.26s] downloading relations (1 items)
20:57:36.202812 [info ]: Started building task graph
20:57:36.202881 [info ]: Finished building task graph [  0.00s]
20:57:36.228152 [info ]: Started rendering (10 nodes)
20:57:36.228171 [info ]: Started snapshot dbt_jbondoc_snapshot.mock_orders
20:57:36.228177 [debug]: Started rendering snapshot dbt_jbondoc_snapshot.mock_orders
20:57:36.228190 [info ]: Started model dbt_jbondoc.stg_page_views
20:57:36.228193 [debug]: Started rendering model dbt_jbondoc.stg_page_views
20:57:36.228198 [info ]: Started model dbt_jbondoc.int_orders__pivoted
20:57:36.228201 [debug]: Started rendering model dbt_jbondoc.int_orders__pivoted
20:57:36.228205 [info ]: Started model dbt_jbondoc.dim_customers
20:57:36.228211 [debug]: Started rendering model dbt_jbondoc.dim_customers
20:57:36.228216 [info ]: Started model dbt_jbondoc.stg_customers
20:57:36.228219 [debug]: Started rendering model dbt_jbondoc.stg_customers
20:57:36.228227 [info ]: Started model dbt_jbondoc.fct_orders
20:57:36.228230 [debug]: Started rendering model dbt_jbondoc.fct_orders
20:57:36.228235 [info ]: Started model dbt_jbondoc.stg_orders
20:57:36.228239 [debug]: Started rendering model dbt_jbondoc.stg_orders
20:57:36.228243 [info ]: Started model dbt_jbondoc.all_dates
20:57:36.228246 [debug]: Started rendering model dbt_jbondoc.all_dates
20:57:36.228252 [info ]: Started analysis dbt_jbondoc.total_revenue
20:57:36.228254 [debug]: Started rendering analysis dbt_jbondoc.total_revenue
20:57:36.228260 [info ]: Started model dbt_jbondoc.stg_payments
20:57:36.228263 [debug]: Started rendering model dbt_jbondoc.stg_payments
20:57:36.228752 [debug]: Compiled SQL for node analysis.jaffle_shop.total_revenue at target/.lsp/compiled/jaffle_shop/analysis/total_revenue.sql
20:57:36.228770 [debug]: Compiled SQL for node snapshot.jaffle_shop.mock_orders at target/.lsp/compiled/jaffle_shop/snapshots/mock_orders.sql/mock_orders.sql
20:57:36.228770 [debug]: Compiled SQL for node model.jaffle_shop.dim_customers at target/.lsp/compiled/jaffle_shop/models/marts/core/dim_customers.sql
20:57:36.228786 [debug]: Compiled SQL for node model.jaffle_shop.stg_page_views at target/.lsp/compiled/jaffle_shop/models/staging/snowplow/stg_page_views.sql
20:57:36.228806 [debug]: Compiled SQL for node model.jaffle_shop.stg_orders at target/.lsp/compiled/jaffle_shop/models/staging/jaffle_shop/stg_orders.sql
20:57:36.228812 [debug]: Finished rendering [  0.00s] analysis dbt_jbondoc.total_revenue [success]
20:57:36.228805 [debug]: Compiled SQL for node model.jaffle_shop.all_dates at target/.lsp/compiled/jaffle_shop/models/all_dates.sql
20:57:36.228838 [info ]:  Succeeded [-------] analysis dbt_jbondoc.total_revenue (analysis)
20:57:36.228860 [debug]: Finished rendering [  0.00s] snapshot dbt_jbondoc_snapshot.mock_orders [success]
20:57:36.228860 [debug]: Compiled SQL for node model.jaffle_shop.fct_orders at target/.lsp/compiled/jaffle_shop/models/marts/core/fct_orders.sql
20:57:36.228863 [debug]: Compiled SQL for node model.jaffle_shop.stg_customers at target/.lsp/compiled/jaffle_shop/models/staging/jaffle_shop/stg_customers.sql
20:57:36.228877 [info ]: Started analyzing (9 nodes)
20:57:36.228893 [debug]: Started analyzing snapshot dbt_jbondoc_snapshot.mock_orders
20:57:36.228899 [debug]: Compiled SQL for node model.jaffle_shop.int_orders__pivoted at target/.lsp/compiled/jaffle_shop/models/marts/core/int_orders__pivoted.sql
20:57:36.228908 [debug]: Finished rendering [  0.00s] model dbt_jbondoc.dim_customers [success]
20:57:36.228908 [debug]: Compiled SQL for node model.jaffle_shop.stg_payments at target/.lsp/compiled/jaffle_shop/models/staging/stripe/stg_payments.sql
20:57:36.228917 [debug]: Started analyzing model dbt_jbondoc.dim_customers
20:57:36.228925 [debug]: Finished rendering [  0.00s] model dbt_jbondoc.stg_page_views [success]
20:57:36.228931 [debug]: Started analyzing model dbt_jbondoc.stg_page_views
20:57:36.228937 [debug]: Finished rendering [  0.00s] model dbt_jbondoc.all_dates [success]
20:57:36.228940 [debug]: Started analyzing model dbt_jbondoc.all_dates
20:57:36.228944 [debug]: Finished rendering [  0.00s] model dbt_jbondoc.stg_orders [success]
20:57:36.228946 [debug]: Started analyzing model dbt_jbondoc.stg_orders
20:57:36.228950 [debug]: Finished rendering [  0.00s] model dbt_jbondoc.fct_orders [success]
20:57:36.228952 [debug]: Started analyzing model dbt_jbondoc.fct_orders
20:57:36.228956 [debug]: Finished rendering [  0.00s] model dbt_jbondoc.stg_customers [success]
20:57:36.228959 [debug]: Started analyzing model dbt_jbondoc.stg_customers
20:57:36.228965 [debug]: Finished rendering [  0.00s] model dbt_jbondoc.int_orders__pivoted [success]
20:57:36.228971 [debug]: Started analyzing model dbt_jbondoc.int_orders__pivoted
20:57:36.228975 [debug]: Finished rendering [  0.00s] model dbt_jbondoc.stg_payments [success]
20:57:36.228978 [info ]: Finished rendering [  0.00s] (10 nodes, 0 skipped, 0 errors)
20:57:36.228981 [debug]: Started analyzing model dbt_jbondoc.stg_payments
20:57:36.229025 [debug]: Finished analyzing [  0.00s] snapshot dbt_jbondoc_snapshot.mock_orders [success]
20:57:36.229031 [info ]:  Succeeded [-------] snapshot dbt_jbondoc_snapshot.mock_orders (snapshot)
20:57:36.229069 [debug]: Finished analyzing [  0.00s] model dbt_jbondoc.stg_orders [success]
20:57:36.229081 [info ]:  Succeeded [-------] model dbt_jbondoc.stg_orders (view)
20:57:36.229092 [debug]: Finished analyzing [  0.00s] model dbt_jbondoc.stg_customers [success]
20:57:36.229097 [info ]:  Succeeded [-------] model dbt_jbondoc.stg_customers (view)
20:57:36.229109 [debug]: Finished analyzing [  0.00s] model dbt_jbondoc.stg_payments [success]
20:57:36.229116 [info ]:  Succeeded [-------] model dbt_jbondoc.stg_payments (view)
20:57:36.229175 [debug]: Finished analyzing [  0.00s] model dbt_jbondoc.dim_customers [success]
20:57:36.229182 [info ]:  Succeeded [-------] model dbt_jbondoc.dim_customers (table)
20:57:36.229203 [debug]: Finished analyzing [  0.00s] model dbt_jbondoc.stg_page_views [success]
20:57:36.229209 [info ]:  Succeeded [-------] model dbt_jbondoc.stg_page_views (incremental)
20:57:36.229321 [debug]: Finished analyzing [  0.00s] model dbt_jbondoc.fct_orders [success]
20:57:36.229326 [info ]:  Succeeded [-------] model dbt_jbondoc.fct_orders (table)
20:57:36.229391 [debug]: Finished analyzing [  0.00s] model dbt_jbondoc.int_orders__pivoted [success]
20:57:36.229398 [info ]:  Succeeded [-------] model dbt_jbondoc.int_orders__pivoted (table)
20:57:36.230539 [debug]: Finished analyzing [  0.00s] model dbt_jbondoc.all_dates [success]
20:57:36.230544 [info ]: Finished analyzing [  0.00s] (9 nodes, 0 skipped, 0 errors)
20:57:36.230548 [info ]:  Succeeded [  0.00s] model dbt_jbondoc.all_dates (table)
20:57:36.232113 [info ]: Started scheduling
20:57:36.232143 [info ]: Finished scheduling [  0.00s]
20:57:36.232343 [info ]: Cached model count updated: 8 models (accurate)
20:57:53.674884 [info ]: Started loading project
20:57:53.675143 [info ]: Loading ~/.dbt/profiles.yml
20:57:53.679834 [info ]: Started loading project
20:57:53.680010 [info ]: Loading ~/.dbt/profiles.yml
20:57:53.680022 [info ]: Finished loading project [  0.01s]
20:57:53.783849 [info ]: Loading packages.yml
20:57:53.783917 [debug]:    Started loading packages
20:57:53.788304 [debug]:     Loaded [  0.00s] packages
20:57:53.788644 [info ]: Finished loading project [  0.11s]
20:57:53.788766 [info ]: Started parsing
20:57:53.813021 [debug]: Finished parsing models/staging/jaffle_shop/src_jaffle_shop.yml [  0.00s]
20:57:53.813416 [debug]: Finished parsing models/staging/jaffle_shop/stg_jaffle_shop.yml [  0.00s]
20:57:53.813636 [debug]: Finished parsing models/staging/snowplow/src_snowplow.yml [  0.00s]
20:57:53.813714 [debug]: Finished parsing models/staging/stripe/src_stripe.yml [  0.00s]
20:57:53.814613 [debug]: Finished parsing snapshots/mock_orders.sql [  0.00s]
20:57:53.815327 [debug]: Finished parsing models/all_dates.sql [  0.00s]
20:57:53.815545 [debug]: Finished parsing models/marts/core/dim_customers.sql [  0.00s]
20:57:53.815717 [debug]: Finished parsing models/marts/core/fct_orders.sql [  0.00s]
20:57:53.815965 [debug]: Finished parsing models/marts/core/int_orders__pivoted.sql [  0.00s]
20:57:53.816200 [debug]: Finished parsing models/staging/jaffle_shop/stg_customers.sql [  0.00s]
20:57:53.816396 [debug]: Finished parsing models/staging/jaffle_shop/stg_orders.sql [  0.00s]
20:57:53.816633 [debug]: Finished parsing models/staging/snowplow/stg_page_views.sql [  0.00s]
20:57:53.816825 [debug]: Finished parsing models/staging/stripe/stg_payments.sql [  0.00s]
20:57:53.819470 [debug]: Finished parsing analysis/total_revenue.sql [  0.00s]
20:57:53.819654 [debug]: Finished parsing tests/assert_positive_value_for_total_amount.sql [  0.00s]
20:57:53.866460 [info ]: Finished parsing [  0.08s]
20:57:53.867323 [info ]: Cached model count updated: 8 models (estimate)
20:57:53.867334 [info ]: Cached model count updated: 8 models (accurate)
20:57:53.867358 [info ]: Started scheduling
20:57:53.867390 [info ]: Finished scheduling [  0.00s]
20:57:53.867397 [debug]: Compilation - 0 nodes selected: {}
20:57:53.867410 [warn ]: [NoNodesForSelectionCriteria (dbt1092)]: The selection criterion '' does not match any enabled nodes
20:57:53.867419 [warn ]: [NoNodesSelected (dbt1601)]: Nothing to do. Try checking your model configs and model specification args
20:57:53.867423 [info ]: Started scheduling
20:57:53.867468 [info ]: Finished scheduling [  0.00s]
20:57:53.867539 [debug]: Initializing schema store with entry: Selected("snapshot.jaffle_shop.mock_orders") and interval: None
20:57:53.867553 [debug]: Initializing schema store with entry: Frontier(CanonicalFqn { catalog: "RAW", schema: "JAFFLE_SHOP", table: "CUSTOMERS" }) and interval: None
20:57:53.867559 [debug]: Initializing schema store with entry: Frontier(CanonicalFqn { catalog: "RAW", schema: "JAFFLE_SHOP", table: "ORDERS" }) and interval: None
20:57:53.867563 [debug]: Initializing schema store with entry: Frontier(CanonicalFqn { catalog: "RAW", schema: "SNOWPLOW", table: "EVENTS" }) and interval: None
20:57:53.867567 [debug]: Initializing schema store with entry: Frontier(CanonicalFqn { catalog: "RAW", schema: "STRIPE", table: "PAYMENT" }) and interval: None
20:57:53.885735 [info ]: Started building task graph
20:57:53.885754 [info ]: Finished building task graph [  0.00s]
20:57:53.910378 [info ]: Started scheduling
20:57:53.910425 [info ]: Finished scheduling [  0.00s]
20:57:53.911531 [info ]: Cached model count updated: 8 models (accurate)
20:57:55.087541 [info ]: Started loading project
20:57:55.087859 [info ]: Loading ~/.dbt/profiles.yml
20:57:55.103386 [info ]: Cached model count updated: 8 models (estimate)
20:57:55.103401 [info ]: Cached model count updated: 8 models (accurate)
20:57:55.103422 [info ]: Started scheduling
20:57:55.103491 [info ]: Finished scheduling [  0.00s]
20:57:55.103500 [debug]: Compilation - 10 nodes selected: {"analysis.jaffle_shop.total_revenue", "model.jaffle_shop.all_dates", "model.jaffle_shop.dim_customers", "model.jaffle_shop.fct_orders", "model.jaffle_shop.int_orders__pivoted", "model.jaffle_shop.stg_customers", "model.jaffle_shop.stg_orders", "model.jaffle_shop.stg_page_views", "model.jaffle_shop.stg_payments", "snapshot.jaffle_shop.mock_orders"}
20:57:55.103960 [debug]:    Started downloading relations (1 items)
20:57:55.103990 [info ]: Finished loading project [  0.02s]
20:57:55.542731 [debug]: Query executed on node unknown:
SHOW OBJECTS IN SCHEMA "ANALYTICS"."DBT_JBONDOC" LIMIT 10000
20:57:55.542983 [debug]:   Finished [  0.44s] downloading relations (1 items)
20:57:55.566946 [info ]: Started building task graph
20:57:55.567026 [info ]: Finished building task graph [  0.00s]
20:57:55.597047 [info ]: Started rendering (10 nodes)
20:57:55.597065 [info ]: Started snapshot dbt_jbondoc_snapshot.mock_orders
20:57:55.597072 [debug]: Started rendering snapshot dbt_jbondoc_snapshot.mock_orders
20:57:55.597084 [info ]: Started model dbt_jbondoc.stg_page_views
20:57:55.597088 [debug]: Started rendering model dbt_jbondoc.stg_page_views
20:57:55.597094 [info ]: Started model dbt_jbondoc.int_orders__pivoted
20:57:55.597099 [debug]: Started rendering model dbt_jbondoc.int_orders__pivoted
20:57:55.597104 [info ]: Started model dbt_jbondoc.dim_customers
20:57:55.597107 [debug]: Started rendering model dbt_jbondoc.dim_customers
20:57:55.597111 [info ]: Started model dbt_jbondoc.stg_customers
20:57:55.597115 [debug]: Started rendering model dbt_jbondoc.stg_customers
20:57:55.597122 [info ]: Started model dbt_jbondoc.fct_orders
20:57:55.597125 [debug]: Started rendering model dbt_jbondoc.fct_orders
20:57:55.597129 [info ]: Started model dbt_jbondoc.stg_orders
20:57:55.597132 [debug]: Started rendering model dbt_jbondoc.stg_orders
20:57:55.597136 [info ]: Started model dbt_jbondoc.all_dates
20:57:55.597139 [debug]: Started rendering model dbt_jbondoc.all_dates
20:57:55.597145 [info ]: Started analysis dbt_jbondoc.total_revenue
20:57:55.597148 [debug]: Started rendering analysis dbt_jbondoc.total_revenue
20:57:55.597152 [info ]: Started model dbt_jbondoc.stg_payments
20:57:55.597154 [debug]: Started rendering model dbt_jbondoc.stg_payments
20:57:55.598454 [debug]: Compiled SQL for node model.jaffle_shop.fct_orders at target/.lsp/compiled/jaffle_shop/models/marts/core/fct_orders.sql
20:57:55.598564 [debug]: Compiled SQL for node snapshot.jaffle_shop.mock_orders at target/.lsp/compiled/jaffle_shop/snapshots/mock_orders.sql/mock_orders.sql
20:57:55.598554 [debug]: Compiled SQL for node model.jaffle_shop.stg_orders at target/.lsp/compiled/jaffle_shop/models/staging/jaffle_shop/stg_orders.sql
20:57:55.598584 [debug]: Compiled SQL for node analysis.jaffle_shop.total_revenue at target/.lsp/compiled/jaffle_shop/analysis/total_revenue.sql
20:57:55.598660 [debug]: Finished rendering [  0.00s] snapshot dbt_jbondoc_snapshot.mock_orders [success]
20:57:55.598704 [info ]: Started analyzing (9 nodes)
20:57:55.598728 [debug]: Started analyzing snapshot dbt_jbondoc_snapshot.mock_orders
20:57:55.598756 [debug]: Finished rendering [  0.00s] model dbt_jbondoc.fct_orders [success]
20:57:55.598753 [debug]: Compiled SQL for node model.jaffle_shop.dim_customers at target/.lsp/compiled/jaffle_shop/models/marts/core/dim_customers.sql
20:57:55.598772 [debug]: Started analyzing model dbt_jbondoc.fct_orders
20:57:55.598784 [debug]: Finished rendering [  0.00s] analysis dbt_jbondoc.total_revenue [success]
20:57:55.598791 [info ]:  Succeeded [  0.00s] analysis dbt_jbondoc.total_revenue (analysis)
20:57:55.598806 [debug]: Finished rendering [  0.00s] model dbt_jbondoc.stg_orders [success]
20:57:55.598812 [debug]: Started analyzing model dbt_jbondoc.stg_orders
20:57:55.598820 [debug]: Finished rendering [  0.00s] model dbt_jbondoc.dim_customers [success]
20:57:55.598827 [debug]: Started analyzing model dbt_jbondoc.dim_customers
20:57:55.598892 [debug]: Finished analyzing [  0.00s] snapshot dbt_jbondoc_snapshot.mock_orders [success]
20:57:55.598903 [info ]:  Succeeded [  0.00s] snapshot dbt_jbondoc_snapshot.mock_orders (snapshot)
20:57:55.598923 [debug]: Compiled SQL for node model.jaffle_shop.int_orders__pivoted at target/.lsp/compiled/jaffle_shop/models/marts/core/int_orders__pivoted.sql
20:57:55.598922 [debug]: Compiled SQL for node model.jaffle_shop.stg_customers at target/.lsp/compiled/jaffle_shop/models/staging/jaffle_shop/stg_customers.sql
20:57:55.598931 [debug]: Compiled SQL for node model.jaffle_shop.stg_payments at target/.lsp/compiled/jaffle_shop/models/staging/stripe/stg_payments.sql
20:57:55.598957 [debug]: Finished analyzing [  0.00s] model dbt_jbondoc.stg_orders [success]
20:57:55.598965 [info ]:  Succeeded [  0.00s] model dbt_jbondoc.stg_orders (view)
20:57:55.598969 [debug]: Compiled SQL for node model.jaffle_shop.stg_page_views at target/.lsp/compiled/jaffle_shop/models/staging/snowplow/stg_page_views.sql
20:57:55.598979 [debug]: Finished rendering [  0.00s] model dbt_jbondoc.stg_customers [success]
20:57:55.598994 [debug]: Started analyzing model dbt_jbondoc.stg_customers
20:57:55.599033 [debug]: Finished rendering [  0.00s] model dbt_jbondoc.stg_payments [success]
20:57:55.599049 [debug]: Started analyzing model dbt_jbondoc.stg_payments
20:57:55.599064 [debug]: Finished rendering [  0.00s] model dbt_jbondoc.int_orders__pivoted [success]
20:57:55.599075 [debug]: Started analyzing model dbt_jbondoc.int_orders__pivoted
20:57:55.599084 [debug]: Finished rendering [  0.00s] model dbt_jbondoc.stg_page_views [success]
20:57:55.599091 [debug]: Started analyzing model dbt_jbondoc.stg_page_views
20:57:55.599105 [debug]: Finished analyzing [  0.00s] model dbt_jbondoc.stg_customers [success]
20:57:55.599112 [info ]:  Succeeded [  0.00s] model dbt_jbondoc.stg_customers (view)
20:57:55.599158 [debug]: Finished analyzing [  0.00s] model dbt_jbondoc.stg_payments [success]
20:57:55.599171 [info ]:  Succeeded [  0.00s] model dbt_jbondoc.stg_payments (view)
20:57:55.599181 [debug]: Finished analyzing [  0.00s] model dbt_jbondoc.dim_customers [success]
20:57:55.599186 [info ]:  Succeeded [  0.00s] model dbt_jbondoc.dim_customers (table)
20:57:55.599202 [debug]: Finished analyzing [  0.00s] model dbt_jbondoc.fct_orders [success]
20:57:55.599208 [info ]:  Succeeded [  0.00s] model dbt_jbondoc.fct_orders (table)
20:57:55.599380 [debug]: Finished analyzing [  0.00s] model dbt_jbondoc.stg_page_views [success]
20:57:55.599390 [info ]:  Succeeded [  0.00s] model dbt_jbondoc.stg_page_views (incremental)
20:57:55.599399 [debug]: Finished analyzing [  0.00s] model dbt_jbondoc.int_orders__pivoted [success]
20:57:55.599403 [info ]:  Succeeded [  0.00s] model dbt_jbondoc.int_orders__pivoted (table)
20:57:56.533398 [debug]: Query executed on node model.jaffle_shop.all_dates:
select 

    datediff(
        day,
        to_date('01/01/2020', 'mm/dd/yyyy'),
        to_date('01/01/2021', 'mm/dd/yyyy')
        )
/* {"app": "dbt", "connection_name": "", "dbt_version": "2.0.0", "profile_name": "default", "target_name": "dev"} */
20:57:56.535207 [debug]: Compiled SQL for node model.jaffle_shop.all_dates at target/.lsp/compiled/jaffle_shop/models/all_dates.sql
20:57:56.535356 [debug]: Finished rendering [  0.94s] model dbt_jbondoc.all_dates [success]
20:57:56.535379 [info ]: Finished rendering [  0.94s] (10 nodes, 0 skipped, 0 errors)
20:57:56.535404 [debug]: Started analyzing model dbt_jbondoc.all_dates
20:57:56.538625 [debug]: Finished analyzing [  0.00s] model dbt_jbondoc.all_dates [success]
20:57:56.538648 [info ]: Finished analyzing [  0.94s] (9 nodes, 0 skipped, 0 errors)
20:57:56.538658 [info ]:  Succeeded [  0.94s] model dbt_jbondoc.all_dates (table)
20:57:56.542215 [info ]: Started scheduling
20:57:56.542292 [info ]: Finished scheduling [  0.00s]
20:57:56.542636 [info ]: Cached model count updated: 8 models (accurate)
21:00:36.491225 [info ]: Started loading project
21:00:36.491593 [info ]: Loading ~/.dbt/profiles.yml
21:00:36.497617 [info ]: Started loading project
21:00:36.497816 [info ]: Loading ~/.dbt/profiles.yml
21:00:36.497834 [info ]: Finished loading project [  0.01s]
21:00:36.595747 [info ]:    Started resolving packages from packages.yml
21:00:36.678572 [info ]:     Failed [  0.08s] resolving packages from packages.yml (error: Versions are not compatible: >=0.8.0 and =0.7.4)
21:00:36.678681 [info ]: Finished loading project [  0.18s]
21:00:57.393635 [info ]: Started loading project
21:00:57.393926 [info ]: Loading ~/.dbt/profiles.yml
21:00:57.490908 [info ]:    Started resolving packages from packages.yml
21:00:57.533595 [info ]:   Finished [  0.04s] resolving packages from packages.yml (2 items)
21:00:57.533646 [info ]: Installing packages
21:00:57.563198 [info ]: Installing dbt-labs/codegen
21:00:57.563375 [info ]: Installing dbt-labs/dbt_utils
21:00:57.774879 [info ]:  Installed dbt-labs/codegen: 0.12.1
21:00:57.839125 [info ]:  Installed dbt-labs/dbt_utils: 1.1.1
21:00:57.839149 [info ]:  Installed 2 packages
21:00:57.839158 [info ]: Updated version available for codegen@0.12.1: 0.14.1
21:00:57.839165 [info ]: Updated version available for dbt_utils@1.1.1: 1.4.1
21:00:57.839205 [debug]:    Started loading packages
21:00:57.850618 [debug]:     Loaded [  0.01s] packages
21:00:57.850963 [info ]: Finished loading project [  0.46s]
21:00:57.851085 [info ]: Started parsing
21:00:57.897526 [debug]: Finished parsing models/staging/jaffle_shop/src_jaffle_shop.yml [  0.00s]
21:00:57.898235 [debug]: Finished parsing models/staging/jaffle_shop/stg_jaffle_shop.yml [  0.00s]
21:00:57.898635 [debug]: Finished parsing models/staging/snowplow/src_snowplow.yml [  0.00s]
21:00:57.899010 [debug]: Finished parsing models/staging/stripe/src_stripe.yml [  0.00s]
21:00:57.900903 [debug]: Finished parsing snapshots/mock_orders.sql [  0.00s]
21:00:57.902514 [debug]: Finished parsing models/all_dates.sql [  0.00s]
21:00:57.903457 [debug]: Finished parsing models/marts/core/dim_customers.sql [  0.00s]
21:00:57.903944 [debug]: Finished parsing models/marts/core/fct_orders.sql [  0.00s]
21:00:57.904354 [debug]: Finished parsing models/marts/core/int_orders__pivoted.sql [  0.00s]
21:00:57.904671 [debug]: Finished parsing models/staging/jaffle_shop/stg_customers.sql [  0.00s]
21:00:57.904987 [debug]: Finished parsing models/staging/jaffle_shop/stg_orders.sql [  0.00s]
21:00:57.905431 [debug]: Finished parsing models/staging/snowplow/stg_page_views.sql [  0.00s]
21:00:57.905736 [debug]: Finished parsing models/staging/stripe/stg_payments.sql [  0.00s]
21:00:57.908863 [debug]: Finished parsing analysis/total_revenue.sql [  0.00s]
21:00:57.909217 [debug]: Finished parsing tests/assert_positive_value_for_total_amount.sql [  0.00s]
21:00:57.957167 [info ]: Finished parsing [  0.11s]
21:00:57.957889 [info ]: Cached model count updated: 8 models (estimate)
21:00:57.957898 [info ]: Cached model count updated: 8 models (accurate)
21:00:57.957921 [info ]: Started scheduling
21:00:57.957951 [info ]: Finished scheduling [  0.00s]
21:00:57.957956 [debug]: Compilation - 0 nodes selected: {}
21:00:57.957970 [warn ]: [NoNodesForSelectionCriteria (dbt1092)]: The selection criterion '' does not match any enabled nodes
21:00:57.957980 [warn ]: [NoNodesSelected (dbt1601)]: Nothing to do. Try checking your model configs and model specification args
21:00:57.957985 [info ]: Started scheduling
21:00:57.958031 [info ]: Finished scheduling [  0.00s]
21:00:57.958155 [debug]: Initializing schema store with entry: Selected("snapshot.jaffle_shop.mock_orders") and interval: None
21:00:57.958171 [debug]: Initializing schema store with entry: Frontier(CanonicalFqn { catalog: "RAW", schema: "SNOWPLOW", table: "EVENTS" }) and interval: None
21:00:57.958176 [debug]: Initializing schema store with entry: Frontier(CanonicalFqn { catalog: "RAW", schema: "STRIPE", table: "PAYMENT" }) and interval: None
21:00:57.958183 [debug]: Initializing schema store with entry: Frontier(CanonicalFqn { catalog: "RAW", schema: "JAFFLE_SHOP", table: "CUSTOMERS" }) and interval: None
21:00:57.958186 [debug]: Initializing schema store with entry: Frontier(CanonicalFqn { catalog: "RAW", schema: "JAFFLE_SHOP", table: "ORDERS" }) and interval: None
21:00:57.978687 [info ]: Started building task graph
21:00:57.978705 [info ]: Finished building task graph [  0.00s]
21:00:58.013491 [info ]: Started scheduling
21:00:58.013527 [info ]: Finished scheduling [  0.00s]
21:00:58.014573 [info ]: Cached model count updated: 8 models (accurate)
21:00:59.194344 [info ]: Started loading project
21:00:59.194720 [info ]: Loading ~/.dbt/profiles.yml
21:00:59.212817 [info ]: Cached model count updated: 8 models (estimate)
21:00:59.212830 [info ]: Cached model count updated: 8 models (accurate)
21:00:59.212852 [info ]: Started scheduling
21:00:59.212920 [info ]: Finished scheduling [  0.00s]
21:00:59.212930 [debug]: Compilation - 10 nodes selected: {"analysis.jaffle_shop.total_revenue", "model.jaffle_shop.all_dates", "model.jaffle_shop.dim_customers", "model.jaffle_shop.fct_orders", "model.jaffle_shop.int_orders__pivoted", "model.jaffle_shop.stg_customers", "model.jaffle_shop.stg_orders", "model.jaffle_shop.stg_page_views", "model.jaffle_shop.stg_payments", "snapshot.jaffle_shop.mock_orders"}
21:00:59.213402 [debug]:    Started downloading relations (1 items)
21:00:59.213444 [info ]: Finished loading project [  0.02s]
21:00:59.818860 [debug]: Query executed on node unknown:
SHOW OBJECTS IN SCHEMA "ANALYTICS"."DBT_JBONDOC" LIMIT 10000
21:00:59.819093 [debug]:   Finished [  0.61s] downloading relations (1 items)
21:00:59.852384 [info ]: Started building task graph
21:00:59.852457 [info ]: Finished building task graph [  0.00s]
21:00:59.881860 [info ]: Started rendering (10 nodes)
21:00:59.881881 [info ]: Started snapshot dbt_jbondoc_snapshot.mock_orders
21:00:59.881887 [debug]: Started rendering snapshot dbt_jbondoc_snapshot.mock_orders
21:00:59.881909 [info ]: Started model dbt_jbondoc.stg_page_views
21:00:59.881914 [debug]: Started rendering model dbt_jbondoc.stg_page_views
21:00:59.881920 [info ]: Started model dbt_jbondoc.int_orders__pivoted
21:00:59.881922 [debug]: Started rendering model dbt_jbondoc.int_orders__pivoted
21:00:59.881927 [info ]: Started model dbt_jbondoc.dim_customers
21:00:59.881931 [debug]: Started rendering model dbt_jbondoc.dim_customers
21:00:59.881936 [info ]: Started model dbt_jbondoc.stg_customers
21:00:59.881938 [debug]: Started rendering model dbt_jbondoc.stg_customers
21:00:59.881942 [info ]: Started model dbt_jbondoc.fct_orders
21:00:59.881947 [debug]: Started rendering model dbt_jbondoc.fct_orders
21:00:59.881951 [info ]: Started model dbt_jbondoc.stg_orders
21:00:59.881956 [debug]: Started rendering model dbt_jbondoc.stg_orders
21:00:59.881963 [info ]: Started model dbt_jbondoc.all_dates
21:00:59.881967 [debug]: Started rendering model dbt_jbondoc.all_dates
21:00:59.881975 [info ]: Started analysis dbt_jbondoc.total_revenue
21:00:59.881978 [debug]: Started rendering analysis dbt_jbondoc.total_revenue
21:00:59.881982 [info ]: Started model dbt_jbondoc.stg_payments
21:00:59.881984 [debug]: Started rendering model dbt_jbondoc.stg_payments
21:00:59.883078 [debug]: Compiled SQL for node snapshot.jaffle_shop.mock_orders at target/.lsp/compiled/jaffle_shop/snapshots/mock_orders.sql/mock_orders.sql
21:00:59.883198 [debug]: Compiled SQL for node analysis.jaffle_shop.total_revenue at target/.lsp/compiled/jaffle_shop/analysis/total_revenue.sql
21:00:59.883249 [debug]: Finished rendering [  0.00s] snapshot dbt_jbondoc_snapshot.mock_orders [success]
21:00:59.883270 [debug]: Compiled SQL for node model.jaffle_shop.fct_orders at target/.lsp/compiled/jaffle_shop/models/marts/core/fct_orders.sql
21:00:59.883281 [info ]: Started analyzing (9 nodes)
21:00:59.883290 [debug]: Started analyzing snapshot dbt_jbondoc_snapshot.mock_orders
21:00:59.883326 [debug]: Finished rendering [  0.00s] analysis dbt_jbondoc.total_revenue [success]
21:00:59.883386 [info ]:  Succeeded [  0.00s] analysis dbt_jbondoc.total_revenue (analysis)
21:00:59.883425 [debug]: Compiled SQL for node model.jaffle_shop.int_orders__pivoted at target/.lsp/compiled/jaffle_shop/models/marts/core/int_orders__pivoted.sql
21:00:59.883429 [debug]: Compiled SQL for node model.jaffle_shop.stg_customers at target/.lsp/compiled/jaffle_shop/models/staging/jaffle_shop/stg_customers.sql
21:00:59.883434 [debug]: Finished rendering [  0.00s] model dbt_jbondoc.fct_orders [success]
21:00:59.883431 [debug]: Compiled SQL for node model.jaffle_shop.stg_payments at target/.lsp/compiled/jaffle_shop/models/staging/stripe/stg_payments.sql
21:00:59.883436 [debug]: Compiled SQL for node model.jaffle_shop.stg_orders at target/.lsp/compiled/jaffle_shop/models/staging/jaffle_shop/stg_orders.sql
21:00:59.883450 [debug]: Started analyzing model dbt_jbondoc.fct_orders
21:00:59.883445 [debug]: Compiled SQL for node model.jaffle_shop.dim_customers at target/.lsp/compiled/jaffle_shop/models/marts/core/dim_customers.sql
21:00:59.883501 [debug]: Finished rendering [  0.00s] model dbt_jbondoc.int_orders__pivoted [success]
21:00:59.883541 [debug]: Started analyzing model dbt_jbondoc.int_orders__pivoted
21:00:59.883558 [debug]: Finished rendering [  0.00s] model dbt_jbondoc.stg_customers [success]
21:00:59.883567 [debug]: Started analyzing model dbt_jbondoc.stg_customers
21:00:59.883573 [debug]: Finished rendering [  0.00s] model dbt_jbondoc.stg_orders [success]
21:00:59.883576 [debug]: Started analyzing model dbt_jbondoc.stg_orders
21:00:59.883581 [debug]: Finished rendering [  0.00s] model dbt_jbondoc.dim_customers [success]
21:00:59.883585 [debug]: Started analyzing model dbt_jbondoc.dim_customers
21:00:59.883590 [debug]: Finished rendering [  0.00s] model dbt_jbondoc.stg_payments [success]
21:00:59.883594 [debug]: Started analyzing model dbt_jbondoc.stg_payments
21:00:59.883617 [debug]: Compiled SQL for node model.jaffle_shop.stg_page_views at target/.lsp/compiled/jaffle_shop/models/staging/snowplow/stg_page_views.sql
21:00:59.883666 [debug]: Finished analyzing [  0.00s] snapshot dbt_jbondoc_snapshot.mock_orders [success]
21:00:59.883678 [info ]:  Succeeded [  0.00s] snapshot dbt_jbondoc_snapshot.mock_orders (snapshot)
21:00:59.883687 [debug]: Finished rendering [  0.00s] model dbt_jbondoc.stg_page_views [success]
21:00:59.883694 [debug]: Started analyzing model dbt_jbondoc.stg_page_views
21:00:59.883786 [debug]: Finished analyzing [  0.00s] model dbt_jbondoc.stg_customers [success]
21:00:59.883795 [info ]:  Succeeded [  0.00s] model dbt_jbondoc.stg_customers (view)
21:00:59.883802 [debug]: Finished analyzing [  0.00s] model dbt_jbondoc.stg_orders [success]
21:00:59.883805 [info ]:  Succeeded [  0.00s] model dbt_jbondoc.stg_orders (view)
21:00:59.883886 [debug]: Finished analyzing [  0.00s] model dbt_jbondoc.stg_payments [success]
21:00:59.883891 [info ]:  Succeeded [  0.00s] model dbt_jbondoc.stg_payments (view)
21:00:59.884001 [debug]: Finished analyzing [  0.00s] model dbt_jbondoc.stg_page_views [success]
21:00:59.884007 [info ]:  Succeeded [  0.00s] model dbt_jbondoc.stg_page_views (incremental)
21:00:59.884027 [debug]: Finished analyzing [  0.00s] model dbt_jbondoc.fct_orders [success]
21:00:59.884032 [info ]:  Succeeded [  0.00s] model dbt_jbondoc.fct_orders (table)
21:00:59.884037 [debug]: Finished analyzing [  0.00s] model dbt_jbondoc.dim_customers [success]
21:00:59.884041 [info ]:  Succeeded [  0.00s] model dbt_jbondoc.dim_customers (table)
21:00:59.884046 [debug]: Finished analyzing [  0.00s] model dbt_jbondoc.int_orders__pivoted [success]
21:00:59.884050 [info ]:  Succeeded [  0.00s] model dbt_jbondoc.int_orders__pivoted (table)
21:01:01.882331 [debug]: Query executed on node model.jaffle_shop.all_dates:
select datediff(
        day,
        to_date('01/01/2020', 'mm/dd/yyyy'),
        to_date('01/01/2021', 'mm/dd/yyyy')
        )
/* {"app": "dbt", "connection_name": "", "dbt_version": "2.0.0", "profile_name": "default", "target_name": "dev"} */
21:01:01.884161 [debug]: Compiled SQL for node model.jaffle_shop.all_dates at target/.lsp/compiled/jaffle_shop/models/all_dates.sql
21:01:01.884310 [debug]: Finished rendering [  2.00s] model dbt_jbondoc.all_dates [success]
21:01:01.884333 [info ]: Finished rendering [  2.00s] (10 nodes, 0 skipped, 0 errors)
21:01:01.884363 [debug]: Started analyzing model dbt_jbondoc.all_dates
21:01:01.888143 [debug]: Finished analyzing [  0.00s] model dbt_jbondoc.all_dates [success]
21:01:01.888174 [info ]: Finished analyzing [  2.00s] (9 nodes, 0 skipped, 0 errors)
21:01:01.888183 [info ]:  Succeeded [  2.00s] model dbt_jbondoc.all_dates (table)
21:01:01.891839 [info ]: Started scheduling
21:01:01.891913 [info ]: Finished scheduling [  0.00s]
21:01:01.892284 [info ]: Cached model count updated: 8 models (accurate)
21:01:18.609261 [info ]: Started loading project
21:01:18.609786 [info ]: Loading ~/.dbt/profiles.yml
21:01:18.617758 [info ]: Started loading project
21:01:18.618026 [info ]: Loading ~/.dbt/profiles.yml
21:01:18.618056 [info ]: Finished loading project [  0.01s]
21:01:18.718767 [info ]: Loading packages.yml
21:01:18.718813 [debug]:    Started loading packages
21:01:18.723849 [debug]:     Loaded [  0.01s] packages
21:01:18.724186 [info ]: Finished loading project [  0.11s]
21:01:18.724290 [info ]: Started parsing
21:01:18.745490 [debug]: Finished parsing models/marts/core/fct_orders.yml [  0.00s]
21:01:18.745789 [debug]: Finished parsing models/staging/jaffle_shop/src_jaffle_shop.yml [  0.00s]
21:01:18.746027 [debug]: Finished parsing models/staging/jaffle_shop/stg_jaffle_shop.yml [  0.00s]
21:01:18.746234 [debug]: Finished parsing models/staging/snowplow/src_snowplow.yml [  0.00s]
21:01:18.746310 [debug]: Finished parsing models/staging/stripe/src_stripe.yml [  0.00s]
21:01:18.746939 [debug]: Finished parsing snapshots/mock_orders.sql [  0.00s]
21:01:18.747828 [debug]: Finished parsing models/all_dates.sql [  0.00s]
21:01:18.748066 [debug]: Finished parsing models/marts/core/dim_customers.sql [  0.00s]
21:01:18.748249 [debug]: Finished parsing models/marts/core/fct_orders.sql [  0.00s]
21:01:18.748514 [debug]: Finished parsing models/marts/core/int_orders__pivoted.sql [  0.00s]
21:01:18.748712 [debug]: Finished parsing models/staging/jaffle_shop/stg_customers.sql [  0.00s]
21:01:18.748845 [debug]: Finished parsing models/staging/jaffle_shop/stg_orders.sql [  0.00s]
21:01:18.749042 [debug]: Finished parsing models/staging/snowplow/stg_page_views.sql [  0.00s]
21:01:18.749195 [debug]: Finished parsing models/staging/stripe/stg_payments.sql [  0.00s]
21:01:18.751578 [debug]: Finished parsing analysis/total_revenue.sql [  0.00s]
21:01:18.751763 [debug]: Finished parsing tests/assert_positive_value_for_total_amount.sql [  0.00s]
21:01:18.795765 [info ]: Finished parsing [  0.07s]
21:01:18.796558 [info ]: Cached model count updated: 8 models (estimate)
21:01:18.796565 [info ]: Cached model count updated: 8 models (accurate)
21:01:18.796589 [info ]: Started scheduling
21:01:18.796614 [info ]: Finished scheduling [  0.00s]
21:01:18.796619 [debug]: Compilation - 0 nodes selected: {}
21:01:18.796627 [warn ]: [NoNodesForSelectionCriteria (dbt1092)]: The selection criterion '' does not match any enabled nodes
21:01:18.796647 [warn ]: [NoNodesSelected (dbt1601)]: Nothing to do. Try checking your model configs and model specification args
21:01:18.796651 [info ]: Started scheduling
21:01:18.796691 [info ]: Finished scheduling [  0.00s]
21:01:18.796717 [debug]: Initializing schema store with entry: Selected("snapshot.jaffle_shop.mock_orders") and interval: None
21:01:18.796726 [debug]: Initializing schema store with entry: Frontier(CanonicalFqn { catalog: "RAW", schema: "JAFFLE_SHOP", table: "ORDERS" }) and interval: None
21:01:18.796730 [debug]: Initializing schema store with entry: Frontier(CanonicalFqn { catalog: "RAW", schema: "SNOWPLOW", table: "EVENTS" }) and interval: None
21:01:18.796733 [debug]: Initializing schema store with entry: Frontier(CanonicalFqn { catalog: "RAW", schema: "STRIPE", table: "PAYMENT" }) and interval: None
21:01:18.796737 [debug]: Initializing schema store with entry: Frontier(CanonicalFqn { catalog: "RAW", schema: "JAFFLE_SHOP", table: "CUSTOMERS" }) and interval: None
21:01:18.816872 [info ]: Started building task graph
21:01:18.816886 [info ]: Finished building task graph [  0.00s]
21:01:18.842393 [info ]: Started scheduling
21:01:18.842428 [info ]: Finished scheduling [  0.00s]
21:01:18.843581 [info ]: Cached model count updated: 8 models (accurate)
21:01:19.139492 [info ]: Started loading project
21:01:19.139823 [info ]: Loading ~/.dbt/profiles.yml
21:01:19.155375 [info ]: Cached model count updated: 8 models (estimate)
21:01:19.155385 [info ]: Cached model count updated: 8 models (accurate)
21:01:19.155406 [info ]: Started scheduling
21:01:19.155460 [info ]: Finished scheduling [  0.00s]
21:01:19.155468 [debug]: Compilation - 3 nodes selected: {"model.jaffle_shop.fct_orders", "model.jaffle_shop.stg_orders", "model.jaffle_shop.stg_payments"}
21:01:19.179904 [info ]: Started building task graph
21:01:19.179939 [info ]: Finished building task graph [  0.00s]
21:01:19.206055 [info ]: Started rendering (3 nodes)
21:01:19.206069 [info ]: Started model dbt_jbondoc.fct_orders
21:01:19.206075 [debug]: Started rendering model dbt_jbondoc.fct_orders
21:01:19.206085 [info ]: Started model dbt_jbondoc.stg_payments
21:01:19.206090 [debug]: Started rendering model dbt_jbondoc.stg_payments
21:01:19.206095 [info ]: Started model dbt_jbondoc.stg_orders
21:01:19.206098 [debug]: Started rendering model dbt_jbondoc.stg_orders
21:01:19.206101 [info ]: Finished loading project [  0.07s]
21:01:19.206721 [debug]: Compiled SQL for node model.jaffle_shop.fct_orders at target/.lsp/compiled/jaffle_shop/models/marts/core/fct_orders.sql
21:01:19.206730 [debug]: Compiled SQL for node model.jaffle_shop.stg_payments at target/.lsp/compiled/jaffle_shop/models/staging/stripe/stg_payments.sql
21:01:19.206733 [debug]: Compiled SQL for node model.jaffle_shop.stg_orders at target/.lsp/compiled/jaffle_shop/models/staging/jaffle_shop/stg_orders.sql
21:01:19.206765 [debug]: Finished rendering [  0.00s] model dbt_jbondoc.fct_orders [success]
21:01:19.206777 [info ]: Started analyzing (3 nodes)
21:01:19.206782 [debug]: Started analyzing model dbt_jbondoc.fct_orders
21:01:19.206788 [debug]: Finished rendering [  0.00s] model dbt_jbondoc.stg_payments [success]
21:01:19.206791 [debug]: Started analyzing model dbt_jbondoc.stg_payments
21:01:19.206795 [debug]: Finished rendering [  0.00s] model dbt_jbondoc.stg_orders [success]
21:01:19.206798 [info ]: Finished rendering [  0.00s] (3 nodes, 0 skipped, 0 errors)
21:01:19.206801 [debug]: Started analyzing model dbt_jbondoc.stg_orders
21:01:19.206892 [debug]: Finished analyzing [  0.00s] model dbt_jbondoc.stg_orders [success]
21:01:19.206898 [info ]:  Succeeded [-------] model dbt_jbondoc.stg_orders (view)
21:01:19.206908 [debug]: Finished analyzing [  0.00s] model dbt_jbondoc.stg_payments [success]
21:01:19.206913 [info ]:  Succeeded [-------] model dbt_jbondoc.stg_payments (view)
21:01:19.207064 [debug]: Finished analyzing [  0.00s] model dbt_jbondoc.fct_orders [success]
21:01:19.207069 [info ]: Finished analyzing [  0.00s] (3 nodes, 0 skipped, 0 errors)
21:01:19.207072 [info ]:  Succeeded [-------] model dbt_jbondoc.fct_orders (table)
21:01:19.208418 [info ]: Started scheduling
21:01:19.208443 [info ]: Finished scheduling [  0.00s]
21:01:19.208508 [info ]: Cached model count updated: 8 models (accurate)
21:01:20.387669 [info ]: Started loading project
21:01:20.387936 [info ]: Loading ~/.dbt/profiles.yml
21:01:20.402460 [info ]: Cached model count updated: 8 models (estimate)
21:01:20.402473 [info ]: Cached model count updated: 8 models (accurate)
21:01:20.402495 [info ]: Started scheduling
21:01:20.402559 [info ]: Finished scheduling [  0.00s]
21:01:20.402567 [debug]: Compilation - 10 nodes selected: {"analysis.jaffle_shop.total_revenue", "model.jaffle_shop.all_dates", "model.jaffle_shop.dim_customers", "model.jaffle_shop.fct_orders", "model.jaffle_shop.int_orders__pivoted", "model.jaffle_shop.stg_customers", "model.jaffle_shop.stg_orders", "model.jaffle_shop.stg_page_views", "model.jaffle_shop.stg_payments", "snapshot.jaffle_shop.mock_orders"}
21:01:20.403039 [debug]:    Started downloading relations (1 items)
21:01:20.403069 [info ]: Finished loading project [  0.02s]
21:01:20.578323 [debug]: Query executed on node unknown:
SHOW OBJECTS IN SCHEMA "ANALYTICS"."DBT_JBONDOC" LIMIT 10000
21:01:20.578507 [debug]:   Finished [  0.18s] downloading relations (1 items)
21:01:20.608062 [info ]: Started building task graph
21:01:20.608127 [info ]: Finished building task graph [  0.00s]
21:01:20.634847 [info ]: Started rendering (10 nodes)
21:01:20.634864 [info ]: Started snapshot dbt_jbondoc_snapshot.mock_orders
21:01:20.634871 [debug]: Started rendering snapshot dbt_jbondoc_snapshot.mock_orders
21:01:20.634884 [info ]: Started model dbt_jbondoc.stg_page_views
21:01:20.634888 [debug]: Started rendering model dbt_jbondoc.stg_page_views
21:01:20.634893 [info ]: Started model dbt_jbondoc.int_orders__pivoted
21:01:20.634897 [debug]: Started rendering model dbt_jbondoc.int_orders__pivoted
21:01:20.634904 [info ]: Started model dbt_jbondoc.dim_customers
21:01:20.634907 [debug]: Started rendering model dbt_jbondoc.dim_customers
21:01:20.634913 [info ]: Started model dbt_jbondoc.stg_customers
21:01:20.634917 [debug]: Started rendering model dbt_jbondoc.stg_customers
21:01:20.634922 [info ]: Started model dbt_jbondoc.fct_orders
21:01:20.634925 [debug]: Started rendering model dbt_jbondoc.fct_orders
21:01:20.634930 [info ]: Started model dbt_jbondoc.stg_orders
21:01:20.634934 [debug]: Started rendering model dbt_jbondoc.stg_orders
21:01:20.634938 [info ]: Started model dbt_jbondoc.all_dates
21:01:20.634941 [debug]: Started rendering model dbt_jbondoc.all_dates
21:01:20.634947 [info ]: Started analysis dbt_jbondoc.total_revenue
21:01:20.634950 [debug]: Started rendering analysis dbt_jbondoc.total_revenue
21:01:20.634954 [info ]: Started model dbt_jbondoc.stg_payments
21:01:20.634957 [debug]: Started rendering model dbt_jbondoc.stg_payments
21:01:20.635223 [debug]: Compiled SQL for node model.jaffle_shop.stg_payments at target/.lsp/compiled/jaffle_shop/models/staging/stripe/stg_payments.sql
21:01:20.635272 [debug]: Finished rendering [  0.00s] model dbt_jbondoc.stg_payments [success]
21:01:20.635291 [info ]: Started analyzing (9 nodes)
21:01:20.635294 [debug]: Started analyzing model dbt_jbondoc.stg_payments
21:01:20.635394 [debug]: Compiled SQL for node model.jaffle_shop.fct_orders at target/.lsp/compiled/jaffle_shop/models/marts/core/fct_orders.sql
21:01:20.635394 [debug]: Compiled SQL for node model.jaffle_shop.stg_orders at target/.lsp/compiled/jaffle_shop/models/staging/jaffle_shop/stg_orders.sql
21:01:20.635439 [debug]: Finished analyzing [  0.00s] model dbt_jbondoc.stg_payments [success]
21:01:20.635447 [info ]:  Succeeded [-------] model dbt_jbondoc.stg_payments (view)
21:01:20.635457 [debug]: Finished rendering [  0.00s] model dbt_jbondoc.stg_orders [success]
21:01:20.635465 [debug]: Started analyzing model dbt_jbondoc.stg_orders
21:01:20.635474 [debug]: Finished rendering [  0.00s] model dbt_jbondoc.fct_orders [success]
21:01:20.635478 [debug]: Started analyzing model dbt_jbondoc.fct_orders
21:01:20.635601 [debug]: Compiled SQL for node model.jaffle_shop.int_orders__pivoted at target/.lsp/compiled/jaffle_shop/models/marts/core/int_orders__pivoted.sql
21:01:20.635614 [debug]: Finished analyzing [  0.00s] model dbt_jbondoc.stg_orders [success]
21:01:20.635655 [info ]:  Succeeded [-------] model dbt_jbondoc.stg_orders (view)
21:01:20.635670 [debug]: Finished rendering [  0.00s] model dbt_jbondoc.int_orders__pivoted [success]
21:01:20.635681 [debug]: Started analyzing model dbt_jbondoc.int_orders__pivoted
21:01:20.635839 [debug]: Compiled SQL for node analysis.jaffle_shop.total_revenue at target/.lsp/compiled/jaffle_shop/analysis/total_revenue.sql
21:01:20.635867 [debug]: Finished analyzing [  0.00s] model dbt_jbondoc.fct_orders [success]
21:01:20.635874 [info ]:  Succeeded [-------] model dbt_jbondoc.fct_orders (table)
21:01:20.635882 [debug]: Finished rendering [  0.00s] analysis dbt_jbondoc.total_revenue [success]
21:01:20.635886 [info ]:  Succeeded [-------] analysis dbt_jbondoc.total_revenue (analysis)
21:01:20.635917 [debug]: Compiled SQL for node model.jaffle_shop.stg_customers at target/.lsp/compiled/jaffle_shop/models/staging/jaffle_shop/stg_customers.sql
21:01:20.635953 [debug]: Finished rendering [  0.00s] model dbt_jbondoc.stg_customers [success]
21:01:20.635960 [debug]: Started analyzing model dbt_jbondoc.stg_customers
21:01:20.636006 [debug]: Finished analyzing [  0.00s] model dbt_jbondoc.int_orders__pivoted [success]
21:01:20.636012 [info ]:  Succeeded [-------] model dbt_jbondoc.int_orders__pivoted (table)
21:01:20.636019 [debug]: Finished analyzing [  0.00s] model dbt_jbondoc.stg_customers [success]
21:01:20.636022 [info ]:  Succeeded [  0.00s] model dbt_jbondoc.stg_customers (view)
21:01:20.637740 [debug]: Compiled SQL for node model.jaffle_shop.dim_customers at target/.lsp/compiled/jaffle_shop/models/marts/core/dim_customers.sql
21:01:20.637757 [debug]: Compiled SQL for node snapshot.jaffle_shop.mock_orders at target/.lsp/compiled/jaffle_shop/snapshots/mock_orders.sql/mock_orders.sql
21:01:20.637785 [debug]: Finished rendering [  0.00s] model dbt_jbondoc.dim_customers [success]
21:01:20.637796 [debug]: Started analyzing model dbt_jbondoc.dim_customers
21:01:20.637805 [debug]: Finished rendering [  0.00s] snapshot dbt_jbondoc_snapshot.mock_orders [success]
21:01:20.637816 [debug]: Started analyzing snapshot dbt_jbondoc_snapshot.mock_orders
21:01:20.637863 [debug]: Finished analyzing [  0.00s] snapshot dbt_jbondoc_snapshot.mock_orders [success]
21:01:20.637868 [info ]:  Succeeded [  0.00s] snapshot dbt_jbondoc_snapshot.mock_orders (snapshot)
21:01:20.637949 [debug]: Compiled SQL for node model.jaffle_shop.stg_page_views at target/.lsp/compiled/jaffle_shop/models/staging/snowplow/stg_page_views.sql
21:01:20.637979 [debug]: Finished rendering [  0.00s] model dbt_jbondoc.stg_page_views [success]
21:01:20.637985 [debug]: Started analyzing model dbt_jbondoc.stg_page_views
21:01:20.638019 [debug]: Finished analyzing [  0.00s] model dbt_jbondoc.dim_customers [success]
21:01:20.638027 [info ]:  Succeeded [  0.00s] model dbt_jbondoc.dim_customers (table)
21:01:20.638176 [debug]: Finished analyzing [  0.00s] model dbt_jbondoc.stg_page_views [success]
21:01:20.638182 [info ]:  Succeeded [  0.00s] model dbt_jbondoc.stg_page_views (incremental)
21:01:22.406728 [debug]: Query executed on node model.jaffle_shop.all_dates:
select datediff(
        day,
        to_date('01/01/2020', 'mm/dd/yyyy'),
        to_date('01/01/2021', 'mm/dd/yyyy')
        )
/* {"app": "dbt", "connection_name": "", "dbt_version": "2.0.0", "profile_name": "default", "target_name": "dev"} */
21:01:22.408445 [debug]: Compiled SQL for node model.jaffle_shop.all_dates at target/.lsp/compiled/jaffle_shop/models/all_dates.sql
21:01:22.408600 [debug]: Finished rendering [  1.77s] model dbt_jbondoc.all_dates [success]
21:01:22.408622 [info ]: Finished rendering [  1.77s] (10 nodes, 0 skipped, 0 errors)
21:01:22.408647 [debug]: Started analyzing model dbt_jbondoc.all_dates
21:01:22.412473 [debug]: Finished analyzing [  0.00s] model dbt_jbondoc.all_dates [success]
21:01:22.412504 [info ]: Finished analyzing [  1.78s] (9 nodes, 0 skipped, 0 errors)
21:01:22.412514 [info ]:  Succeeded [  1.78s] model dbt_jbondoc.all_dates (table)
21:01:22.417196 [info ]: Started scheduling
21:01:22.417269 [info ]: Finished scheduling [  0.00s]
21:01:22.417601 [info ]: Cached model count updated: 8 models (accurate)
21:02:05.912150 [info ]: Started loading project
21:02:05.912568 [info ]: Loading ~/.dbt/profiles.yml
21:02:05.923475 [info ]: Started parsing
21:02:05.942523 [info ]: Finished loading project [  0.03s]
21:02:05.944528 [debug]: Finished parsing models/marts/core/fct_orders.yml [  0.00s]
21:02:05.945313 [debug]: Finished parsing snapshots/mock_orders.sql [  0.00s]
21:02:05.946256 [debug]: Finished parsing models/marts/core/fct_orders.sql [  0.00s]
21:02:05.994110 [info ]: Finished parsing [  0.07s]
21:02:05.995660 [info ]: Cached model count updated: 8 models (estimate)
21:02:05.995669 [info ]: Cached model count updated: 8 models (accurate)
21:02:05.995688 [info ]: Started scheduling
21:02:05.995737 [info ]: Finished scheduling [  0.00s]
21:02:05.995743 [debug]: Compilation - 3 nodes selected: {"model.jaffle_shop.fct_orders", "model.jaffle_shop.stg_orders", "model.jaffle_shop.stg_payments"}
21:02:06.022022 [info ]: Started building task graph
21:02:06.022086 [info ]: Finished building task graph [  0.00s]
21:02:06.055148 [info ]: Started rendering (3 nodes)
21:02:06.055168 [info ]: Started model dbt_jbondoc.fct_orders
21:02:06.055174 [debug]: Started rendering model dbt_jbondoc.fct_orders
21:02:06.055191 [info ]: Started model dbt_jbondoc.stg_payments
21:02:06.055195 [debug]: Started rendering model dbt_jbondoc.stg_payments
21:02:06.055203 [info ]: Started model dbt_jbondoc.stg_orders
21:02:06.055205 [debug]: Started rendering model dbt_jbondoc.stg_orders
21:02:06.055643 [debug]: Compiled SQL for node model.jaffle_shop.stg_payments at target/.lsp/compiled/jaffle_shop/models/staging/stripe/stg_payments.sql
21:02:06.055657 [debug]: Compiled SQL for node model.jaffle_shop.stg_orders at target/.lsp/compiled/jaffle_shop/models/staging/jaffle_shop/stg_orders.sql
21:02:06.055676 [debug]: Finished rendering [  0.00s] model dbt_jbondoc.stg_payments [success]
21:02:06.055695 [info ]: Started analyzing (3 nodes)
21:02:06.055698 [debug]: Started analyzing model dbt_jbondoc.stg_payments
21:02:06.055706 [debug]: Finished rendering [  0.00s] model dbt_jbondoc.stg_orders [success]
21:02:06.055710 [debug]: Started analyzing model dbt_jbondoc.stg_orders
21:02:06.055710 [debug]: Compiled SQL for node model.jaffle_shop.fct_orders at target/.lsp/compiled/jaffle_shop/models/marts/core/fct_orders.sql
21:02:06.055753 [debug]: Finished rendering [  0.00s] model dbt_jbondoc.fct_orders [success]
21:02:06.055761 [info ]: Finished rendering [  0.00s] (3 nodes, 0 skipped, 0 errors)
21:02:06.055766 [debug]: Started analyzing model dbt_jbondoc.fct_orders
21:02:06.056047 [debug]: Finished analyzing [  0.00s] model dbt_jbondoc.stg_orders [success]
21:02:06.056053 [info ]:  Succeeded [-------] model dbt_jbondoc.stg_orders (view)
21:02:06.056060 [debug]: Finished analyzing [  0.00s] model dbt_jbondoc.stg_payments [success]
21:02:06.056063 [info ]:  Succeeded [-------] model dbt_jbondoc.stg_payments (view)
21:02:06.056257 [debug]: Finished analyzing [  0.00s] model dbt_jbondoc.fct_orders [success]
21:02:06.056263 [info ]: Finished analyzing [  0.00s] (3 nodes, 0 skipped, 0 errors)
21:02:06.056265 [info ]:  Succeeded [-------] model dbt_jbondoc.fct_orders (table)
21:02:06.057896 [info ]: Started scheduling
21:02:06.057925 [info ]: Finished scheduling [  0.00s]
21:02:06.058344 [info ]: Cached model count updated: 8 models (accurate)
21:02:07.242397 [info ]: Started loading project
21:02:07.242696 [info ]: Loading ~/.dbt/profiles.yml
21:02:07.258473 [info ]: Cached model count updated: 8 models (estimate)
21:02:07.258490 [info ]: Cached model count updated: 8 models (accurate)
21:02:07.258513 [info ]: Started scheduling
21:02:07.258584 [info ]: Finished scheduling [  0.00s]
21:02:07.258593 [debug]: Compilation - 10 nodes selected: {"analysis.jaffle_shop.total_revenue", "model.jaffle_shop.all_dates", "model.jaffle_shop.dim_customers", "model.jaffle_shop.fct_orders", "model.jaffle_shop.int_orders__pivoted", "model.jaffle_shop.stg_customers", "model.jaffle_shop.stg_orders", "model.jaffle_shop.stg_page_views", "model.jaffle_shop.stg_payments", "snapshot.jaffle_shop.mock_orders"}
21:02:07.259173 [debug]:    Started downloading relations (1 items)
21:02:07.259217 [info ]: Finished loading project [  0.02s]
21:02:07.442560 [debug]: Query executed on node unknown:
SHOW OBJECTS IN SCHEMA "ANALYTICS"."DBT_JBONDOC" LIMIT 10000
21:02:07.442711 [debug]:   Finished [  0.18s] downloading relations (1 items)
21:02:07.464301 [info ]: Started building task graph
21:02:07.464359 [info ]: Finished building task graph [  0.00s]
21:02:07.488410 [info ]: Started rendering (10 nodes)
21:02:07.488425 [info ]: Started snapshot dbt_jbondoc_snapshot.mock_orders
21:02:07.488431 [debug]: Started rendering snapshot dbt_jbondoc_snapshot.mock_orders
21:02:07.488451 [info ]: Started model dbt_jbondoc.stg_page_views
21:02:07.488456 [debug]: Started rendering model dbt_jbondoc.stg_page_views
21:02:07.488460 [info ]: Started model dbt_jbondoc.int_orders__pivoted
21:02:07.488462 [debug]: Started rendering model dbt_jbondoc.int_orders__pivoted
21:02:07.488466 [info ]: Started model dbt_jbondoc.dim_customers
21:02:07.488469 [debug]: Started rendering model dbt_jbondoc.dim_customers
21:02:07.488484 [info ]: Started model dbt_jbondoc.stg_customers
21:02:07.488492 [debug]: Started rendering model dbt_jbondoc.stg_customers
21:02:07.488499 [info ]: Started model dbt_jbondoc.fct_orders
21:02:07.488502 [debug]: Started rendering model dbt_jbondoc.fct_orders
21:02:07.488506 [info ]: Started model dbt_jbondoc.stg_orders
21:02:07.488508 [debug]: Started rendering model dbt_jbondoc.stg_orders
21:02:07.488511 [info ]: Started model dbt_jbondoc.all_dates
21:02:07.488514 [debug]: Started rendering model dbt_jbondoc.all_dates
21:02:07.488519 [info ]: Started analysis dbt_jbondoc.total_revenue
21:02:07.488521 [debug]: Started rendering analysis dbt_jbondoc.total_revenue
21:02:07.488525 [info ]: Started model dbt_jbondoc.stg_payments
21:02:07.488527 [debug]: Started rendering model dbt_jbondoc.stg_payments
21:02:07.488969 [debug]: Compiled SQL for node snapshot.jaffle_shop.mock_orders at target/.lsp/compiled/jaffle_shop/snapshots/mock_orders.sql/mock_orders.sql
21:02:07.488970 [debug]: Compiled SQL for node model.jaffle_shop.fct_orders at target/.lsp/compiled/jaffle_shop/models/marts/core/fct_orders.sql
21:02:07.489019 [debug]: Finished rendering [  0.00s] model dbt_jbondoc.fct_orders [success]
21:02:07.489066 [info ]: Started analyzing (9 nodes)
21:02:07.489062 [debug]: Compiled SQL for node model.jaffle_shop.stg_orders at target/.lsp/compiled/jaffle_shop/models/staging/jaffle_shop/stg_orders.sql
21:02:07.489072 [debug]: Started analyzing model dbt_jbondoc.fct_orders
21:02:07.489084 [debug]: Finished rendering [  0.00s] snapshot dbt_jbondoc_snapshot.mock_orders [success]
21:02:07.489095 [debug]: Started analyzing snapshot dbt_jbondoc_snapshot.mock_orders
21:02:07.489103 [debug]: Finished rendering [  0.00s] model dbt_jbondoc.stg_orders [success]
21:02:07.489101 [debug]: Compiled SQL for node analysis.jaffle_shop.total_revenue at target/.lsp/compiled/jaffle_shop/analysis/total_revenue.sql
21:02:07.489100 [debug]: Compiled SQL for node model.jaffle_shop.stg_customers at target/.lsp/compiled/jaffle_shop/models/staging/jaffle_shop/stg_customers.sql
21:02:07.489113 [debug]: Started analyzing model dbt_jbondoc.stg_orders
21:02:07.489111 [debug]: Compiled SQL for node model.jaffle_shop.int_orders__pivoted at target/.lsp/compiled/jaffle_shop/models/marts/core/int_orders__pivoted.sql
21:02:07.489127 [debug]: Compiled SQL for node model.jaffle_shop.stg_payments at target/.lsp/compiled/jaffle_shop/models/staging/stripe/stg_payments.sql
21:02:07.489138 [debug]: Finished rendering [  0.00s] model dbt_jbondoc.stg_customers [success]
21:02:07.489153 [debug]: Started analyzing model dbt_jbondoc.stg_customers
21:02:07.489163 [debug]: Compiled SQL for node model.jaffle_shop.all_dates at target/.lsp/compiled/jaffle_shop/models/all_dates.sql
21:02:07.489166 [debug]: Finished rendering [  0.00s] model dbt_jbondoc.int_orders__pivoted [success]
21:02:07.489167 [debug]: Compiled SQL for node model.jaffle_shop.dim_customers at target/.lsp/compiled/jaffle_shop/models/marts/core/dim_customers.sql
21:02:07.489174 [debug]: Started analyzing model dbt_jbondoc.int_orders__pivoted
21:02:07.489185 [debug]: Finished rendering [  0.00s] model dbt_jbondoc.stg_payments [success]
21:02:07.489190 [debug]: Started analyzing model dbt_jbondoc.stg_payments
21:02:07.489199 [debug]: Finished rendering [  0.00s] analysis dbt_jbondoc.total_revenue [success]
21:02:07.489215 [debug]: Compiled SQL for node model.jaffle_shop.stg_page_views at target/.lsp/compiled/jaffle_shop/models/staging/snowplow/stg_page_views.sql
21:02:07.489217 [info ]:  Succeeded [-------] analysis dbt_jbondoc.total_revenue (analysis)
21:02:07.489234 [debug]: Finished analyzing [  0.00s] snapshot dbt_jbondoc_snapshot.mock_orders [success]
21:02:07.489240 [info ]:  Succeeded [-------] snapshot dbt_jbondoc_snapshot.mock_orders (snapshot)
21:02:07.489249 [debug]: Finished rendering [  0.00s] model dbt_jbondoc.all_dates [success]
21:02:07.489255 [debug]: Started analyzing model dbt_jbondoc.all_dates
21:02:07.489265 [debug]: Finished rendering [  0.00s] model dbt_jbondoc.dim_customers [success]
21:02:07.489271 [debug]: Started analyzing model dbt_jbondoc.dim_customers
21:02:07.489277 [debug]: Finished analyzing [  0.00s] model dbt_jbondoc.stg_orders [success]
21:02:07.489281 [info ]:  Succeeded [-------] model dbt_jbondoc.stg_orders (view)
21:02:07.489287 [debug]: Finished rendering [  0.00s] model dbt_jbondoc.stg_page_views [success]
21:02:07.489291 [info ]: Finished rendering [  0.00s] (10 nodes, 0 skipped, 0 errors)
21:02:07.489295 [debug]: Started analyzing model dbt_jbondoc.stg_page_views
21:02:07.489317 [debug]: Finished analyzing [  0.00s] model dbt_jbondoc.stg_customers [success]
21:02:07.489329 [info ]:  Succeeded [-------] model dbt_jbondoc.stg_customers (view)
21:02:07.489340 [debug]: Finished analyzing [  0.00s] model dbt_jbondoc.stg_payments [success]
21:02:07.489347 [info ]:  Succeeded [-------] model dbt_jbondoc.stg_payments (view)
21:02:07.489487 [debug]: Finished analyzing [  0.00s] model dbt_jbondoc.fct_orders [success]
21:02:07.489495 [info ]:  Succeeded [-------] model dbt_jbondoc.fct_orders (table)
21:02:07.489720 [debug]: Finished analyzing [  0.00s] model dbt_jbondoc.int_orders__pivoted [success]
21:02:07.489732 [info ]:  Succeeded [-------] model dbt_jbondoc.int_orders__pivoted (table)
21:02:07.489741 [debug]: Finished analyzing [  0.00s] model dbt_jbondoc.dim_customers [success]
21:02:07.489745 [info ]:  Succeeded [-------] model dbt_jbondoc.dim_customers (table)
21:02:07.489750 [debug]: Finished analyzing [  0.00s] model dbt_jbondoc.stg_page_views [success]
21:02:07.489752 [info ]:  Succeeded [-------] model dbt_jbondoc.stg_page_views (incremental)
21:02:07.490932 [debug]: Finished analyzing [  0.00s] model dbt_jbondoc.all_dates [success]
21:02:07.490938 [info ]: Finished analyzing [  0.00s] (9 nodes, 0 skipped, 0 errors)
21:02:07.490941 [info ]:  Succeeded [  0.00s] model dbt_jbondoc.all_dates (table)
21:02:07.492801 [info ]: Started scheduling
21:02:07.492834 [info ]: Finished scheduling [  0.00s]
21:02:07.492989 [info ]: Cached model count updated: 8 models (accurate)
21:03:02.022117 [info ]: Started loading project
21:03:02.022485 [info ]: Loading ~/.dbt/profiles.yml
21:03:02.029921 [info ]: Started loading project
21:03:02.030154 [info ]: Loading ~/.dbt/profiles.yml
21:03:02.030175 [info ]: Finished loading project [  0.01s]
21:03:02.128817 [info ]: Loading packages.yml
21:03:02.128905 [debug]:    Started loading packages
21:03:02.135750 [debug]:     Loaded [  0.01s] packages
21:03:02.136054 [info ]: Finished loading project [  0.11s]
21:03:02.136184 [info ]: Started parsing
21:03:02.161086 [debug]: Finished parsing models/marts/core/fct_orders.yml [  0.00s]
21:03:02.161344 [debug]: Finished parsing models/staging/jaffle_shop/src_jaffle_shop.yml [  0.00s]
21:03:02.161668 [debug]: Finished parsing models/staging/jaffle_shop/stg_jaffle_shop.yml [  0.00s]
21:03:02.161891 [debug]: Finished parsing models/staging/snowplow/src_snowplow.yml [  0.00s]
21:03:02.162078 [debug]: Finished parsing models/staging/stripe/src_stripe.yml [  0.00s]
21:03:02.162749 [debug]: Finished parsing snapshots/mock_orders.sql [  0.00s]
21:03:02.163710 [debug]: Finished parsing models/all_dates.sql [  0.00s]
21:03:02.164086 [debug]: Finished parsing models/marts/core/dim_customers.sql [  0.00s]
21:03:02.164349 [debug]: Finished parsing models/marts/core/fct_orders.sql [  0.00s]
21:03:02.164656 [debug]: Finished parsing models/marts/core/int_orders__pivoted.sql [  0.00s]
21:03:02.165015 [debug]: Finished parsing models/staging/jaffle_shop/stg_customers.sql [  0.00s]
21:03:02.165219 [debug]: Finished parsing models/staging/jaffle_shop/stg_orders.sql [  0.00s]
21:03:02.165504 [debug]: Finished parsing models/staging/snowplow/stg_page_views.sql [  0.00s]
21:03:02.165730 [debug]: Finished parsing models/staging/stripe/stg_payments.sql [  0.00s]
21:03:02.168230 [debug]: Finished parsing analysis/total_revenue.sql [  0.00s]
21:03:02.168564 [debug]: Finished parsing tests/assert_positive_value_for_total_amount.sql [  0.00s]
21:03:02.214680 [info ]: Finished parsing [  0.08s]
21:03:02.215446 [info ]: Cached model count updated: 8 models (estimate)
21:03:02.215454 [info ]: Cached model count updated: 8 models (accurate)
21:03:02.215474 [info ]: Started scheduling
21:03:02.215501 [info ]: Finished scheduling [  0.00s]
21:03:02.215506 [debug]: Compilation - 0 nodes selected: {}
21:03:02.215517 [warn ]: [NoNodesForSelectionCriteria (dbt1092)]: The selection criterion '' does not match any enabled nodes
21:03:02.215525 [warn ]: [NoNodesSelected (dbt1601)]: Nothing to do. Try checking your model configs and model specification args
21:03:02.215530 [info ]: Started scheduling
21:03:02.215575 [info ]: Finished scheduling [  0.00s]
21:03:02.215663 [debug]: Initializing schema store with entry: Selected("snapshot.jaffle_shop.mock_orders") and interval: None
21:03:02.215675 [debug]: Initializing schema store with entry: Frontier(CanonicalFqn { catalog: "RAW", schema: "STRIPE", table: "PAYMENT" }) and interval: None
21:03:02.215680 [debug]: Initializing schema store with entry: Frontier(CanonicalFqn { catalog: "RAW", schema: "JAFFLE_SHOP", table: "CUSTOMERS" }) and interval: None
21:03:02.215683 [debug]: Initializing schema store with entry: Frontier(CanonicalFqn { catalog: "RAW", schema: "JAFFLE_SHOP", table: "ORDERS" }) and interval: None
21:03:02.215686 [debug]: Initializing schema store with entry: Frontier(CanonicalFqn { catalog: "RAW", schema: "SNOWPLOW", table: "EVENTS" }) and interval: None
21:03:02.236323 [info ]: Started building task graph
21:03:02.236338 [info ]: Finished building task graph [  0.00s]
21:03:02.273470 [info ]: Started scheduling
21:03:02.273500 [info ]: Finished scheduling [  0.00s]
21:03:02.274735 [info ]: Cached model count updated: 8 models (accurate)
21:03:03.449935 [info ]: Started loading project
21:03:03.450299 [info ]: Loading ~/.dbt/profiles.yml
21:03:03.467110 [info ]: Cached model count updated: 8 models (estimate)
21:03:03.467123 [info ]: Cached model count updated: 8 models (accurate)
21:03:03.467146 [info ]: Started scheduling
21:03:03.467211 [info ]: Finished scheduling [  0.00s]
21:03:03.467220 [debug]: Compilation - 10 nodes selected: {"analysis.jaffle_shop.total_revenue", "model.jaffle_shop.all_dates", "model.jaffle_shop.dim_customers", "model.jaffle_shop.fct_orders", "model.jaffle_shop.int_orders__pivoted", "model.jaffle_shop.stg_customers", "model.jaffle_shop.stg_orders", "model.jaffle_shop.stg_page_views", "model.jaffle_shop.stg_payments", "snapshot.jaffle_shop.mock_orders"}
21:03:03.467675 [debug]:    Started downloading relations (1 items)
21:03:03.467719 [info ]: Finished loading project [  0.02s]
21:03:03.710309 [debug]: Query executed on node unknown:
SHOW OBJECTS IN SCHEMA "ANALYTICS"."DBT_JBONDOC" LIMIT 10000
21:03:03.710554 [debug]:   Finished [  0.24s] downloading relations (1 items)
21:03:03.747125 [info ]: Started building task graph
21:03:03.747207 [info ]: Finished building task graph [  0.00s]
21:03:03.774461 [info ]: Started rendering (10 nodes)
21:03:03.774478 [info ]: Started snapshot dbt_jbondoc_snapshot.mock_orders
21:03:03.774486 [debug]: Started rendering snapshot dbt_jbondoc_snapshot.mock_orders
21:03:03.774511 [info ]: Started model dbt_jbondoc.stg_page_views
21:03:03.774516 [debug]: Started rendering model dbt_jbondoc.stg_page_views
21:03:03.774522 [info ]: Started model dbt_jbondoc.int_orders__pivoted
21:03:03.774524 [debug]: Started rendering model dbt_jbondoc.int_orders__pivoted
21:03:03.774529 [info ]: Started model dbt_jbondoc.dim_customers
21:03:03.774532 [debug]: Started rendering model dbt_jbondoc.dim_customers
21:03:03.774537 [info ]: Started model dbt_jbondoc.stg_customers
21:03:03.774542 [debug]: Started rendering model dbt_jbondoc.stg_customers
21:03:03.774546 [info ]: Started model dbt_jbondoc.fct_orders
21:03:03.774549 [debug]: Started rendering model dbt_jbondoc.fct_orders
21:03:03.774553 [info ]: Started model dbt_jbondoc.stg_orders
21:03:03.774555 [debug]: Started rendering model dbt_jbondoc.stg_orders
21:03:03.774559 [info ]: Started model dbt_jbondoc.all_dates
21:03:03.774562 [debug]: Started rendering model dbt_jbondoc.all_dates
21:03:03.774570 [info ]: Started analysis dbt_jbondoc.total_revenue
21:03:03.774573 [debug]: Started rendering analysis dbt_jbondoc.total_revenue
21:03:03.774577 [info ]: Started model dbt_jbondoc.stg_payments
21:03:03.774580 [debug]: Started rendering model dbt_jbondoc.stg_payments
21:03:03.775788 [debug]: Compiled SQL for node model.jaffle_shop.int_orders__pivoted at target/.lsp/compiled/jaffle_shop/models/marts/core/int_orders__pivoted.sql
21:03:03.775782 [debug]: Compiled SQL for node snapshot.jaffle_shop.mock_orders at target/.lsp/compiled/jaffle_shop/snapshots/mock_orders.sql/mock_orders.sql
21:03:03.775794 [debug]: Compiled SQL for node model.jaffle_shop.dim_customers at target/.lsp/compiled/jaffle_shop/models/marts/core/dim_customers.sql
21:03:03.775804 [debug]: Compiled SQL for node model.jaffle_shop.stg_customers at target/.lsp/compiled/jaffle_shop/models/staging/jaffle_shop/stg_customers.sql
21:03:03.775863 [debug]: Finished rendering [  0.00s] model dbt_jbondoc.int_orders__pivoted [success]
21:03:03.775887 [info ]: Started analyzing (9 nodes)
21:03:03.775893 [debug]: Started analyzing model dbt_jbondoc.int_orders__pivoted
21:03:03.775906 [debug]: Finished rendering [  0.00s] model dbt_jbondoc.stg_customers [success]
21:03:03.775912 [debug]: Started analyzing model dbt_jbondoc.stg_customers
21:03:03.775919 [debug]: Finished rendering [  0.00s] snapshot dbt_jbondoc_snapshot.mock_orders [success]
21:03:03.775927 [debug]: Started analyzing snapshot dbt_jbondoc_snapshot.mock_orders
21:03:03.775942 [debug]: Finished rendering [  0.00s] model dbt_jbondoc.dim_customers [success]
21:03:03.775947 [debug]: Started analyzing model dbt_jbondoc.dim_customers
21:03:03.776061 [debug]: Compiled SQL for node analysis.jaffle_shop.total_revenue at target/.lsp/compiled/jaffle_shop/analysis/total_revenue.sql
21:03:03.776104 [debug]: Compiled SQL for node model.jaffle_shop.fct_orders at target/.lsp/compiled/jaffle_shop/models/marts/core/fct_orders.sql
21:03:03.776121 [debug]: Finished rendering [  0.00s] analysis dbt_jbondoc.total_revenue [success]
21:03:03.776131 [debug]: Compiled SQL for node model.jaffle_shop.stg_orders at target/.lsp/compiled/jaffle_shop/models/staging/jaffle_shop/stg_orders.sql
21:03:03.776129 [debug]: Compiled SQL for node model.jaffle_shop.stg_page_views at target/.lsp/compiled/jaffle_shop/models/staging/snowplow/stg_page_views.sql
21:03:03.776136 [info ]:  Succeeded [  0.00s] analysis dbt_jbondoc.total_revenue (analysis)
21:03:03.776152 [debug]: Finished rendering [  0.00s] model dbt_jbondoc.fct_orders [success]
21:03:03.776163 [debug]: Started analyzing model dbt_jbondoc.fct_orders
21:03:03.776200 [debug]: Finished rendering [  0.00s] model dbt_jbondoc.stg_page_views [success]
21:03:03.776209 [debug]: Compiled SQL for node model.jaffle_shop.stg_payments at target/.lsp/compiled/jaffle_shop/models/staging/stripe/stg_payments.sql
21:03:03.776215 [debug]: Started analyzing model dbt_jbondoc.stg_page_views
21:03:03.776226 [debug]: Finished rendering [  0.00s] model dbt_jbondoc.stg_orders [success]
21:03:03.776233 [debug]: Started analyzing model dbt_jbondoc.stg_orders
21:03:03.776279 [debug]: Finished rendering [  0.00s] model dbt_jbondoc.stg_payments [success]
21:03:03.776291 [debug]: Started analyzing model dbt_jbondoc.stg_payments
21:03:03.776362 [debug]: Finished analyzing [  0.00s] snapshot dbt_jbondoc_snapshot.mock_orders [success]
21:03:03.776374 [info ]:  Succeeded [  0.00s] snapshot dbt_jbondoc_snapshot.mock_orders (snapshot)
21:03:03.776384 [debug]: Finished analyzing [  0.00s] model dbt_jbondoc.stg_customers [success]
21:03:03.776390 [info ]:  Succeeded [  0.00s] model dbt_jbondoc.stg_customers (view)
21:03:03.776397 [debug]: Finished analyzing [  0.00s] model dbt_jbondoc.stg_orders [success]
21:03:03.776402 [info ]:  Succeeded [  0.00s] model dbt_jbondoc.stg_orders (view)
21:03:03.776481 [debug]: Finished analyzing [  0.00s] model dbt_jbondoc.stg_payments [success]
21:03:03.776490 [info ]:  Succeeded [  0.00s] model dbt_jbondoc.stg_payments (view)
21:03:03.776625 [debug]: Finished analyzing [  0.00s] model dbt_jbondoc.dim_customers [success]
21:03:03.776633 [info ]:  Succeeded [  0.00s] model dbt_jbondoc.dim_customers (table)
21:03:03.776640 [debug]: Finished analyzing [  0.00s] model dbt_jbondoc.stg_page_views [success]
21:03:03.776644 [info ]:  Succeeded [  0.00s] model dbt_jbondoc.stg_page_views (incremental)
21:03:03.776675 [debug]: Finished analyzing [  0.00s] model dbt_jbondoc.fct_orders [success]
21:03:03.776679 [info ]:  Succeeded [  0.00s] model dbt_jbondoc.fct_orders (table)
21:03:03.776763 [debug]: Finished analyzing [  0.00s] model dbt_jbondoc.int_orders__pivoted [success]
21:03:03.776768 [info ]:  Succeeded [  0.00s] model dbt_jbondoc.int_orders__pivoted (table)
21:03:04.870436 [debug]: Query executed on node model.jaffle_shop.all_dates:
select datediff(
        day,
        to_date('01/01/2020', 'mm/dd/yyyy'),
        to_date('01/01/2021', 'mm/dd/yyyy')
        )
/* {"app": "dbt", "connection_name": "", "dbt_version": "2.0.0", "profile_name": "default", "target_name": "dev"} */
21:03:04.871465 [debug]: Compiled SQL for node model.jaffle_shop.all_dates at target/.lsp/compiled/jaffle_shop/models/all_dates.sql
21:03:04.871539 [debug]: Finished rendering [  1.10s] model dbt_jbondoc.all_dates [success]
21:03:04.871550 [info ]: Finished rendering [  1.10s] (10 nodes, 0 skipped, 0 errors)
21:03:04.871564 [debug]: Started analyzing model dbt_jbondoc.all_dates
21:03:04.873497 [debug]: Finished analyzing [  0.00s] model dbt_jbondoc.all_dates [success]
21:03:04.873504 [info ]: Finished analyzing [  1.10s] (9 nodes, 0 skipped, 0 errors)
21:03:04.873509 [info ]:  Succeeded [  1.10s] model dbt_jbondoc.all_dates (table)
21:03:04.875143 [info ]: Started scheduling
21:03:04.875174 [info ]: Finished scheduling [  0.00s]
21:03:04.875356 [info ]: Cached model count updated: 8 models (accurate)
21:06:27.253932 [info ]: Started loading project
21:06:27.254587 [info ]: Loading ~/.dbt/profiles.yml
21:06:27.262708 [info ]: Started loading project
21:06:27.262948 [info ]: Loading ~/.dbt/profiles.yml
21:06:27.262964 [info ]: Finished loading project [  0.01s]
21:06:27.369096 [info ]: Loading packages.yml
21:06:27.369161 [debug]:    Started loading packages
21:06:27.376484 [debug]:     Loaded [  0.01s] packages
21:06:27.376813 [info ]: Finished loading project [  0.11s]
21:06:27.376929 [info ]: Started parsing
21:06:27.406508 [debug]: Finished parsing models/marts/core/fct_orders.yml [  0.00s]
21:06:27.406764 [debug]: Finished parsing models/staging/jaffle_shop/src_jaffle_shop.yml [  0.00s]
21:06:27.407126 [debug]: Finished parsing models/staging/jaffle_shop/stg_jaffle_shop.yml [  0.00s]
21:06:27.407340 [debug]: Finished parsing models/staging/snowplow/src_snowplow.yml [  0.00s]
21:06:27.407514 [debug]: Finished parsing models/staging/stripe/src_stripe.yml [  0.00s]
21:06:27.408303 [debug]: Finished parsing snapshots/mock_orders.sql [  0.00s]
21:06:27.409292 [debug]: Finished parsing models/all_dates.sql [  0.00s]
21:06:27.409657 [debug]: Finished parsing models/marts/core/dim_customers.sql [  0.00s]
21:06:27.409875 [debug]: Finished parsing models/marts/core/fct_orders.sql [  0.00s]
21:06:27.410134 [debug]: Finished parsing models/marts/core/int_orders__pivoted.sql [  0.00s]
21:06:27.410414 [debug]: Finished parsing models/staging/jaffle_shop/stg_customers.sql [  0.00s]
21:06:27.410613 [debug]: Finished parsing models/staging/jaffle_shop/stg_orders.sql [  0.00s]
21:06:27.410911 [debug]: Finished parsing models/staging/snowplow/stg_page_views.sql [  0.00s]
21:06:27.411166 [debug]: Finished parsing models/staging/stripe/stg_payments.sql [  0.00s]
21:06:27.413891 [debug]: Finished parsing analysis/total_revenue.sql [  0.00s]
21:06:27.414047 [debug]: Finished parsing tests/assert_amount_average_is_greater_than_one.sql [  0.00s]
21:06:27.414361 [debug]: Finished parsing tests/assert_positive_value_for_total_amount.sql [  0.00s]
21:06:27.460670 [info ]: Finished parsing [  0.08s]
21:06:27.461377 [info ]: Cached model count updated: 8 models (estimate)
21:06:27.461384 [info ]: Cached model count updated: 8 models (accurate)
21:06:27.461415 [info ]: Started scheduling
21:06:27.461444 [info ]: Finished scheduling [  0.00s]
21:06:27.461451 [debug]: Compilation - 0 nodes selected: {}
21:06:27.461466 [warn ]: [NoNodesForSelectionCriteria (dbt1092)]: The selection criterion '' does not match any enabled nodes
21:06:27.461484 [warn ]: [NoNodesSelected (dbt1601)]: Nothing to do. Try checking your model configs and model specification args
21:06:27.461488 [info ]: Started scheduling
21:06:27.461532 [info ]: Finished scheduling [  0.00s]
21:06:27.461617 [debug]: Initializing schema store with entry: Selected("snapshot.jaffle_shop.mock_orders") and interval: None
21:06:27.461626 [debug]: Initializing schema store with entry: Frontier(CanonicalFqn { catalog: "RAW", schema: "SNOWPLOW", table: "EVENTS" }) and interval: None
21:06:27.461630 [debug]: Initializing schema store with entry: Frontier(CanonicalFqn { catalog: "RAW", schema: "JAFFLE_SHOP", table: "CUSTOMERS" }) and interval: None
21:06:27.461635 [debug]: Initializing schema store with entry: Frontier(CanonicalFqn { catalog: "RAW", schema: "STRIPE", table: "PAYMENT" }) and interval: None
21:06:27.461638 [debug]: Initializing schema store with entry: Frontier(CanonicalFqn { catalog: "RAW", schema: "JAFFLE_SHOP", table: "ORDERS" }) and interval: None
21:06:27.490200 [info ]: Started building task graph
21:06:27.490216 [info ]: Finished building task graph [  0.00s]
21:06:27.529271 [info ]: Started scheduling
21:06:27.529306 [info ]: Finished scheduling [  0.00s]
21:06:27.530584 [info ]: Cached model count updated: 8 models (accurate)
21:06:28.712485 [info ]: Started loading project
21:06:28.712769 [info ]: Loading ~/.dbt/profiles.yml
21:06:28.728265 [info ]: Cached model count updated: 8 models (estimate)
21:06:28.728282 [info ]: Cached model count updated: 8 models (accurate)
21:06:28.728309 [info ]: Started scheduling
21:06:28.728379 [info ]: Finished scheduling [  0.00s]
21:06:28.728389 [debug]: Compilation - 10 nodes selected: {"analysis.jaffle_shop.total_revenue", "model.jaffle_shop.all_dates", "model.jaffle_shop.dim_customers", "model.jaffle_shop.fct_orders", "model.jaffle_shop.int_orders__pivoted", "model.jaffle_shop.stg_customers", "model.jaffle_shop.stg_orders", "model.jaffle_shop.stg_page_views", "model.jaffle_shop.stg_payments", "snapshot.jaffle_shop.mock_orders"}
21:06:28.728925 [debug]:    Started downloading relations (1 items)
21:06:28.728964 [info ]: Finished loading project [  0.02s]
21:06:29.176174 [debug]: Query executed on node unknown:
SHOW OBJECTS IN SCHEMA "ANALYTICS"."DBT_JBONDOC" LIMIT 10000
21:06:29.176423 [debug]:   Finished [  0.45s] downloading relations (1 items)
21:06:29.214225 [info ]: Started building task graph
21:06:29.214302 [info ]: Finished building task graph [  0.00s]
21:06:29.241661 [info ]: Started rendering (10 nodes)
21:06:29.241678 [info ]: Started snapshot dbt_jbondoc_snapshot.mock_orders
21:06:29.241684 [debug]: Started rendering snapshot dbt_jbondoc_snapshot.mock_orders
21:06:29.241697 [info ]: Started model dbt_jbondoc.stg_page_views
21:06:29.241699 [debug]: Started rendering model dbt_jbondoc.stg_page_views
21:06:29.241704 [info ]: Started model dbt_jbondoc.int_orders__pivoted
21:06:29.241706 [debug]: Started rendering model dbt_jbondoc.int_orders__pivoted
21:06:29.241710 [info ]: Started model dbt_jbondoc.dim_customers
21:06:29.241714 [debug]: Started rendering model dbt_jbondoc.dim_customers
21:06:29.241718 [info ]: Started model dbt_jbondoc.stg_customers
21:06:29.241721 [debug]: Started rendering model dbt_jbondoc.stg_customers
21:06:29.241733 [info ]: Started model dbt_jbondoc.fct_orders
21:06:29.241736 [debug]: Started rendering model dbt_jbondoc.fct_orders
21:06:29.241740 [info ]: Started model dbt_jbondoc.stg_orders
21:06:29.241743 [debug]: Started rendering model dbt_jbondoc.stg_orders
21:06:29.241747 [info ]: Started model dbt_jbondoc.all_dates
21:06:29.241750 [debug]: Started rendering model dbt_jbondoc.all_dates
21:06:29.241756 [info ]: Started analysis dbt_jbondoc.total_revenue
21:06:29.241759 [debug]: Started rendering analysis dbt_jbondoc.total_revenue
21:06:29.241764 [info ]: Started model dbt_jbondoc.stg_payments
21:06:29.241766 [debug]: Started rendering model dbt_jbondoc.stg_payments
21:06:29.243071 [debug]: Compiled SQL for node analysis.jaffle_shop.total_revenue at target/.lsp/compiled/jaffle_shop/analysis/total_revenue.sql
21:06:29.243143 [debug]: Finished rendering [  0.00s] analysis dbt_jbondoc.total_revenue [success]
21:06:29.243154 [info ]:  Succeeded [  0.00s] analysis dbt_jbondoc.total_revenue (analysis)
21:06:29.243400 [debug]: Compiled SQL for node snapshot.jaffle_shop.mock_orders at target/.lsp/compiled/jaffle_shop/snapshots/mock_orders.sql/mock_orders.sql
21:06:29.243414 [debug]: Compiled SQL for node model.jaffle_shop.dim_customers at target/.lsp/compiled/jaffle_shop/models/marts/core/dim_customers.sql
21:06:29.243448 [debug]: Compiled SQL for node model.jaffle_shop.stg_customers at target/.lsp/compiled/jaffle_shop/models/staging/jaffle_shop/stg_customers.sql
21:06:29.243475 [debug]: Compiled SQL for node model.jaffle_shop.fct_orders at target/.lsp/compiled/jaffle_shop/models/marts/core/fct_orders.sql
21:06:29.243489 [debug]: Finished rendering [  0.00s] snapshot dbt_jbondoc_snapshot.mock_orders [success]
21:06:29.243485 [debug]: Compiled SQL for node model.jaffle_shop.stg_payments at target/.lsp/compiled/jaffle_shop/models/staging/stripe/stg_payments.sql
21:06:29.243513 [debug]: Compiled SQL for node model.jaffle_shop.int_orders__pivoted at target/.lsp/compiled/jaffle_shop/models/marts/core/int_orders__pivoted.sql
21:06:29.243514 [debug]: Compiled SQL for node model.jaffle_shop.stg_orders at target/.lsp/compiled/jaffle_shop/models/staging/jaffle_shop/stg_orders.sql
21:06:29.243520 [info ]: Started analyzing (9 nodes)
21:06:29.243529 [debug]: Started analyzing snapshot dbt_jbondoc_snapshot.mock_orders
21:06:29.243551 [debug]: Finished rendering [  0.00s] model dbt_jbondoc.stg_customers [success]
21:06:29.243561 [debug]: Started analyzing model dbt_jbondoc.stg_customers
21:06:29.243552 [debug]: Compiled SQL for node model.jaffle_shop.stg_page_views at target/.lsp/compiled/jaffle_shop/models/staging/snowplow/stg_page_views.sql
21:06:29.243578 [debug]: Finished rendering [  0.00s] model dbt_jbondoc.dim_customers [success]
21:06:29.243585 [debug]: Started analyzing model dbt_jbondoc.dim_customers
21:06:29.243593 [debug]: Finished rendering [  0.00s] model dbt_jbondoc.stg_payments [success]
21:06:29.243600 [debug]: Started analyzing model dbt_jbondoc.stg_payments
21:06:29.243606 [debug]: Finished rendering [  0.00s] model dbt_jbondoc.fct_orders [success]
21:06:29.243610 [debug]: Started analyzing model dbt_jbondoc.fct_orders
21:06:29.243615 [debug]: Finished rendering [  0.00s] model dbt_jbondoc.int_orders__pivoted [success]
21:06:29.243619 [debug]: Started analyzing model dbt_jbondoc.int_orders__pivoted
21:06:29.243624 [debug]: Finished rendering [  0.00s] model dbt_jbondoc.stg_orders [success]
21:06:29.243628 [debug]: Started analyzing model dbt_jbondoc.stg_orders
21:06:29.243650 [debug]: Finished rendering [  0.00s] model dbt_jbondoc.stg_page_views [success]
21:06:29.243674 [debug]: Started analyzing model dbt_jbondoc.stg_page_views
21:06:29.244102 [debug]: Finished analyzing [  0.00s] model dbt_jbondoc.stg_orders [success]
21:06:29.244112 [info ]:  Succeeded [  0.00s] model dbt_jbondoc.stg_orders (view)
21:06:29.244121 [debug]: Finished analyzing [  0.00s] model dbt_jbondoc.stg_customers [success]
21:06:29.244128 [info ]:  Succeeded [  0.00s] model dbt_jbondoc.stg_customers (view)
21:06:29.244138 [debug]: Finished analyzing [  0.00s] snapshot dbt_jbondoc_snapshot.mock_orders [success]
21:06:29.244144 [info ]:  Succeeded [  0.00s] snapshot dbt_jbondoc_snapshot.mock_orders (snapshot)
21:06:29.244150 [debug]: Finished analyzing [  0.00s] model dbt_jbondoc.stg_payments [success]
21:06:29.244154 [info ]:  Succeeded [  0.00s] model dbt_jbondoc.stg_payments (view)
21:06:29.244316 [debug]: Finished analyzing [  0.00s] model dbt_jbondoc.dim_customers [success]
21:06:29.244326 [info ]:  Succeeded [  0.00s] model dbt_jbondoc.dim_customers (table)
21:06:29.244345 [debug]: Finished analyzing [  0.00s] model dbt_jbondoc.stg_page_views [success]
21:06:29.244355 [info ]:  Succeeded [  0.00s] model dbt_jbondoc.stg_page_views (incremental)
21:06:29.244364 [debug]: Finished analyzing [  0.00s] model dbt_jbondoc.fct_orders [success]
21:06:29.244368 [info ]:  Succeeded [  0.00s] model dbt_jbondoc.fct_orders (table)
21:06:29.244434 [debug]: Finished analyzing [  0.00s] model dbt_jbondoc.int_orders__pivoted [success]
21:06:29.244442 [info ]:  Succeeded [  0.00s] model dbt_jbondoc.int_orders__pivoted (table)
21:06:30.588319 [debug]: Query executed on node model.jaffle_shop.all_dates:
select datediff(
        day,
        to_date('01/01/2020', 'mm/dd/yyyy'),
        to_date('01/01/2021', 'mm/dd/yyyy')
        )
/* {"app": "dbt", "connection_name": "", "dbt_version": "2.0.0", "profile_name": "default", "target_name": "dev"} */
21:06:30.592143 [debug]: Compiled SQL for node model.jaffle_shop.all_dates at target/.lsp/compiled/jaffle_shop/models/all_dates.sql
21:06:30.592282 [debug]: Finished rendering [  1.35s] model dbt_jbondoc.all_dates [success]
21:06:30.592303 [info ]: Finished rendering [  1.35s] (10 nodes, 0 skipped, 0 errors)
21:06:30.592328 [debug]: Started analyzing model dbt_jbondoc.all_dates
21:06:30.595394 [debug]: Finished analyzing [  0.00s] model dbt_jbondoc.all_dates [success]
21:06:30.595406 [info ]: Finished analyzing [  1.35s] (9 nodes, 0 skipped, 0 errors)
21:06:30.595413 [info ]:  Succeeded [  1.35s] model dbt_jbondoc.all_dates (table)
21:06:30.598152 [info ]: Started scheduling
21:06:30.598196 [info ]: Finished scheduling [  0.00s]
21:06:30.598429 [info ]: Cached model count updated: 8 models (accurate)
16:41:08.559495 [info ]: Started loading project
16:41:08.571938 [info ]: Loading ~/.dbt/profiles.yml
16:41:08.608588 [info ]: Started loading project
16:41:08.608812 [info ]: Loading ~/.dbt/profiles.yml
16:41:08.608823 [info ]: Finished loading project [  0.05s]
16:41:08.717582 [info ]: Loading packages.yml
16:41:08.720087 [debug]:    Started loading packages
16:41:08.728276 [debug]:     Loaded [  0.01s] packages
16:41:08.728836 [info ]: Finished loading project [  0.12s]
16:41:08.730864 [info ]: Started parsing
16:41:08.784695 [debug]: Finished parsing models/marts/core/fct_orders.yml [  0.00s]
16:41:08.785451 [debug]: Finished parsing models/staging/jaffle_shop/src_jaffle_shop.yml [  0.00s]
16:41:08.785747 [debug]: Finished parsing models/staging/jaffle_shop/stg_jaffle_shop.yml [  0.00s]
16:41:08.785933 [debug]: Finished parsing models/staging/snowplow/src_snowplow.yml [  0.00s]
16:41:08.786114 [debug]: Finished parsing models/staging/stripe/src_stripe.yml [  0.00s]
16:41:08.795592 [debug]: Finished parsing snapshots/mock_orders.sql [  0.00s]
16:41:08.799604 [debug]: Finished parsing models/all_dates.sql [  0.00s]
16:41:08.800251 [debug]: Finished parsing models/marts/core/dim_customers.sql [  0.00s]
16:41:08.800733 [debug]: Finished parsing models/marts/core/fct_orders.sql [  0.00s]
16:41:08.801209 [debug]: Finished parsing models/marts/core/int_orders__pivoted.sql [  0.00s]
16:41:08.801800 [debug]: Finished parsing models/staging/jaffle_shop/stg_customers.sql [  0.00s]
16:41:08.802068 [debug]: Finished parsing models/staging/jaffle_shop/stg_orders.sql [  0.00s]
16:41:08.802555 [debug]: Finished parsing models/staging/snowplow/stg_page_views.sql [  0.00s]
16:41:08.802866 [debug]: Finished parsing models/staging/stripe/stg_payments.sql [  0.00s]
16:41:08.811879 [error]: [UnusedConfigKey (dbt1060)]: Ignored unexpected key `"depends on"`. YAML path: `depends on`.
  --> models/marts/core/fct_orders.yml:34:5
16:41:08.812295 [debug]: Finished parsing analysis/total_revenue.sql [  0.00s]
16:41:08.812962 [debug]: Finished parsing tests/assert_amount_average_is_greater_than_one.sql [  0.00s]
16:41:08.813211 [debug]: Finished parsing tests/assert_positive_value_for_total_amount.sql [  0.00s]
16:41:08.863459 [info ]: Finished parsing [  0.13s]
16:41:08.866143 [info ]: Cached model count updated: 8 models (estimate)
16:41:08.866154 [info ]: Cached model count updated: 8 models (accurate)
16:41:08.866785 [info ]: Started scheduling
16:41:08.868475 [info ]: Finished scheduling [  0.00s]
16:41:08.868581 [debug]: Compilation - 1 nodes selected: {"exposure.jaffle_shop.jaffle_shop_weekly_metrics"}
16:41:08.868820 [info ]: Started scheduling
16:41:08.869112 [info ]: Finished scheduling [  0.00s]
16:41:08.871080 [debug]: Initializing schema store with entry: Selected("snapshot.jaffle_shop.mock_orders") and interval: None
16:41:08.871260 [debug]: Initializing schema store with entry: Frontier(CanonicalFqn { catalog: "RAW", schema: "JAFFLE_SHOP", table: "CUSTOMERS" }) and interval: None
16:41:08.871265 [debug]: Initializing schema store with entry: Frontier(CanonicalFqn { catalog: "RAW", schema: "STRIPE", table: "PAYMENT" }) and interval: None
16:41:08.871269 [debug]: Initializing schema store with entry: Frontier(CanonicalFqn { catalog: "RAW", schema: "JAFFLE_SHOP", table: "ORDERS" }) and interval: None
16:41:08.871273 [debug]: Initializing schema store with entry: Frontier(CanonicalFqn { catalog: "RAW", schema: "SNOWPLOW", table: "EVENTS" }) and interval: None
16:41:08.902290 [info ]: Started building task graph
16:41:08.903225 [info ]: Finished building task graph [  0.00s]
16:41:08.957896 [info ]: Started scheduling
16:41:08.957933 [info ]: Finished scheduling [  0.00s]
16:41:08.958379 [info ]: Cached model count updated: 8 models (accurate)
16:41:10.142658 [info ]: Started loading project
16:41:10.143063 [info ]: Loading ~/.dbt/profiles.yml
16:41:10.162417 [info ]: Cached model count updated: 8 models (estimate)
16:41:10.162431 [info ]: Cached model count updated: 8 models (accurate)
16:41:10.162455 [info ]: Started scheduling
16:41:10.162520 [info ]: Finished scheduling [  0.00s]
16:41:10.162528 [debug]: Compilation - 11 nodes selected: {"analysis.jaffle_shop.total_revenue", "exposure.jaffle_shop.jaffle_shop_weekly_metrics", "model.jaffle_shop.all_dates", "model.jaffle_shop.dim_customers", "model.jaffle_shop.fct_orders", "model.jaffle_shop.int_orders__pivoted", "model.jaffle_shop.stg_customers", "model.jaffle_shop.stg_orders", "model.jaffle_shop.stg_page_views", "model.jaffle_shop.stg_payments", "snapshot.jaffle_shop.mock_orders"}
16:41:10.163584 [debug]:    Started downloading relations (1 items)
16:41:10.164371 [info ]: Finished loading project [  0.02s]
16:41:11.834832 [debug]: Query executed on node unknown:
SHOW OBJECTS IN SCHEMA "ANALYTICS"."DBT_JBONDOC" LIMIT 10000
16:41:11.835787 [debug]:     Failed [  1.67s] downloading relations (error: [Snowflake] 390114: Authentication token has expired.  The user must authenticate again.)
16:41:11.894630 [info ]: Started building task graph
16:41:11.895990 [info ]: Finished building task graph [  0.00s]
16:41:11.938792 [info ]: Started rendering (10 nodes)
16:41:11.939114 [info ]: Started snapshot dbt_jbondoc_snapshot.mock_orders
16:41:11.939138 [debug]: Started rendering snapshot dbt_jbondoc_snapshot.mock_orders
16:41:11.939543 [info ]: Started model dbt_jbondoc.stg_page_views
16:41:11.939551 [debug]: Started rendering model dbt_jbondoc.stg_page_views
16:41:11.939563 [info ]: Started model dbt_jbondoc.int_orders__pivoted
16:41:11.939566 [debug]: Started rendering model dbt_jbondoc.int_orders__pivoted
16:41:11.939572 [info ]: Started model dbt_jbondoc.dim_customers
16:41:11.939575 [debug]: Started rendering model dbt_jbondoc.dim_customers
16:41:11.939583 [info ]: Started model dbt_jbondoc.stg_customers
16:41:11.939586 [debug]: Started rendering model dbt_jbondoc.stg_customers
16:41:11.939590 [info ]: Started model dbt_jbondoc.fct_orders
16:41:11.939593 [debug]: Started rendering model dbt_jbondoc.fct_orders
16:41:11.939597 [info ]: Started model dbt_jbondoc.stg_orders
16:41:11.939600 [debug]: Started rendering model dbt_jbondoc.stg_orders
16:41:11.939604 [info ]: Started model dbt_jbondoc.all_dates
16:41:11.939606 [debug]: Started rendering model dbt_jbondoc.all_dates
16:41:11.939660 [info ]: Started analysis dbt_jbondoc.total_revenue
16:41:11.939672 [debug]: Started rendering analysis dbt_jbondoc.total_revenue
16:41:11.939683 [info ]: Started model dbt_jbondoc.stg_payments
16:41:11.939689 [debug]: Started rendering model dbt_jbondoc.stg_payments
16:41:11.944069 [debug]: Compiled SQL for node model.jaffle_shop.fct_orders at target/.lsp/compiled/jaffle_shop/models/marts/core/fct_orders.sql
16:41:11.944071 [debug]: Compiled SQL for node snapshot.jaffle_shop.mock_orders at target/.lsp/compiled/jaffle_shop/snapshots/mock_orders.sql/mock_orders.sql
16:41:11.944084 [debug]: Compiled SQL for node model.jaffle_shop.stg_payments at target/.lsp/compiled/jaffle_shop/models/staging/stripe/stg_payments.sql
16:41:11.944151 [debug]: Compiled SQL for node model.jaffle_shop.dim_customers at target/.lsp/compiled/jaffle_shop/models/marts/core/dim_customers.sql
16:41:11.944227 [debug]: Compiled SQL for node model.jaffle_shop.stg_orders at target/.lsp/compiled/jaffle_shop/models/staging/jaffle_shop/stg_orders.sql
16:41:11.944239 [debug]: Compiled SQL for node model.jaffle_shop.int_orders__pivoted at target/.lsp/compiled/jaffle_shop/models/marts/core/int_orders__pivoted.sql
16:41:11.944239 [debug]: Compiled SQL for node model.jaffle_shop.stg_customers at target/.lsp/compiled/jaffle_shop/models/staging/jaffle_shop/stg_customers.sql
16:41:11.944238 [debug]: Compiled SQL for node analysis.jaffle_shop.total_revenue at target/.lsp/compiled/jaffle_shop/analysis/total_revenue.sql
16:41:11.944938 [debug]: Finished rendering [  0.01s] model dbt_jbondoc.stg_payments [success]
16:41:11.945924 [info ]: Started analyzing (9 nodes)
16:41:11.946157 [debug]: Started analyzing model dbt_jbondoc.stg_payments
16:41:11.946513 [debug]: Finished rendering [  0.01s] model dbt_jbondoc.fct_orders [success]
16:41:11.946534 [debug]: Started analyzing model dbt_jbondoc.fct_orders
16:41:11.946545 [debug]: Finished rendering [  0.01s] model dbt_jbondoc.dim_customers [success]
16:41:11.946556 [debug]: Started analyzing model dbt_jbondoc.dim_customers
16:41:11.946582 [debug]: Finished rendering [  0.01s] model dbt_jbondoc.int_orders__pivoted [success]
16:41:11.946600 [debug]: Started analyzing model dbt_jbondoc.int_orders__pivoted
16:41:11.946698 [debug]: Finished rendering [  0.01s] model dbt_jbondoc.stg_customers [success]
16:41:11.946733 [debug]: Started analyzing model dbt_jbondoc.stg_customers
16:41:11.946763 [debug]: Finished rendering [  0.01s] model dbt_jbondoc.stg_orders [success]
16:41:11.946797 [debug]: Started analyzing model dbt_jbondoc.stg_orders
16:41:11.946816 [debug]: Finished rendering [  0.01s] snapshot dbt_jbondoc_snapshot.mock_orders [success]
16:41:11.947369 [debug]: Started analyzing snapshot dbt_jbondoc_snapshot.mock_orders
16:41:11.947418 [debug]: Finished rendering [  0.01s] analysis dbt_jbondoc.total_revenue [success]
16:41:11.947427 [info ]:  Succeeded [  0.01s] analysis dbt_jbondoc.total_revenue (analysis)
16:41:11.961817 [debug]: Finished analyzing [  0.02s] model dbt_jbondoc.stg_orders [success]
16:41:11.961864 [info ]:  Succeeded [  0.02s] model dbt_jbondoc.stg_orders (view)
16:41:11.961877 [debug]: Finished analyzing [  0.01s] snapshot dbt_jbondoc_snapshot.mock_orders [success]
16:41:11.961881 [info ]:  Succeeded [  0.02s] snapshot dbt_jbondoc_snapshot.mock_orders (snapshot)
16:41:11.961887 [debug]: Finished analyzing [  0.02s] model dbt_jbondoc.stg_payments [success]
16:41:11.961889 [info ]:  Succeeded [  0.02s] model dbt_jbondoc.stg_payments (view)
16:41:11.961895 [debug]: Finished analyzing [  0.02s] model dbt_jbondoc.stg_customers [success]
16:41:11.961897 [info ]:  Succeeded [  0.02s] model dbt_jbondoc.stg_customers (view)
16:41:11.961902 [debug]: Finished analyzing [  0.02s] model dbt_jbondoc.dim_customers [success]
16:41:11.961904 [info ]:  Succeeded [  0.02s] model dbt_jbondoc.dim_customers (table)
16:41:11.961908 [debug]: Finished analyzing [  0.02s] model dbt_jbondoc.fct_orders [success]
16:41:11.961910 [info ]:  Succeeded [  0.02s] model dbt_jbondoc.fct_orders (table)
16:41:11.961914 [debug]: Finished analyzing [  0.02s] model dbt_jbondoc.int_orders__pivoted [success]
16:41:11.961916 [info ]:  Succeeded [  0.02s] model dbt_jbondoc.int_orders__pivoted (table)
16:41:13.551658 [debug]: Query executed on node model.jaffle_shop.stg_page_views:
SHOW OBJECTS IN SCHEMA "ANALYTICS"."DBT_JBONDOC" LIMIT 10000
16:41:13.552501 [debug]: Compiled SQL for node model.jaffle_shop.stg_page_views at target/.lsp/compiled/jaffle_shop/models/staging/snowplow/stg_page_views.sql
16:41:13.552608 [debug]: Finished rendering [  1.61s] model dbt_jbondoc.stg_page_views [success]
16:41:13.552627 [debug]: Started analyzing model dbt_jbondoc.stg_page_views
16:41:13.553059 [debug]: Finished analyzing [  0.00s] model dbt_jbondoc.stg_page_views [success]
16:41:13.553067 [info ]:  Succeeded [  1.61s] model dbt_jbondoc.stg_page_views (incremental)
16:41:14.947379 [debug]: Query executed on node model.jaffle_shop.all_dates:
select datediff(
        day,
        to_date('01/01/2020', 'mm/dd/yyyy'),
        to_date('01/01/2021', 'mm/dd/yyyy')
        )
/* {"app": "dbt", "connection_name": "", "dbt_version": "2.0.0", "profile_name": "default", "target_name": "dev"} */
16:41:14.950172 [debug]: Compiled SQL for node model.jaffle_shop.all_dates at target/.lsp/compiled/jaffle_shop/models/all_dates.sql
16:41:14.950286 [debug]: Finished rendering [  3.01s] model dbt_jbondoc.all_dates [success]
16:41:14.950303 [info ]: Finished rendering [  3.01s] (10 nodes, 0 skipped, 0 errors)
16:41:14.950329 [debug]: Started analyzing model dbt_jbondoc.all_dates
16:41:14.953201 [debug]: Finished analyzing [  0.00s] model dbt_jbondoc.all_dates [success]
16:41:14.953219 [info ]: Finished analyzing [  3.01s] (9 nodes, 0 skipped, 0 errors)
16:41:14.953228 [info ]:  Succeeded [  3.01s] model dbt_jbondoc.all_dates (table)
16:41:14.957120 [info ]: Started scheduling
16:41:14.957164 [info ]: Finished scheduling [  0.00s]
16:41:14.958533 [info ]: Cached model count updated: 8 models (accurate)
16:41:54.326972 [info ]: Started loading project
16:41:54.327804 [info ]: Loading ~/.dbt/profiles.yml
16:41:54.345349 [info ]: Started parsing
16:41:54.365469 [info ]: Finished loading project [  0.04s]
16:41:54.367724 [debug]: Finished parsing models/marts/core/fct_orders.yml [  0.00s]
16:41:54.368588 [debug]: Finished parsing snapshots/mock_orders.sql [  0.00s]
16:41:54.370034 [debug]: Finished parsing models/marts/core/fct_orders.sql [  0.00s]
16:41:54.370676 [error]: [UnusedConfigKey (dbt1060)]: Ignored unexpected key `"depends on"`. YAML path: `depends on`.
  --> models/marts/core/fct_orders.yml:34:5
16:41:54.417575 [info ]: Finished parsing [  0.07s]
16:41:54.419929 [info ]: Cached model count updated: 8 models (estimate)
16:41:54.419939 [info ]: Cached model count updated: 8 models (accurate)
16:41:54.419969 [info ]: Started scheduling
16:41:54.420057 [info ]: Finished scheduling [  0.00s]
16:41:54.420064 [debug]: Compilation - 4 nodes selected: {"exposure.jaffle_shop.jaffle_shop_weekly_metrics", "model.jaffle_shop.fct_orders", "model.jaffle_shop.stg_orders", "model.jaffle_shop.stg_payments"}
16:41:54.447311 [info ]: Started building task graph
16:41:54.447364 [info ]: Finished building task graph [  0.00s]
16:41:54.485932 [info ]: Started rendering (3 nodes)
16:41:54.485950 [info ]: Started model dbt_jbondoc.fct_orders
16:41:54.485956 [debug]: Started rendering model dbt_jbondoc.fct_orders
16:41:54.485967 [info ]: Started model dbt_jbondoc.stg_payments
16:41:54.485971 [debug]: Started rendering model dbt_jbondoc.stg_payments
16:41:54.485976 [info ]: Started model dbt_jbondoc.stg_orders
16:41:54.485979 [debug]: Started rendering model dbt_jbondoc.stg_orders
16:41:54.486677 [debug]: Compiled SQL for node model.jaffle_shop.fct_orders at target/.lsp/compiled/jaffle_shop/models/marts/core/fct_orders.sql
16:41:54.486715 [debug]: Compiled SQL for node model.jaffle_shop.stg_orders at target/.lsp/compiled/jaffle_shop/models/staging/jaffle_shop/stg_orders.sql
16:41:54.486718 [debug]: Compiled SQL for node model.jaffle_shop.stg_payments at target/.lsp/compiled/jaffle_shop/models/staging/stripe/stg_payments.sql
16:41:54.486733 [debug]: Finished rendering [  0.00s] model dbt_jbondoc.fct_orders [success]
16:41:54.486758 [info ]: Started analyzing (3 nodes)
16:41:54.486764 [debug]: Started analyzing model dbt_jbondoc.fct_orders
16:41:54.486773 [debug]: Finished rendering [  0.00s] model dbt_jbondoc.stg_orders [success]
16:41:54.486777 [debug]: Started analyzing model dbt_jbondoc.stg_orders
16:41:54.486782 [debug]: Finished rendering [  0.00s] model dbt_jbondoc.stg_payments [success]
16:41:54.486784 [info ]: Finished rendering [  0.00s] (3 nodes, 0 skipped, 0 errors)
16:41:54.486787 [debug]: Started analyzing model dbt_jbondoc.stg_payments
16:41:54.487144 [debug]: Finished analyzing [  0.00s] model dbt_jbondoc.stg_orders [success]
16:41:54.487149 [info ]:  Succeeded [-------] model dbt_jbondoc.stg_orders (view)
16:41:54.487156 [debug]: Finished analyzing [  0.00s] model dbt_jbondoc.stg_payments [success]
16:41:54.487159 [info ]:  Succeeded [-------] model dbt_jbondoc.stg_payments (view)
16:41:54.487646 [debug]: Finished analyzing [  0.00s] model dbt_jbondoc.fct_orders [success]
16:41:54.487651 [info ]: Finished analyzing [  0.00s] (3 nodes, 0 skipped, 0 errors)
16:41:54.487654 [info ]:  Succeeded [-------] model dbt_jbondoc.fct_orders (table)
16:41:54.489919 [info ]: Started scheduling
16:41:54.489969 [info ]: Finished scheduling [  0.00s]
16:41:54.490480 [info ]: Cached model count updated: 8 models (accurate)
16:41:55.670191 [info ]: Started loading project
16:41:55.670491 [info ]: Loading ~/.dbt/profiles.yml
16:41:55.686564 [info ]: Cached model count updated: 8 models (estimate)
16:41:55.686578 [info ]: Cached model count updated: 8 models (accurate)
16:41:55.686603 [info ]: Started scheduling
16:41:55.686676 [info ]: Finished scheduling [  0.00s]
16:41:55.686686 [debug]: Compilation - 11 nodes selected: {"analysis.jaffle_shop.total_revenue", "exposure.jaffle_shop.jaffle_shop_weekly_metrics", "model.jaffle_shop.all_dates", "model.jaffle_shop.dim_customers", "model.jaffle_shop.fct_orders", "model.jaffle_shop.int_orders__pivoted", "model.jaffle_shop.stg_customers", "model.jaffle_shop.stg_orders", "model.jaffle_shop.stg_page_views", "model.jaffle_shop.stg_payments", "snapshot.jaffle_shop.mock_orders"}
16:41:55.687196 [debug]:    Started downloading relations (1 items)
16:41:55.687247 [info ]: Finished loading project [  0.02s]
16:41:55.894415 [debug]: Query executed on node unknown:
SHOW OBJECTS IN SCHEMA "ANALYTICS"."DBT_JBONDOC" LIMIT 10000
16:41:55.895050 [debug]:   Finished [  0.21s] downloading relations (1 items)
16:41:55.923533 [info ]: Started building task graph
16:41:55.923599 [info ]: Finished building task graph [  0.00s]
16:41:55.948513 [info ]: Started rendering (10 nodes)
16:41:55.948529 [info ]: Started snapshot dbt_jbondoc_snapshot.mock_orders
16:41:55.948536 [debug]: Started rendering snapshot dbt_jbondoc_snapshot.mock_orders
16:41:55.948549 [info ]: Started model dbt_jbondoc.stg_page_views
16:41:55.948552 [debug]: Started rendering model dbt_jbondoc.stg_page_views
16:41:55.948556 [info ]: Started model dbt_jbondoc.int_orders__pivoted
16:41:55.948559 [debug]: Started rendering model dbt_jbondoc.int_orders__pivoted
16:41:55.948563 [info ]: Started model dbt_jbondoc.dim_customers
16:41:55.948566 [debug]: Started rendering model dbt_jbondoc.dim_customers
16:41:55.948571 [info ]: Started model dbt_jbondoc.stg_customers
16:41:55.948574 [debug]: Started rendering model dbt_jbondoc.stg_customers
16:41:55.948579 [info ]: Started model dbt_jbondoc.fct_orders
16:41:55.948583 [debug]: Started rendering model dbt_jbondoc.fct_orders
16:41:55.948586 [info ]: Started model dbt_jbondoc.stg_orders
16:41:55.948589 [debug]: Started rendering model dbt_jbondoc.stg_orders
16:41:55.948593 [info ]: Started model dbt_jbondoc.all_dates
16:41:55.948595 [debug]: Started rendering model dbt_jbondoc.all_dates
16:41:55.948601 [info ]: Started analysis dbt_jbondoc.total_revenue
16:41:55.948603 [debug]: Started rendering analysis dbt_jbondoc.total_revenue
16:41:55.948607 [info ]: Started model dbt_jbondoc.stg_payments
16:41:55.948608 [debug]: Started rendering model dbt_jbondoc.stg_payments
16:41:55.948912 [debug]: Compiled SQL for node model.jaffle_shop.stg_orders at target/.lsp/compiled/jaffle_shop/models/staging/jaffle_shop/stg_orders.sql
16:41:55.948990 [debug]: Finished rendering [  0.00s] model dbt_jbondoc.stg_orders [success]
16:41:55.949009 [info ]: Started analyzing (9 nodes)
16:41:55.949014 [debug]: Started analyzing model dbt_jbondoc.stg_orders
16:41:55.949083 [debug]: Compiled SQL for node snapshot.jaffle_shop.mock_orders at target/.lsp/compiled/jaffle_shop/snapshots/mock_orders.sql/mock_orders.sql
16:41:55.949160 [debug]: Compiled SQL for node model.jaffle_shop.dim_customers at target/.lsp/compiled/jaffle_shop/models/marts/core/dim_customers.sql
16:41:55.949096 [debug]: Compiled SQL for node model.jaffle_shop.fct_orders at target/.lsp/compiled/jaffle_shop/models/marts/core/fct_orders.sql
16:41:55.949143 [debug]: Finished rendering [  0.00s] snapshot dbt_jbondoc_snapshot.mock_orders [success]
16:41:55.949220 [debug]: Started analyzing snapshot dbt_jbondoc_snapshot.mock_orders
16:41:55.949239 [debug]: Finished analyzing [  0.00s] model dbt_jbondoc.stg_orders [success]
16:41:55.949238 [debug]: Compiled SQL for node analysis.jaffle_shop.total_revenue at target/.lsp/compiled/jaffle_shop/analysis/total_revenue.sql
16:41:55.949244 [info ]:  Succeeded [-------] model dbt_jbondoc.stg_orders (view)
16:41:55.949254 [debug]: Compiled SQL for node model.jaffle_shop.int_orders__pivoted at target/.lsp/compiled/jaffle_shop/models/marts/core/int_orders__pivoted.sql
16:41:55.949257 [debug]: Finished rendering [  0.00s] model dbt_jbondoc.dim_customers [success]
16:41:55.949267 [debug]: Started analyzing model dbt_jbondoc.dim_customers
16:41:55.949269 [debug]: Compiled SQL for node model.jaffle_shop.stg_page_views at target/.lsp/compiled/jaffle_shop/models/staging/snowplow/stg_page_views.sql
16:41:55.949274 [debug]: Finished rendering [  0.00s] model dbt_jbondoc.fct_orders [success]
16:41:55.949279 [debug]: Started analyzing model dbt_jbondoc.fct_orders
16:41:55.949287 [debug]: Finished rendering [  0.00s] analysis dbt_jbondoc.total_revenue [success]
16:41:55.949291 [info ]:  Succeeded [-------] analysis dbt_jbondoc.total_revenue (analysis)
16:41:55.949297 [debug]: Finished rendering [  0.00s] model dbt_jbondoc.int_orders__pivoted [success]
16:41:55.949303 [debug]: Started analyzing model dbt_jbondoc.int_orders__pivoted
16:41:55.949312 [debug]: Finished rendering [  0.00s] model dbt_jbondoc.stg_page_views [success]
16:41:55.949307 [debug]: Compiled SQL for node model.jaffle_shop.all_dates at target/.lsp/compiled/jaffle_shop/models/all_dates.sql
16:41:55.949317 [debug]: Started analyzing model dbt_jbondoc.stg_page_views
16:41:55.949313 [debug]: Compiled SQL for node model.jaffle_shop.stg_customers at target/.lsp/compiled/jaffle_shop/models/staging/jaffle_shop/stg_customers.sql
16:41:55.949318 [debug]: Compiled SQL for node model.jaffle_shop.stg_payments at target/.lsp/compiled/jaffle_shop/models/staging/stripe/stg_payments.sql
16:41:55.949344 [debug]: Finished rendering [  0.00s] model dbt_jbondoc.all_dates [success]
16:41:55.949356 [debug]: Started analyzing model dbt_jbondoc.all_dates
16:41:55.949364 [debug]: Finished analyzing [  0.00s] snapshot dbt_jbondoc_snapshot.mock_orders [success]
16:41:55.949371 [info ]:  Succeeded [-------] snapshot dbt_jbondoc_snapshot.mock_orders (snapshot)
16:41:55.949379 [debug]: Finished rendering [  0.00s] model dbt_jbondoc.stg_customers [success]
16:41:55.949382 [debug]: Started analyzing model dbt_jbondoc.stg_customers
16:41:55.949389 [debug]: Finished rendering [  0.00s] model dbt_jbondoc.stg_payments [success]
16:41:55.949393 [info ]: Finished rendering [  0.00s] (10 nodes, 0 skipped, 0 errors)
16:41:55.949397 [debug]: Started analyzing model dbt_jbondoc.stg_payments
16:41:55.949540 [debug]: Finished analyzing [  0.00s] model dbt_jbondoc.stg_customers [success]
16:41:55.949547 [info ]:  Succeeded [-------] model dbt_jbondoc.stg_customers (view)
16:41:55.949553 [debug]: Finished analyzing [  0.00s] model dbt_jbondoc.stg_payments [success]
16:41:55.949556 [info ]:  Succeeded [-------] model dbt_jbondoc.stg_payments (view)
16:41:55.949650 [debug]: Finished analyzing [  0.00s] model dbt_jbondoc.fct_orders [success]
16:41:55.949658 [info ]:  Succeeded [-------] model dbt_jbondoc.fct_orders (table)
16:41:55.949675 [debug]: Finished analyzing [  0.00s] model dbt_jbondoc.stg_page_views [success]
16:41:55.949682 [info ]:  Succeeded [-------] model dbt_jbondoc.stg_page_views (incremental)
16:41:55.949688 [debug]: Finished analyzing [  0.00s] model dbt_jbondoc.dim_customers [success]
16:41:55.949691 [info ]:  Succeeded [-------] model dbt_jbondoc.dim_customers (table)
16:41:55.949783 [debug]: Finished analyzing [  0.00s] model dbt_jbondoc.int_orders__pivoted [success]
16:41:55.949788 [info ]:  Succeeded [-------] model dbt_jbondoc.int_orders__pivoted (table)
16:41:55.950970 [debug]: Finished analyzing [  0.00s] model dbt_jbondoc.all_dates [success]
16:41:55.950977 [info ]: Finished analyzing [  0.00s] (9 nodes, 0 skipped, 0 errors)
16:41:55.950981 [info ]:  Succeeded [  0.00s] model dbt_jbondoc.all_dates (table)
16:41:55.952692 [info ]: Started scheduling
16:41:55.952728 [info ]: Finished scheduling [  0.00s]
16:41:55.952928 [info ]: Cached model count updated: 8 models (accurate)
16:45:11.824902 [info ]: Started loading project
16:45:11.827442 [info ]: Loading ~/.dbt/profiles.yml
16:45:11.849153 [info ]: Started loading project
16:45:11.849442 [info ]: Loading ~/.dbt/profiles.yml
16:45:11.849469 [info ]: Finished loading project [  0.02s]
16:45:11.971419 [info ]: Loading packages.yml
16:45:11.971497 [debug]:    Started loading packages
16:45:11.978955 [debug]:     Loaded [  0.01s] packages
16:45:11.979288 [info ]: Finished loading project [  0.13s]
16:45:11.979407 [info ]: Started parsing
16:45:12.012850 [debug]: Finished parsing models/marts/core/fct_orders.yml [  0.00s]
16:45:12.013009 [debug]: Finished parsing models/staging/jaffle_shop/src_jaffle_shop.yml [  0.00s]
16:45:12.013131 [debug]: Finished parsing models/staging/jaffle_shop/stg_jaffle_shop.yml [  0.00s]
16:45:12.013218 [debug]: Finished parsing models/staging/snowplow/src_snowplow.yml [  0.00s]
16:45:12.013287 [debug]: Finished parsing models/staging/stripe/src_stripe.yml [  0.00s]
16:45:12.014148 [debug]: Finished parsing snapshots/mock_orders.sql [  0.00s]
16:45:12.014890 [debug]: Finished parsing models/all_dates.sql [  0.00s]
16:45:12.015098 [debug]: Finished parsing models/marts/core/dim_customers.sql [  0.00s]
16:45:12.015316 [debug]: Finished parsing models/marts/core/fct_orders.sql [  0.00s]
16:45:12.015568 [debug]: Finished parsing models/marts/core/int_orders__pivoted.sql [  0.00s]
16:45:12.015773 [debug]: Finished parsing models/staging/jaffle_shop/stg_customers.sql [  0.00s]
16:45:12.015965 [debug]: Finished parsing models/staging/jaffle_shop/stg_orders.sql [  0.00s]
16:45:12.016229 [debug]: Finished parsing models/staging/snowplow/stg_page_views.sql [  0.00s]
16:45:12.016434 [debug]: Finished parsing models/staging/stripe/stg_payments.sql [  0.00s]
16:45:12.019871 [debug]: Finished parsing analysis/total_revenue.sql [  0.00s]
16:45:12.020043 [debug]: Finished parsing tests/assert_amount_average_is_greater_than_one.sql [  0.00s]
16:45:12.020205 [debug]: Finished parsing tests/assert_positive_value_for_total_amount.sql [  0.00s]
16:45:12.066417 [info ]: Finished parsing [  0.09s]
16:45:12.067275 [info ]: Cached model count updated: 8 models (estimate)
16:45:12.067283 [info ]: Cached model count updated: 8 models (accurate)
16:45:12.067311 [info ]: Started scheduling
16:45:12.067338 [info ]: Finished scheduling [  0.00s]
16:45:12.067343 [debug]: Compilation - 0 nodes selected: {}
16:45:12.067674 [warn ]: [NoNodesForSelectionCriteria (dbt1092)]: The selection criterion '' does not match any enabled nodes
16:45:12.067682 [warn ]: [NoNodesSelected (dbt1601)]: Nothing to do. Try checking your model configs and model specification args
16:45:12.067687 [info ]: Started scheduling
16:45:12.067733 [info ]: Finished scheduling [  0.00s]
16:45:12.068048 [debug]: Initializing schema store with entry: Selected("snapshot.jaffle_shop.mock_orders") and interval: None
16:45:12.068062 [debug]: Initializing schema store with entry: Frontier(CanonicalFqn { catalog: "RAW", schema: "SNOWPLOW", table: "EVENTS" }) and interval: None
16:45:12.068067 [debug]: Initializing schema store with entry: Frontier(CanonicalFqn { catalog: "RAW", schema: "STRIPE", table: "PAYMENT" }) and interval: None
16:45:12.068072 [debug]: Initializing schema store with entry: Frontier(CanonicalFqn { catalog: "RAW", schema: "JAFFLE_SHOP", table: "ORDERS" }) and interval: None
16:45:12.068075 [debug]: Initializing schema store with entry: Frontier(CanonicalFqn { catalog: "RAW", schema: "JAFFLE_SHOP", table: "CUSTOMERS" }) and interval: None
16:45:12.090027 [info ]: Started building task graph
16:45:12.090044 [info ]: Finished building task graph [  0.00s]
16:45:12.128363 [info ]: Started scheduling
16:45:12.128394 [info ]: Finished scheduling [  0.00s]
16:45:12.128670 [info ]: Cached model count updated: 8 models (accurate)
16:45:12.130490 [info ]: Loading ~/.dbt/profiles.yml
16:45:12.147585 [info ]: Started loading project
16:45:12.147857 [info ]: Loading ~/.dbt/profiles.yml
16:45:12.160184 [info ]: Cached model count updated: 8 models (estimate)
16:45:12.160197 [info ]: Cached model count updated: 8 models (accurate)
16:45:12.160221 [info ]: Started scheduling
16:45:12.160266 [info ]: Finished scheduling [  0.00s]
16:45:12.160274 [debug]: Compilation - 1 nodes selected: {"exposure.jaffle_shop.jaffle_shop_weekly_metrics"}
16:45:12.181240 [info ]: Started building task graph
16:45:12.181261 [info ]: Finished building task graph [  0.00s]
16:45:12.204245 [info ]: Started scheduling
16:45:12.204276 [info ]: Finished scheduling [  0.00s]
16:45:12.204345 [info ]: Cached model count updated: 8 models (accurate)
16:45:12.204355 [info ]: Finished loading project [  0.06s]
16:45:13.382109 [info ]: Started loading project
16:45:13.382649 [info ]: Loading ~/.dbt/profiles.yml
16:45:13.402735 [info ]: Cached model count updated: 8 models (estimate)
16:45:13.402751 [info ]: Cached model count updated: 8 models (accurate)
16:45:13.402778 [info ]: Started scheduling
16:45:13.402865 [info ]: Finished scheduling [  0.00s]
16:45:13.402875 [debug]: Compilation - 11 nodes selected: {"analysis.jaffle_shop.total_revenue", "exposure.jaffle_shop.jaffle_shop_weekly_metrics", "model.jaffle_shop.all_dates", "model.jaffle_shop.dim_customers", "model.jaffle_shop.fct_orders", "model.jaffle_shop.int_orders__pivoted", "model.jaffle_shop.stg_customers", "model.jaffle_shop.stg_orders", "model.jaffle_shop.stg_page_views", "model.jaffle_shop.stg_payments", "snapshot.jaffle_shop.mock_orders"}
16:45:13.403401 [debug]:    Started downloading relations (1 items)
16:45:13.403444 [info ]: Finished loading project [  0.02s]
16:45:14.143445 [debug]: Query executed on node unknown:
SHOW OBJECTS IN SCHEMA "ANALYTICS"."DBT_JBONDOC" LIMIT 10000
16:45:14.143682 [debug]:   Finished [  0.74s] downloading relations (1 items)
16:45:14.179448 [info ]: Started building task graph
16:45:14.179553 [info ]: Finished building task graph [  0.00s]
16:45:14.210156 [info ]: Started rendering (10 nodes)
16:45:14.210175 [info ]: Started snapshot dbt_jbondoc_snapshot.mock_orders
16:45:14.210183 [debug]: Started rendering snapshot dbt_jbondoc_snapshot.mock_orders
16:45:14.210201 [info ]: Started model dbt_jbondoc.stg_page_views
16:45:14.210206 [debug]: Started rendering model dbt_jbondoc.stg_page_views
16:45:14.210212 [info ]: Started model dbt_jbondoc.int_orders__pivoted
16:45:14.210215 [debug]: Started rendering model dbt_jbondoc.int_orders__pivoted
16:45:14.210233 [info ]: Started model dbt_jbondoc.dim_customers
16:45:14.210239 [debug]: Started rendering model dbt_jbondoc.dim_customers
16:45:14.210245 [info ]: Started model dbt_jbondoc.stg_customers
16:45:14.210250 [debug]: Started rendering model dbt_jbondoc.stg_customers
16:45:14.210256 [info ]: Started model dbt_jbondoc.fct_orders
16:45:14.210260 [debug]: Started rendering model dbt_jbondoc.fct_orders
16:45:14.210265 [info ]: Started model dbt_jbondoc.stg_orders
16:45:14.210269 [debug]: Started rendering model dbt_jbondoc.stg_orders
16:45:14.210275 [info ]: Started model dbt_jbondoc.all_dates
16:45:14.210284 [debug]: Started rendering model dbt_jbondoc.all_dates
16:45:14.210291 [info ]: Started analysis dbt_jbondoc.total_revenue
16:45:14.210294 [debug]: Started rendering analysis dbt_jbondoc.total_revenue
16:45:14.210301 [info ]: Started model dbt_jbondoc.stg_payments
16:45:14.210307 [debug]: Started rendering model dbt_jbondoc.stg_payments
16:45:14.215472 [debug]: Compiled SQL for node model.jaffle_shop.int_orders__pivoted at target/.lsp/compiled/jaffle_shop/models/marts/core/int_orders__pivoted.sql
16:45:14.215616 [debug]: Compiled SQL for node analysis.jaffle_shop.total_revenue at target/.lsp/compiled/jaffle_shop/analysis/total_revenue.sql
16:45:14.215652 [debug]: Compiled SQL for node model.jaffle_shop.stg_orders at target/.lsp/compiled/jaffle_shop/models/staging/jaffle_shop/stg_orders.sql
16:45:14.215675 [debug]: Finished rendering [  0.01s] model dbt_jbondoc.int_orders__pivoted [success]
16:45:14.215698 [info ]: Started analyzing (9 nodes)
16:45:14.215696 [debug]: Compiled SQL for node snapshot.jaffle_shop.mock_orders at target/.lsp/compiled/jaffle_shop/snapshots/mock_orders.sql/mock_orders.sql
16:45:14.215704 [debug]: Started analyzing model dbt_jbondoc.int_orders__pivoted
16:45:14.215708 [debug]: Compiled SQL for node model.jaffle_shop.fct_orders at target/.lsp/compiled/jaffle_shop/models/marts/core/fct_orders.sql
16:45:14.215707 [debug]: Compiled SQL for node model.jaffle_shop.stg_page_views at target/.lsp/compiled/jaffle_shop/models/staging/snowplow/stg_page_views.sql
16:45:14.215741 [debug]: Finished rendering [  0.01s] analysis dbt_jbondoc.total_revenue [success]
16:45:14.215776 [debug]: Compiled SQL for node model.jaffle_shop.dim_customers at target/.lsp/compiled/jaffle_shop/models/marts/core/dim_customers.sql
16:45:14.215766 [info ]:  Succeeded [  0.01s] analysis dbt_jbondoc.total_revenue (analysis)
16:45:14.215776 [debug]: Compiled SQL for node model.jaffle_shop.stg_customers at target/.lsp/compiled/jaffle_shop/models/staging/jaffle_shop/stg_customers.sql
16:45:14.215794 [debug]: Compiled SQL for node model.jaffle_shop.stg_payments at target/.lsp/compiled/jaffle_shop/models/staging/stripe/stg_payments.sql
16:45:14.215803 [debug]: Finished rendering [  0.01s] model dbt_jbondoc.stg_page_views [success]
16:45:14.215814 [debug]: Started analyzing model dbt_jbondoc.stg_page_views
16:45:14.215830 [debug]: Finished rendering [  0.01s] model dbt_jbondoc.fct_orders [success]
16:45:14.215840 [debug]: Started analyzing model dbt_jbondoc.fct_orders
16:45:14.215857 [debug]: Finished rendering [  0.01s] model dbt_jbondoc.stg_orders [success]
16:45:14.215862 [debug]: Started analyzing model dbt_jbondoc.stg_orders
16:45:14.215871 [debug]: Finished rendering [  0.01s] snapshot dbt_jbondoc_snapshot.mock_orders [success]
16:45:14.215881 [debug]: Started analyzing snapshot dbt_jbondoc_snapshot.mock_orders
16:45:14.215888 [debug]: Finished rendering [  0.01s] model dbt_jbondoc.stg_customers [success]
16:45:14.215892 [debug]: Started analyzing model dbt_jbondoc.stg_customers
16:45:14.215898 [debug]: Finished rendering [  0.01s] model dbt_jbondoc.dim_customers [success]
16:45:14.215901 [debug]: Started analyzing model dbt_jbondoc.dim_customers
16:45:14.215906 [debug]: Finished rendering [  0.01s] model dbt_jbondoc.stg_payments [success]
16:45:14.215910 [debug]: Started analyzing model dbt_jbondoc.stg_payments
16:45:14.216230 [debug]: Finished analyzing [  0.00s] snapshot dbt_jbondoc_snapshot.mock_orders [success]
16:45:14.216239 [info ]:  Succeeded [  0.01s] snapshot dbt_jbondoc_snapshot.mock_orders (snapshot)
16:45:14.216247 [debug]: Finished analyzing [  0.00s] model dbt_jbondoc.stg_orders [success]
16:45:14.216251 [info ]:  Succeeded [  0.01s] model dbt_jbondoc.stg_orders (view)
16:45:14.216288 [debug]: Finished analyzing [  0.00s] model dbt_jbondoc.stg_payments [success]
16:45:14.216298 [info ]:  Succeeded [  0.01s] model dbt_jbondoc.stg_payments (view)
16:45:14.216308 [debug]: Finished analyzing [  0.00s] model dbt_jbondoc.stg_customers [success]
16:45:14.216311 [info ]:  Succeeded [  0.01s] model dbt_jbondoc.stg_customers (view)
16:45:14.216391 [debug]: Finished analyzing [  0.00s] model dbt_jbondoc.dim_customers [success]
16:45:14.216398 [info ]:  Succeeded [  0.01s] model dbt_jbondoc.dim_customers (table)
16:45:14.216412 [debug]: Finished analyzing [  0.00s] model dbt_jbondoc.stg_page_views [success]
16:45:14.216419 [info ]:  Succeeded [  0.01s] model dbt_jbondoc.stg_page_views (incremental)
16:45:14.216484 [debug]: Finished analyzing [  0.00s] model dbt_jbondoc.fct_orders [success]
16:45:14.216489 [info ]:  Succeeded [  0.01s] model dbt_jbondoc.fct_orders (table)
16:45:14.216494 [debug]: Finished analyzing [  0.00s] model dbt_jbondoc.int_orders__pivoted [success]
16:45:14.216498 [info ]:  Succeeded [  0.01s] model dbt_jbondoc.int_orders__pivoted (table)
16:45:15.982285 [debug]: Query executed on node model.jaffle_shop.all_dates:
select datediff(
        day,
        to_date('01/01/2020', 'mm/dd/yyyy'),
        to_date('01/01/2021', 'mm/dd/yyyy')
        )
/* {"app": "dbt", "connection_name": "", "dbt_version": "2.0.0", "profile_name": "default", "target_name": "dev"} */
16:45:15.984122 [debug]: Compiled SQL for node model.jaffle_shop.all_dates at target/.lsp/compiled/jaffle_shop/models/all_dates.sql
16:45:15.984285 [debug]: Finished rendering [  1.77s] model dbt_jbondoc.all_dates [success]
16:45:15.984305 [info ]: Finished rendering [  1.77s] (10 nodes, 0 skipped, 0 errors)
16:45:15.984334 [debug]: Started analyzing model dbt_jbondoc.all_dates
16:45:15.987920 [debug]: Finished analyzing [  0.00s] model dbt_jbondoc.all_dates [success]
16:45:15.987949 [info ]: Finished analyzing [  1.77s] (9 nodes, 0 skipped, 0 errors)
16:45:15.987959 [info ]:  Succeeded [  1.78s] model dbt_jbondoc.all_dates (table)
16:45:15.991323 [info ]: Started scheduling
16:45:15.991402 [info ]: Finished scheduling [  0.00s]
16:45:15.991732 [info ]: Cached model count updated: 8 models (accurate)
16:45:22.513672 [info ]: Started loading project
16:45:22.514215 [info ]: Loading ~/.dbt/profiles.yml
16:45:22.530903 [info ]: Cached model count updated: 8 models (estimate)
16:45:22.530918 [info ]: Cached model count updated: 8 models (accurate)
16:45:22.530945 [info ]: Started scheduling
16:45:22.530986 [info ]: Finished scheduling [  0.00s]
16:45:22.530994 [debug]: Compilation - 0 nodes selected: {}
16:45:22.531006 [warn ]: [NoNodesForSelectionCriteria (dbt1092)]: The selection criterion '+source:jaffle_shop.snowplow.events' does not match any enabled nodes
16:45:22.531014 [warn ]: [NoNodesSelected (dbt1601)]: Nothing to do. Try checking your model configs and model specification args
16:45:22.557946 [info ]: Started building task graph
16:45:22.557963 [info ]: Finished building task graph [  0.00s]
16:45:22.583561 [info ]: Started scheduling
16:45:22.583598 [info ]: Finished scheduling [  0.00s]
16:45:22.583668 [info ]: Cached model count updated: 8 models (accurate)
16:45:22.583677 [info ]: Finished loading project [  0.07s]
16:45:22.600728 [info ]: Started loading project
16:45:22.600970 [info ]: Loading ~/.dbt/profiles.yml
16:45:22.613562 [info ]: Cached model count updated: 8 models (estimate)
16:45:22.613574 [info ]: Cached model count updated: 8 models (accurate)
16:45:22.613598 [info ]: Started scheduling
16:45:22.613635 [info ]: Finished scheduling [  0.00s]
16:45:22.613642 [debug]: Compilation - 0 nodes selected: {}
16:45:22.613653 [warn ]: [NoNodesForSelectionCriteria (dbt1092)]: The selection criterion '+source:jaffle_shop.snowplow.events' does not match any enabled nodes
16:45:22.613661 [warn ]: [NoNodesSelected (dbt1601)]: Nothing to do. Try checking your model configs and model specification args
16:45:22.633860 [info ]: Started building task graph
16:45:22.633880 [info ]: Finished building task graph [  0.00s]
16:45:22.656092 [info ]: Started scheduling
16:45:22.656128 [info ]: Finished scheduling [  0.00s]
16:45:22.656185 [info ]: Cached model count updated: 8 models (accurate)
16:45:22.656194 [info ]: Finished loading project [  0.06s]
16:45:23.840781 [info ]: Started loading project
16:45:23.841724 [info ]: Loading ~/.dbt/profiles.yml
16:45:23.865810 [info ]: Cached model count updated: 8 models (estimate)
16:45:23.865836 [info ]: Cached model count updated: 8 models (accurate)
16:45:23.865881 [info ]: Started scheduling
16:45:23.866002 [info ]: Finished scheduling [  0.00s]
16:45:23.866018 [debug]: Compilation - 11 nodes selected: {"analysis.jaffle_shop.total_revenue", "exposure.jaffle_shop.jaffle_shop_weekly_metrics", "model.jaffle_shop.all_dates", "model.jaffle_shop.dim_customers", "model.jaffle_shop.fct_orders", "model.jaffle_shop.int_orders__pivoted", "model.jaffle_shop.stg_customers", "model.jaffle_shop.stg_orders", "model.jaffle_shop.stg_page_views", "model.jaffle_shop.stg_payments", "snapshot.jaffle_shop.mock_orders"}
16:45:23.866887 [debug]:    Started downloading relations (1 items)
16:45:23.866950 [info ]: Finished loading project [  0.03s]
16:45:24.103993 [debug]: Query executed on node unknown:
SHOW OBJECTS IN SCHEMA "ANALYTICS"."DBT_JBONDOC" LIMIT 10000
16:45:24.104103 [debug]:   Finished [  0.24s] downloading relations (1 items)
16:45:24.126812 [info ]: Started building task graph
16:45:24.126894 [info ]: Finished building task graph [  0.00s]
16:45:24.155112 [info ]: Started rendering (10 nodes)
16:45:24.155145 [info ]: Started snapshot dbt_jbondoc_snapshot.mock_orders
16:45:24.155153 [debug]: Started rendering snapshot dbt_jbondoc_snapshot.mock_orders
16:45:24.155194 [info ]: Started model dbt_jbondoc.stg_page_views
16:45:24.155199 [debug]: Started rendering model dbt_jbondoc.stg_page_views
16:45:24.155205 [info ]: Started model dbt_jbondoc.int_orders__pivoted
16:45:24.155209 [debug]: Started rendering model dbt_jbondoc.int_orders__pivoted
16:45:24.155215 [info ]: Started model dbt_jbondoc.dim_customers
16:45:24.155219 [debug]: Started rendering model dbt_jbondoc.dim_customers
16:45:24.155227 [info ]: Started model dbt_jbondoc.stg_customers
16:45:24.155231 [debug]: Started rendering model dbt_jbondoc.stg_customers
16:45:24.155237 [info ]: Started model dbt_jbondoc.fct_orders
16:45:24.155242 [debug]: Started rendering model dbt_jbondoc.fct_orders
16:45:24.155247 [info ]: Started model dbt_jbondoc.stg_orders
16:45:24.155250 [debug]: Started rendering model dbt_jbondoc.stg_orders
16:45:24.155256 [info ]: Started model dbt_jbondoc.all_dates
16:45:24.155259 [debug]: Started rendering model dbt_jbondoc.all_dates
16:45:24.155266 [info ]: Started analysis dbt_jbondoc.total_revenue
16:45:24.155275 [debug]: Started rendering analysis dbt_jbondoc.total_revenue
16:45:24.155281 [info ]: Started model dbt_jbondoc.stg_payments
16:45:24.155285 [debug]: Started rendering model dbt_jbondoc.stg_payments
16:45:24.155621 [debug]: Compiled SQL for node model.jaffle_shop.fct_orders at target/.lsp/compiled/jaffle_shop/models/marts/core/fct_orders.sql
16:45:24.155915 [debug]: Compiled SQL for node model.jaffle_shop.stg_page_views at target/.lsp/compiled/jaffle_shop/models/staging/snowplow/stg_page_views.sql
16:45:24.155953 [debug]: Compiled SQL for node analysis.jaffle_shop.total_revenue at target/.lsp/compiled/jaffle_shop/analysis/total_revenue.sql
16:45:24.155959 [debug]: Finished rendering [  0.00s] model dbt_jbondoc.fct_orders [success]
16:45:24.155978 [info ]: Started analyzing (9 nodes)
16:45:24.156072 [debug]: Started analyzing model dbt_jbondoc.fct_orders
16:45:24.156162 [debug]: Compiled SQL for node model.jaffle_shop.dim_customers at target/.lsp/compiled/jaffle_shop/models/marts/core/dim_customers.sql
16:45:24.156222 [debug]: Compiled SQL for node snapshot.jaffle_shop.mock_orders at target/.lsp/compiled/jaffle_shop/snapshots/mock_orders.sql/mock_orders.sql
16:45:24.156310 [debug]: Compiled SQL for node model.jaffle_shop.stg_customers at target/.lsp/compiled/jaffle_shop/models/staging/jaffle_shop/stg_customers.sql
16:45:24.156375 [debug]: Finished rendering [  0.00s] model dbt_jbondoc.stg_page_views [success]
16:45:24.156386 [debug]: Started analyzing model dbt_jbondoc.stg_page_views
16:45:24.156401 [debug]: Compiled SQL for node model.jaffle_shop.stg_payments at target/.lsp/compiled/jaffle_shop/models/staging/stripe/stg_payments.sql
16:45:24.156436 [debug]: Compiled SQL for node model.jaffle_shop.stg_orders at target/.lsp/compiled/jaffle_shop/models/staging/jaffle_shop/stg_orders.sql
16:45:24.156471 [debug]: Finished rendering [  0.00s] analysis dbt_jbondoc.total_revenue [success]
16:45:24.156479 [info ]:  Succeeded [  0.00s] analysis dbt_jbondoc.total_revenue (analysis)
16:45:24.156526 [debug]: Finished analyzing [  0.00s] model dbt_jbondoc.fct_orders [success]
16:45:24.156533 [info ]:  Succeeded [-------] model dbt_jbondoc.fct_orders (table)
16:45:24.156544 [debug]: Finished rendering [  0.00s] model dbt_jbondoc.dim_customers [success]
16:45:24.156551 [debug]: Started analyzing model dbt_jbondoc.dim_customers
16:45:24.156550 [debug]: Compiled SQL for node model.jaffle_shop.all_dates at target/.lsp/compiled/jaffle_shop/models/all_dates.sql
16:45:24.156559 [debug]: Finished rendering [  0.00s] snapshot dbt_jbondoc_snapshot.mock_orders [success]
16:45:24.156569 [debug]: Started analyzing snapshot dbt_jbondoc_snapshot.mock_orders
16:45:24.156576 [debug]: Finished rendering [  0.00s] model dbt_jbondoc.stg_customers [success]
16:45:24.156580 [debug]: Started analyzing model dbt_jbondoc.stg_customers
16:45:24.156586 [debug]: Finished rendering [  0.00s] model dbt_jbondoc.stg_payments [success]
16:45:24.156590 [debug]: Started analyzing model dbt_jbondoc.stg_payments
16:45:24.156594 [debug]: Finished rendering [  0.00s] model dbt_jbondoc.stg_orders [success]
16:45:24.156598 [debug]: Started analyzing model dbt_jbondoc.stg_orders
16:45:24.156603 [debug]: Finished rendering [  0.00s] model dbt_jbondoc.all_dates [success]
16:45:24.156607 [debug]: Started analyzing model dbt_jbondoc.all_dates
16:45:24.156634 [debug]: Finished analyzing [  0.00s] model dbt_jbondoc.stg_page_views [success]
16:45:24.156639 [info ]:  Succeeded [  0.00s] model dbt_jbondoc.stg_page_views (incremental)
16:45:24.156646 [debug]: Finished analyzing [  0.00s] snapshot dbt_jbondoc_snapshot.mock_orders [success]
16:45:24.156649 [info ]:  Succeeded [  0.00s] snapshot dbt_jbondoc_snapshot.mock_orders (snapshot)
16:45:24.156680 [debug]: Finished analyzing [  0.00s] model dbt_jbondoc.stg_customers [success]
16:45:24.156683 [info ]:  Succeeded [  0.00s] model dbt_jbondoc.stg_customers (view)
16:45:24.156707 [debug]: Finished analyzing [  0.00s] model dbt_jbondoc.stg_payments [success]
16:45:24.156710 [info ]:  Succeeded [  0.00s] model dbt_jbondoc.stg_payments (view)
16:45:24.156719 [debug]: Finished analyzing [  0.00s] model dbt_jbondoc.stg_orders [success]
16:45:24.156722 [info ]:  Succeeded [  0.00s] model dbt_jbondoc.stg_orders (view)
16:45:24.156816 [debug]: Compiled SQL for node model.jaffle_shop.int_orders__pivoted at target/.lsp/compiled/jaffle_shop/models/marts/core/int_orders__pivoted.sql
16:45:24.157103 [debug]: Finished rendering [  0.00s] model dbt_jbondoc.int_orders__pivoted [success]
16:45:24.157111 [info ]: Finished rendering [  0.00s] (10 nodes, 0 skipped, 0 errors)
16:45:24.157118 [debug]: Started analyzing model dbt_jbondoc.int_orders__pivoted
16:45:24.157200 [debug]: Finished analyzing [  0.00s] model dbt_jbondoc.dim_customers [success]
16:45:24.157287 [info ]:  Succeeded [  0.00s] model dbt_jbondoc.dim_customers (table)
16:45:24.157412 [debug]: Finished analyzing [  0.00s] model dbt_jbondoc.int_orders__pivoted [success]
16:45:24.157417 [info ]:  Succeeded [  0.00s] model dbt_jbondoc.int_orders__pivoted (table)
16:45:24.158551 [debug]: Finished analyzing [  0.00s] model dbt_jbondoc.all_dates [success]
16:45:24.158558 [info ]: Finished analyzing [  0.00s] (9 nodes, 0 skipped, 0 errors)
16:45:24.158561 [info ]:  Succeeded [  0.00s] model dbt_jbondoc.all_dates (table)
16:45:24.160923 [info ]: Started scheduling
16:45:24.160965 [info ]: Finished scheduling [  0.00s]
16:45:24.161140 [info ]: Cached model count updated: 8 models (accurate)
16:46:59.186596 [info ]: Started loading project
16:46:59.187041 [info ]: Loading ~/.dbt/profiles.yml
16:46:59.197228 [info ]: Started parsing
16:46:59.218630 [info ]: Finished loading project [  0.03s]
16:46:59.220739 [debug]: Finished parsing models/marts/core/fct_orders.yml [  0.00s]
16:46:59.221323 [debug]: Finished parsing snapshots/mock_orders.sql [  0.00s]
16:46:59.223063 [debug]: Finished parsing models/marts/core/fct_orders.sql [  0.00s]
16:46:59.272315 [info ]: Finished parsing [  0.08s]
16:46:59.273648 [info ]: Cached model count updated: 8 models (estimate)
16:46:59.273657 [info ]: Cached model count updated: 8 models (accurate)
16:46:59.273681 [info ]: Started scheduling
16:46:59.273756 [info ]: Finished scheduling [  0.00s]
16:46:59.273763 [debug]: Compilation - 4 nodes selected: {"exposure.jaffle_shop.jaffle_shop_weekly_metrics", "model.jaffle_shop.fct_orders", "model.jaffle_shop.stg_orders", "model.jaffle_shop.stg_payments"}
16:46:59.299224 [info ]: Started building task graph
16:46:59.299262 [info ]: Finished building task graph [  0.00s]
16:46:59.335584 [info ]: Started rendering (3 nodes)
16:46:59.335602 [info ]: Started model dbt_jbondoc.fct_orders
16:46:59.335609 [debug]: Started rendering model dbt_jbondoc.fct_orders
16:46:59.335626 [info ]: Started model dbt_jbondoc.stg_payments
16:46:59.335630 [debug]: Started rendering model dbt_jbondoc.stg_payments
16:46:59.335634 [info ]: Started model dbt_jbondoc.stg_orders
16:46:59.335637 [debug]: Started rendering model dbt_jbondoc.stg_orders
16:46:59.336094 [debug]: Compiled SQL for node model.jaffle_shop.stg_orders at target/.lsp/compiled/jaffle_shop/models/staging/jaffle_shop/stg_orders.sql
16:46:59.336137 [debug]: Finished rendering [  0.00s] model dbt_jbondoc.stg_orders [success]
16:46:59.336155 [info ]: Started analyzing (3 nodes)
16:46:59.336161 [debug]: Started analyzing model dbt_jbondoc.stg_orders
16:46:59.336293 [debug]: Compiled SQL for node model.jaffle_shop.fct_orders at target/.lsp/compiled/jaffle_shop/models/marts/core/fct_orders.sql
16:46:59.336322 [debug]: Finished rendering [  0.00s] model dbt_jbondoc.fct_orders [success]
16:46:59.336333 [debug]: Started analyzing model dbt_jbondoc.fct_orders
16:46:59.336333 [debug]: Compiled SQL for node model.jaffle_shop.stg_payments at target/.lsp/compiled/jaffle_shop/models/staging/stripe/stg_payments.sql
16:46:59.336387 [debug]: Finished rendering [  0.00s] model dbt_jbondoc.stg_payments [success]
16:46:59.336392 [info ]: Finished rendering [  0.00s] (3 nodes, 0 skipped, 0 errors)
16:46:59.336396 [debug]: Started analyzing model dbt_jbondoc.stg_payments
16:46:59.336755 [debug]: Finished analyzing [  0.00s] model dbt_jbondoc.stg_orders [success]
16:46:59.336763 [info ]:  Succeeded [-------] model dbt_jbondoc.stg_orders (view)
16:46:59.336848 [debug]: Finished analyzing [  0.00s] model dbt_jbondoc.stg_payments [success]
16:46:59.336853 [info ]:  Succeeded [-------] model dbt_jbondoc.stg_payments (view)
16:46:59.337025 [debug]: Finished analyzing [  0.00s] model dbt_jbondoc.fct_orders [success]
16:46:59.337031 [info ]: Finished analyzing [  0.00s] (3 nodes, 0 skipped, 0 errors)
16:46:59.337033 [info ]:  Succeeded [-------] model dbt_jbondoc.fct_orders (table)
16:46:59.338496 [info ]: Started scheduling
16:46:59.338566 [info ]: Finished scheduling [  0.00s]
16:46:59.339040 [info ]: Cached model count updated: 8 models (accurate)
16:47:00.520012 [info ]: Started loading project
16:47:00.520290 [info ]: Loading ~/.dbt/profiles.yml
16:47:00.536464 [info ]: Cached model count updated: 8 models (estimate)
16:47:00.536480 [info ]: Cached model count updated: 8 models (accurate)
16:47:00.536505 [info ]: Started scheduling
16:47:00.536575 [info ]: Finished scheduling [  0.00s]
16:47:00.536584 [debug]: Compilation - 11 nodes selected: {"analysis.jaffle_shop.total_revenue", "exposure.jaffle_shop.jaffle_shop_weekly_metrics", "model.jaffle_shop.all_dates", "model.jaffle_shop.dim_customers", "model.jaffle_shop.fct_orders", "model.jaffle_shop.int_orders__pivoted", "model.jaffle_shop.stg_customers", "model.jaffle_shop.stg_orders", "model.jaffle_shop.stg_page_views", "model.jaffle_shop.stg_payments", "snapshot.jaffle_shop.mock_orders"}
16:47:00.537052 [debug]:    Started downloading relations (1 items)
16:47:00.537091 [info ]: Finished loading project [  0.02s]
16:47:01.562147 [debug]: Query executed on node unknown:
SHOW OBJECTS IN SCHEMA "ANALYTICS"."DBT_JBONDOC" LIMIT 10000
16:47:01.562361 [debug]:   Finished [  1.03s] downloading relations (1 items)
16:47:01.586931 [info ]: Started building task graph
16:47:01.586993 [info ]: Finished building task graph [  0.00s]
16:47:01.612544 [info ]: Started rendering (10 nodes)
16:47:01.612560 [info ]: Started snapshot dbt_jbondoc_snapshot.mock_orders
16:47:01.612566 [debug]: Started rendering snapshot dbt_jbondoc_snapshot.mock_orders
16:47:01.612582 [info ]: Started model dbt_jbondoc.stg_page_views
16:47:01.612585 [debug]: Started rendering model dbt_jbondoc.stg_page_views
16:47:01.612589 [info ]: Started model dbt_jbondoc.int_orders__pivoted
16:47:01.612593 [debug]: Started rendering model dbt_jbondoc.int_orders__pivoted
16:47:01.612597 [info ]: Started model dbt_jbondoc.dim_customers
16:47:01.612600 [debug]: Started rendering model dbt_jbondoc.dim_customers
16:47:01.612605 [info ]: Started model dbt_jbondoc.stg_customers
16:47:01.612607 [debug]: Started rendering model dbt_jbondoc.stg_customers
16:47:01.612611 [info ]: Started model dbt_jbondoc.fct_orders
16:47:01.612614 [debug]: Started rendering model dbt_jbondoc.fct_orders
16:47:01.612619 [info ]: Started model dbt_jbondoc.stg_orders
16:47:01.612623 [debug]: Started rendering model dbt_jbondoc.stg_orders
16:47:01.612628 [info ]: Started model dbt_jbondoc.all_dates
16:47:01.612630 [debug]: Started rendering model dbt_jbondoc.all_dates
16:47:01.612634 [info ]: Started analysis dbt_jbondoc.total_revenue
16:47:01.612637 [debug]: Started rendering analysis dbt_jbondoc.total_revenue
16:47:01.612641 [info ]: Started model dbt_jbondoc.stg_payments
16:47:01.612644 [debug]: Started rendering model dbt_jbondoc.stg_payments
16:47:01.613011 [debug]: Compiled SQL for node model.jaffle_shop.fct_orders at target/.lsp/compiled/jaffle_shop/models/marts/core/fct_orders.sql
16:47:01.613014 [debug]: Compiled SQL for node model.jaffle_shop.stg_payments at target/.lsp/compiled/jaffle_shop/models/staging/stripe/stg_payments.sql
16:47:01.613011 [debug]: Compiled SQL for node model.jaffle_shop.stg_orders at target/.lsp/compiled/jaffle_shop/models/staging/jaffle_shop/stg_orders.sql
16:47:01.613039 [debug]: Finished rendering [  0.00s] model dbt_jbondoc.fct_orders [success]
16:47:01.613053 [info ]: Started analyzing (9 nodes)
16:47:01.613058 [debug]: Started analyzing model dbt_jbondoc.fct_orders
16:47:01.613066 [debug]: Finished rendering [  0.00s] model dbt_jbondoc.stg_orders [success]
16:47:01.613070 [debug]: Started analyzing model dbt_jbondoc.stg_orders
16:47:01.613075 [debug]: Finished rendering [  0.00s] model dbt_jbondoc.stg_payments [success]
16:47:01.613078 [debug]: Started analyzing model dbt_jbondoc.stg_payments
16:47:01.613186 [debug]: Finished analyzing [  0.00s] model dbt_jbondoc.stg_payments [success]
16:47:01.613193 [info ]:  Succeeded [-------] model dbt_jbondoc.stg_payments (view)
16:47:01.613200 [debug]: Finished analyzing [  0.00s] model dbt_jbondoc.stg_orders [success]
16:47:01.613202 [info ]:  Succeeded [-------] model dbt_jbondoc.stg_orders (view)
16:47:01.613351 [debug]: Finished analyzing [  0.00s] model dbt_jbondoc.fct_orders [success]
16:47:01.613355 [info ]:  Succeeded [-------] model dbt_jbondoc.fct_orders (table)
16:47:01.616597 [debug]: Compiled SQL for node snapshot.jaffle_shop.mock_orders at target/.lsp/compiled/jaffle_shop/snapshots/mock_orders.sql/mock_orders.sql
16:47:01.616602 [debug]: Compiled SQL for node model.jaffle_shop.all_dates at target/.lsp/compiled/jaffle_shop/models/all_dates.sql
16:47:01.616622 [debug]: Compiled SQL for node model.jaffle_shop.int_orders__pivoted at target/.lsp/compiled/jaffle_shop/models/marts/core/int_orders__pivoted.sql
16:47:01.616628 [debug]: Finished rendering [  0.00s] snapshot dbt_jbondoc_snapshot.mock_orders [success]
16:47:01.616636 [debug]: Compiled SQL for node model.jaffle_shop.stg_page_views at target/.lsp/compiled/jaffle_shop/models/staging/snowplow/stg_page_views.sql
16:47:01.616638 [debug]: Started analyzing snapshot dbt_jbondoc_snapshot.mock_orders
16:47:01.616645 [debug]: Finished rendering [  0.00s] model dbt_jbondoc.all_dates [success]
16:47:01.616650 [debug]: Started analyzing model dbt_jbondoc.all_dates
16:47:01.616650 [debug]: Compiled SQL for node analysis.jaffle_shop.total_revenue at target/.lsp/compiled/jaffle_shop/analysis/total_revenue.sql
16:47:01.616653 [debug]: Compiled SQL for node model.jaffle_shop.stg_customers at target/.lsp/compiled/jaffle_shop/models/staging/jaffle_shop/stg_customers.sql
16:47:01.616656 [debug]: Finished rendering [  0.00s] model dbt_jbondoc.int_orders__pivoted [success]
16:47:01.616661 [debug]: Started analyzing model dbt_jbondoc.int_orders__pivoted
16:47:01.616666 [debug]: Finished rendering [  0.00s] model dbt_jbondoc.stg_page_views [success]
16:47:01.616669 [debug]: Started analyzing model dbt_jbondoc.stg_page_views
16:47:01.616693 [debug]: Finished rendering [  0.00s] analysis dbt_jbondoc.total_revenue [success]
16:47:01.616700 [info ]:  Succeeded [  0.00s] analysis dbt_jbondoc.total_revenue (analysis)
16:47:01.616707 [debug]: Finished rendering [  0.00s] model dbt_jbondoc.stg_customers [success]
16:47:01.616712 [debug]: Started analyzing model dbt_jbondoc.stg_customers
16:47:01.616708 [debug]: Compiled SQL for node model.jaffle_shop.dim_customers at target/.lsp/compiled/jaffle_shop/models/marts/core/dim_customers.sql
16:47:01.616722 [debug]: Finished analyzing [  0.00s] snapshot dbt_jbondoc_snapshot.mock_orders [success]
16:47:01.616726 [info ]:  Succeeded [  0.00s] snapshot dbt_jbondoc_snapshot.mock_orders (snapshot)
16:47:01.616765 [debug]: Finished rendering [  0.00s] model dbt_jbondoc.dim_customers [success]
16:47:01.616784 [info ]: Finished rendering [  0.00s] (10 nodes, 0 skipped, 0 errors)
16:47:01.616796 [debug]: Started analyzing model dbt_jbondoc.dim_customers
16:47:01.616822 [debug]: Finished analyzing [  0.00s] model dbt_jbondoc.stg_customers [success]
16:47:01.616826 [info ]:  Succeeded [  0.00s] model dbt_jbondoc.stg_customers (view)
16:47:01.616910 [debug]: Finished analyzing [  0.00s] model dbt_jbondoc.stg_page_views [success]
16:47:01.616917 [info ]:  Succeeded [  0.00s] model dbt_jbondoc.stg_page_views (incremental)
16:47:01.616969 [debug]: Finished analyzing [  0.00s] model dbt_jbondoc.int_orders__pivoted [success]
16:47:01.616975 [info ]:  Succeeded [  0.00s] model dbt_jbondoc.int_orders__pivoted (table)
16:47:01.617011 [debug]: Finished analyzing [  0.00s] model dbt_jbondoc.dim_customers [success]
16:47:01.617016 [info ]:  Succeeded [  0.00s] model dbt_jbondoc.dim_customers (table)
16:47:01.617975 [debug]: Finished analyzing [  0.00s] model dbt_jbondoc.all_dates [success]
16:47:01.617978 [info ]: Finished analyzing [  0.00s] (9 nodes, 0 skipped, 0 errors)
16:47:01.617980 [info ]:  Succeeded [  0.01s] model dbt_jbondoc.all_dates (table)
16:47:01.619398 [info ]: Started scheduling
16:47:01.619424 [info ]: Finished scheduling [  0.00s]
16:47:01.619568 [info ]: Cached model count updated: 8 models (accurate)
16:48:40.894317 [info ]: Started loading project
16:48:40.896173 [info ]: Loading ~/.dbt/profiles.yml
16:48:40.905607 [info ]: Started parsing
16:48:40.930364 [info ]: Finished loading project [  0.04s]
16:48:40.932568 [debug]: Finished parsing models/marts/core/fct_orders.yml [  0.00s]
16:48:40.933317 [debug]: Finished parsing snapshots/mock_orders.sql [  0.00s]
16:48:40.934186 [debug]: Finished parsing models/marts/core/fct_orders.sql [  0.00s]
16:48:40.983915 [info ]: Finished parsing [  0.08s]
16:48:40.985418 [info ]: Cached model count updated: 8 models (estimate)
16:48:40.985425 [info ]: Cached model count updated: 8 models (accurate)
16:48:40.985446 [info ]: Started scheduling
16:48:40.985472 [info ]: Finished scheduling [  0.00s]
16:48:40.985477 [debug]: Compilation - 0 nodes selected: {}
16:48:40.985493 [warn ]: [NoNodesForSelectionCriteria (dbt1092)]: The selection criterion '' does not match any enabled nodes
16:48:40.985500 [warn ]: [NoNodesSelected (dbt1601)]: Nothing to do. Try checking your model configs and model specification args
16:48:41.011050 [info ]: Started building task graph
16:48:41.011062 [info ]: Finished building task graph [  0.00s]
16:48:41.047287 [info ]: Started scheduling
16:48:41.047341 [info ]: Finished scheduling [  0.00s]
16:48:41.047757 [info ]: Cached model count updated: 8 models (accurate)
16:48:41.066901 [info ]: Started loading project
16:48:41.067142 [info ]: Loading ~/.dbt/profiles.yml
16:48:41.079193 [info ]: Cached model count updated: 8 models (estimate)
16:48:41.079207 [info ]: Cached model count updated: 8 models (accurate)
16:48:41.079228 [info ]: Started scheduling
16:48:41.079278 [info ]: Finished scheduling [  0.00s]
16:48:41.079285 [debug]: Compilation - 4 nodes selected: {"exposure.jaffle_shop.jaffle_shop_weekly_metrics", "model.jaffle_shop.fct_orders", "model.jaffle_shop.stg_orders", "model.jaffle_shop.stg_payments"}
16:48:41.099095 [info ]: Started building task graph
16:48:41.099132 [info ]: Finished building task graph [  0.00s]
16:48:41.123471 [info ]: Started rendering (3 nodes)
16:48:41.123482 [info ]: Started model dbt_jbondoc.fct_orders
16:48:41.123487 [debug]: Started rendering model dbt_jbondoc.fct_orders
16:48:41.123499 [info ]: Started model dbt_jbondoc.stg_payments
16:48:41.123502 [debug]: Started rendering model dbt_jbondoc.stg_payments
16:48:41.123506 [info ]: Started model dbt_jbondoc.stg_orders
16:48:41.123509 [debug]: Started rendering model dbt_jbondoc.stg_orders
16:48:41.123516 [info ]: Finished loading project [  0.06s]
16:48:41.125700 [debug]: Compiled SQL for node model.jaffle_shop.fct_orders at target/.lsp/compiled/jaffle_shop/models/marts/core/fct_orders.sql
16:48:41.125743 [debug]: Finished rendering [  0.00s] model dbt_jbondoc.fct_orders [success]
16:48:41.125758 [info ]: Started analyzing (3 nodes)
16:48:41.125762 [debug]: Started analyzing model dbt_jbondoc.fct_orders
16:48:41.125829 [debug]: Compiled SQL for node model.jaffle_shop.stg_payments at target/.lsp/compiled/jaffle_shop/models/staging/stripe/stg_payments.sql
16:48:41.125831 [debug]: Compiled SQL for node model.jaffle_shop.stg_orders at target/.lsp/compiled/jaffle_shop/models/staging/jaffle_shop/stg_orders.sql
16:48:41.125851 [debug]: Finished rendering [  0.00s] model dbt_jbondoc.stg_payments [success]
16:48:41.125860 [debug]: Started analyzing model dbt_jbondoc.stg_payments
16:48:41.125868 [debug]: Finished rendering [  0.00s] model dbt_jbondoc.stg_orders [success]
16:48:41.125872 [info ]: Finished rendering [  0.00s] (3 nodes, 0 skipped, 0 errors)
16:48:41.125875 [debug]: Started analyzing model dbt_jbondoc.stg_orders
16:48:41.126134 [debug]: Finished analyzing [  0.00s] model dbt_jbondoc.stg_orders [success]
16:48:41.126140 [info ]:  Succeeded [  0.00s] model dbt_jbondoc.stg_orders (view)
16:48:41.126150 [debug]: Finished analyzing [  0.00s] model dbt_jbondoc.stg_payments [success]
16:48:41.126155 [info ]:  Succeeded [  0.00s] model dbt_jbondoc.stg_payments (view)
16:48:41.126331 [debug]: Finished analyzing [  0.00s] model dbt_jbondoc.fct_orders [success]
16:48:41.126336 [info ]: Finished analyzing [  0.00s] (3 nodes, 0 skipped, 0 errors)
16:48:41.126338 [info ]:  Succeeded [  0.00s] model dbt_jbondoc.fct_orders (table)
16:48:41.127666 [info ]: Started scheduling
16:48:41.127691 [info ]: Finished scheduling [  0.00s]
16:48:41.127757 [info ]: Cached model count updated: 8 models (accurate)
16:48:42.304905 [info ]: Started loading project
16:48:42.305173 [info ]: Loading ~/.dbt/profiles.yml
16:48:42.321451 [info ]: Cached model count updated: 8 models (estimate)
16:48:42.321466 [info ]: Cached model count updated: 8 models (accurate)
16:48:42.321493 [info ]: Started scheduling
16:48:42.321574 [info ]: Finished scheduling [  0.00s]
16:48:42.321584 [debug]: Compilation - 11 nodes selected: {"analysis.jaffle_shop.total_revenue", "exposure.jaffle_shop.jaffle_shop_weekly_metrics", "model.jaffle_shop.all_dates", "model.jaffle_shop.dim_customers", "model.jaffle_shop.fct_orders", "model.jaffle_shop.int_orders__pivoted", "model.jaffle_shop.stg_customers", "model.jaffle_shop.stg_orders", "model.jaffle_shop.stg_page_views", "model.jaffle_shop.stg_payments", "snapshot.jaffle_shop.mock_orders"}
16:48:42.322096 [debug]:    Started downloading relations (1 items)
16:48:42.322140 [info ]: Finished loading project [  0.02s]
16:48:42.701251 [debug]: Query executed on node unknown:
SHOW OBJECTS IN SCHEMA "ANALYTICS"."DBT_JBONDOC" LIMIT 10000
16:48:42.701482 [debug]:   Finished [  0.38s] downloading relations (1 items)
16:48:42.731820 [info ]: Started building task graph
16:48:42.731883 [info ]: Finished building task graph [  0.00s]
16:48:42.758384 [info ]: Started rendering (10 nodes)
16:48:42.758417 [info ]: Started snapshot dbt_jbondoc_snapshot.mock_orders
16:48:42.758427 [debug]: Started rendering snapshot dbt_jbondoc_snapshot.mock_orders
16:48:42.758453 [info ]: Started model dbt_jbondoc.stg_page_views
16:48:42.758457 [debug]: Started rendering model dbt_jbondoc.stg_page_views
16:48:42.758473 [info ]: Started model dbt_jbondoc.int_orders__pivoted
16:48:42.758486 [debug]: Started rendering model dbt_jbondoc.int_orders__pivoted
16:48:42.758493 [info ]: Started model dbt_jbondoc.dim_customers
16:48:42.758497 [debug]: Started rendering model dbt_jbondoc.dim_customers
16:48:42.758504 [info ]: Started model dbt_jbondoc.stg_customers
16:48:42.758507 [debug]: Started rendering model dbt_jbondoc.stg_customers
16:48:42.758513 [info ]: Started model dbt_jbondoc.all_dates
16:48:42.758518 [debug]: Started rendering model dbt_jbondoc.all_dates
16:48:42.758530 [info ]: Started model dbt_jbondoc.fct_orders
16:48:42.758534 [debug]: Started rendering model dbt_jbondoc.fct_orders
16:48:42.758540 [info ]: Started model dbt_jbondoc.stg_orders
16:48:42.758543 [debug]: Started rendering model dbt_jbondoc.stg_orders
16:48:42.758554 [info ]: Started analysis dbt_jbondoc.total_revenue
16:48:42.758558 [debug]: Started rendering analysis dbt_jbondoc.total_revenue
16:48:42.758562 [info ]: Started model dbt_jbondoc.stg_payments
16:48:42.758565 [debug]: Started rendering model dbt_jbondoc.stg_payments
16:48:42.758973 [debug]: Compiled SQL for node model.jaffle_shop.stg_orders at target/.lsp/compiled/jaffle_shop/models/staging/jaffle_shop/stg_orders.sql
16:48:42.759021 [debug]: Finished rendering [  0.00s] model dbt_jbondoc.stg_orders [success]
16:48:42.759023 [debug]: Compiled SQL for node model.jaffle_shop.fct_orders at target/.lsp/compiled/jaffle_shop/models/marts/core/fct_orders.sql
16:48:42.759026 [debug]: Compiled SQL for node model.jaffle_shop.stg_payments at target/.lsp/compiled/jaffle_shop/models/staging/stripe/stg_payments.sql
16:48:42.759042 [info ]: Started analyzing (9 nodes)
16:48:42.759047 [debug]: Started analyzing model dbt_jbondoc.stg_orders
16:48:42.759058 [debug]: Finished rendering [  0.00s] model dbt_jbondoc.fct_orders [success]
16:48:42.759063 [debug]: Started analyzing model dbt_jbondoc.fct_orders
16:48:42.759069 [debug]: Finished rendering [  0.00s] model dbt_jbondoc.stg_payments [success]
16:48:42.759073 [debug]: Started analyzing model dbt_jbondoc.stg_payments
16:48:42.759188 [debug]: Finished analyzing [  0.00s] model dbt_jbondoc.stg_orders [success]
16:48:42.759196 [info ]:  Succeeded [-------] model dbt_jbondoc.stg_orders (view)
16:48:42.759223 [debug]: Finished analyzing [  0.00s] model dbt_jbondoc.stg_payments [success]
16:48:42.759228 [info ]:  Succeeded [-------] model dbt_jbondoc.stg_payments (view)
16:48:42.759446 [debug]: Finished analyzing [  0.00s] model dbt_jbondoc.fct_orders [success]
16:48:42.759453 [info ]:  Succeeded [-------] model dbt_jbondoc.fct_orders (table)
16:48:42.761165 [debug]: Compiled SQL for node model.jaffle_shop.all_dates at target/.lsp/compiled/jaffle_shop/models/all_dates.sql
16:48:42.761209 [debug]: Compiled SQL for node snapshot.jaffle_shop.mock_orders at target/.lsp/compiled/jaffle_shop/snapshots/mock_orders.sql/mock_orders.sql
16:48:42.761229 [debug]: Compiled SQL for node model.jaffle_shop.int_orders__pivoted at target/.lsp/compiled/jaffle_shop/models/marts/core/int_orders__pivoted.sql
16:48:42.761252 [debug]: Compiled SQL for node model.jaffle_shop.stg_page_views at target/.lsp/compiled/jaffle_shop/models/staging/snowplow/stg_page_views.sql
16:48:42.761289 [debug]: Compiled SQL for node analysis.jaffle_shop.total_revenue at target/.lsp/compiled/jaffle_shop/analysis/total_revenue.sql
16:48:42.761293 [debug]: Finished rendering [  0.00s] model dbt_jbondoc.all_dates [success]
16:48:42.761312 [debug]: Started analyzing model dbt_jbondoc.all_dates
16:48:42.761328 [debug]: Finished rendering [  0.00s] snapshot dbt_jbondoc_snapshot.mock_orders [success]
16:48:42.761326 [debug]: Compiled SQL for node model.jaffle_shop.dim_customers at target/.lsp/compiled/jaffle_shop/models/marts/core/dim_customers.sql
16:48:42.761341 [debug]: Started analyzing snapshot dbt_jbondoc_snapshot.mock_orders
16:48:42.761353 [debug]: Finished rendering [  0.00s] model dbt_jbondoc.int_orders__pivoted [success]
16:48:42.761361 [debug]: Started analyzing model dbt_jbondoc.int_orders__pivoted
16:48:42.761369 [debug]: Finished rendering [  0.00s] model dbt_jbondoc.stg_page_views [success]
16:48:42.761373 [debug]: Started analyzing model dbt_jbondoc.stg_page_views
16:48:42.761383 [debug]: Finished rendering [  0.00s] analysis dbt_jbondoc.total_revenue [success]
16:48:42.761389 [info ]:  Succeeded [  0.00s] analysis dbt_jbondoc.total_revenue (analysis)
16:48:42.761387 [debug]: Compiled SQL for node model.jaffle_shop.stg_customers at target/.lsp/compiled/jaffle_shop/models/staging/jaffle_shop/stg_customers.sql
16:48:42.761400 [debug]: Finished rendering [  0.00s] model dbt_jbondoc.dim_customers [success]
16:48:42.761405 [debug]: Started analyzing model dbt_jbondoc.dim_customers
16:48:42.761425 [debug]: Finished rendering [  0.00s] model dbt_jbondoc.stg_customers [success]
16:48:42.761430 [info ]: Finished rendering [  0.00s] (10 nodes, 0 skipped, 0 errors)
16:48:42.761436 [debug]: Started analyzing model dbt_jbondoc.stg_customers
16:48:42.761465 [debug]: Finished analyzing [  0.00s] snapshot dbt_jbondoc_snapshot.mock_orders [success]
16:48:42.761475 [info ]:  Succeeded [  0.00s] snapshot dbt_jbondoc_snapshot.mock_orders (snapshot)
16:48:42.762366 [debug]: Finished analyzing [  0.00s] model dbt_jbondoc.stg_customers [success]
16:48:42.762378 [info ]:  Succeeded [  0.00s] model dbt_jbondoc.stg_customers (view)
16:48:42.764129 [debug]: Finished analyzing [  0.00s] model dbt_jbondoc.int_orders__pivoted [success]
16:48:42.764149 [info ]:  Succeeded [  0.00s] model dbt_jbondoc.int_orders__pivoted (table)
16:48:42.766261 [debug]: Finished analyzing [  0.00s] model dbt_jbondoc.dim_customers [success]
16:48:42.766275 [info ]:  Succeeded [  0.01s] model dbt_jbondoc.dim_customers (table)
16:48:42.766387 [debug]: Finished analyzing [  0.01s] model dbt_jbondoc.stg_page_views [success]
16:48:42.766403 [info ]:  Succeeded [  0.01s] model dbt_jbondoc.stg_page_views (incremental)
16:48:42.767191 [debug]: Finished analyzing [  0.01s] model dbt_jbondoc.all_dates [success]
16:48:42.767208 [info ]: Finished analyzing [  0.01s] (9 nodes, 0 skipped, 0 errors)
16:48:42.767213 [info ]:  Succeeded [  0.01s] model dbt_jbondoc.all_dates (table)
16:48:42.768902 [info ]: Started scheduling
16:48:42.768937 [info ]: Finished scheduling [  0.00s]
16:48:42.769106 [info ]: Cached model count updated: 8 models (accurate)
16:50:03.549866 [info ]: Started loading project
16:50:03.550291 [info ]: Loading ~/.dbt/profiles.yml
16:50:03.561722 [info ]: Started parsing
16:50:03.586792 [info ]: Finished loading project [  0.04s]
16:50:03.588782 [debug]: Finished parsing models/marts/core/fct_orders.yml [  0.00s]
16:50:03.589536 [debug]: Finished parsing snapshots/mock_orders.sql [  0.00s]
16:50:03.590662 [debug]: Finished parsing models/marts/core/fct_orders.sql [  0.00s]
16:50:03.591290 [error]: [UnusedConfigKey (dbt1060)]: Ignored unexpected key `"depends on"`. YAML path: `depends on`.
  --> models/marts/core/fct_orders.yml:34:5
16:50:03.639152 [info ]: Finished parsing [  0.08s]
16:50:03.640680 [info ]: Cached model count updated: 8 models (estimate)
16:50:03.640691 [info ]: Cached model count updated: 8 models (accurate)
16:50:03.640718 [info ]: Started scheduling
16:50:03.640791 [info ]: Finished scheduling [  0.00s]
16:50:03.640797 [debug]: Compilation - 4 nodes selected: {"exposure.jaffle_shop.jaffle_shop_weekly_metrics", "model.jaffle_shop.fct_orders", "model.jaffle_shop.stg_orders", "model.jaffle_shop.stg_payments"}
16:50:03.668775 [info ]: Started building task graph
16:50:03.668820 [info ]: Finished building task graph [  0.00s]
16:50:03.700482 [info ]: Started rendering (3 nodes)
16:50:03.700506 [info ]: Started model dbt_jbondoc.fct_orders
16:50:03.700513 [debug]: Started rendering model dbt_jbondoc.fct_orders
16:50:03.700525 [info ]: Started model dbt_jbondoc.stg_payments
16:50:03.700531 [debug]: Started rendering model dbt_jbondoc.stg_payments
16:50:03.700542 [info ]: Started model dbt_jbondoc.stg_orders
16:50:03.700549 [debug]: Started rendering model dbt_jbondoc.stg_orders
16:50:03.701143 [debug]: Compiled SQL for node model.jaffle_shop.fct_orders at target/.lsp/compiled/jaffle_shop/models/marts/core/fct_orders.sql
16:50:03.701197 [debug]: Compiled SQL for node model.jaffle_shop.stg_orders at target/.lsp/compiled/jaffle_shop/models/staging/jaffle_shop/stg_orders.sql
16:50:03.701204 [debug]: Compiled SQL for node model.jaffle_shop.stg_payments at target/.lsp/compiled/jaffle_shop/models/staging/stripe/stg_payments.sql
16:50:03.701209 [debug]: Finished rendering [  0.00s] model dbt_jbondoc.fct_orders [success]
16:50:03.701228 [info ]: Started analyzing (3 nodes)
16:50:03.701234 [debug]: Started analyzing model dbt_jbondoc.fct_orders
16:50:03.701242 [debug]: Finished rendering [  0.00s] model dbt_jbondoc.stg_orders [success]
16:50:03.701247 [debug]: Started analyzing model dbt_jbondoc.stg_orders
16:50:03.701252 [debug]: Finished rendering [  0.00s] model dbt_jbondoc.stg_payments [success]
16:50:03.701254 [info ]: Finished rendering [  0.00s] (3 nodes, 0 skipped, 0 errors)
16:50:03.701257 [debug]: Started analyzing model dbt_jbondoc.stg_payments
16:50:03.701561 [debug]: Finished analyzing [  0.00s] model dbt_jbondoc.stg_orders [success]
16:50:03.701568 [info ]:  Succeeded [-------] model dbt_jbondoc.stg_orders (view)
16:50:03.701574 [debug]: Finished analyzing [  0.00s] model dbt_jbondoc.stg_payments [success]
16:50:03.701577 [info ]:  Succeeded [-------] model dbt_jbondoc.stg_payments (view)
16:50:03.701752 [debug]: Finished analyzing [  0.00s] model dbt_jbondoc.fct_orders [success]
16:50:03.701757 [info ]: Finished analyzing [  0.00s] (3 nodes, 0 skipped, 0 errors)
16:50:03.701760 [info ]:  Succeeded [-------] model dbt_jbondoc.fct_orders (table)
16:50:03.704069 [info ]: Started scheduling
16:50:03.704123 [info ]: Finished scheduling [  0.00s]
16:50:03.704651 [info ]: Cached model count updated: 8 models (accurate)
16:50:04.882580 [info ]: Started loading project
16:50:04.882800 [info ]: Loading ~/.dbt/profiles.yml
16:50:04.894879 [info ]: Cached model count updated: 8 models (estimate)
16:50:04.894890 [info ]: Cached model count updated: 8 models (accurate)
16:50:04.894911 [info ]: Started scheduling
16:50:04.894968 [info ]: Finished scheduling [  0.00s]
16:50:04.894976 [debug]: Compilation - 11 nodes selected: {"analysis.jaffle_shop.total_revenue", "exposure.jaffle_shop.jaffle_shop_weekly_metrics", "model.jaffle_shop.all_dates", "model.jaffle_shop.dim_customers", "model.jaffle_shop.fct_orders", "model.jaffle_shop.int_orders__pivoted", "model.jaffle_shop.stg_customers", "model.jaffle_shop.stg_orders", "model.jaffle_shop.stg_page_views", "model.jaffle_shop.stg_payments", "snapshot.jaffle_shop.mock_orders"}
16:50:04.895401 [debug]:    Started downloading relations (1 items)
16:50:04.895432 [info ]: Finished loading project [  0.01s]
16:50:05.131273 [debug]: Query executed on node unknown:
SHOW OBJECTS IN SCHEMA "ANALYTICS"."DBT_JBONDOC" LIMIT 10000
16:50:05.131411 [debug]:   Finished [  0.24s] downloading relations (1 items)
16:50:05.159098 [info ]: Started building task graph
16:50:05.159153 [info ]: Finished building task graph [  0.00s]
16:50:05.185129 [info ]: Started rendering (10 nodes)
16:50:05.185143 [info ]: Started snapshot dbt_jbondoc_snapshot.mock_orders
16:50:05.185149 [debug]: Started rendering snapshot dbt_jbondoc_snapshot.mock_orders
16:50:05.185168 [info ]: Started model dbt_jbondoc.stg_page_views
16:50:05.185172 [debug]: Started rendering model dbt_jbondoc.stg_page_views
16:50:05.185176 [info ]: Started model dbt_jbondoc.int_orders__pivoted
16:50:05.185179 [debug]: Started rendering model dbt_jbondoc.int_orders__pivoted
16:50:05.185184 [info ]: Started model dbt_jbondoc.dim_customers
16:50:05.185189 [debug]: Started rendering model dbt_jbondoc.dim_customers
16:50:05.185194 [info ]: Started model dbt_jbondoc.stg_customers
16:50:05.185196 [debug]: Started rendering model dbt_jbondoc.stg_customers
16:50:05.185200 [info ]: Started model dbt_jbondoc.fct_orders
16:50:05.185203 [debug]: Started rendering model dbt_jbondoc.fct_orders
16:50:05.185207 [info ]: Started model dbt_jbondoc.stg_orders
16:50:05.185211 [debug]: Started rendering model dbt_jbondoc.stg_orders
16:50:05.185216 [info ]: Started model dbt_jbondoc.all_dates
16:50:05.185219 [debug]: Started rendering model dbt_jbondoc.all_dates
16:50:05.185225 [info ]: Started analysis dbt_jbondoc.total_revenue
16:50:05.185228 [debug]: Started rendering analysis dbt_jbondoc.total_revenue
16:50:05.185237 [info ]: Started model dbt_jbondoc.stg_payments
16:50:05.185241 [debug]: Started rendering model dbt_jbondoc.stg_payments
16:50:05.185626 [debug]: Compiled SQL for node model.jaffle_shop.fct_orders at target/.lsp/compiled/jaffle_shop/models/marts/core/fct_orders.sql
16:50:05.185663 [debug]: Finished rendering [  0.00s] model dbt_jbondoc.fct_orders [success]
16:50:05.185667 [debug]: Compiled SQL for node model.jaffle_shop.stg_orders at target/.lsp/compiled/jaffle_shop/models/staging/jaffle_shop/stg_orders.sql
16:50:05.185677 [info ]: Started analyzing (9 nodes)
16:50:05.185680 [debug]: Started analyzing model dbt_jbondoc.fct_orders
16:50:05.185675 [debug]: Compiled SQL for node model.jaffle_shop.stg_payments at target/.lsp/compiled/jaffle_shop/models/staging/stripe/stg_payments.sql
16:50:05.185698 [debug]: Finished rendering [  0.00s] model dbt_jbondoc.stg_orders [success]
16:50:05.185708 [debug]: Started analyzing model dbt_jbondoc.stg_orders
16:50:05.185717 [debug]: Finished rendering [  0.00s] model dbt_jbondoc.stg_payments [success]
16:50:05.185723 [debug]: Started analyzing model dbt_jbondoc.stg_payments
16:50:05.185801 [debug]: Finished analyzing [  0.00s] model dbt_jbondoc.stg_orders [success]
16:50:05.185809 [info ]:  Succeeded [-------] model dbt_jbondoc.stg_orders (view)
16:50:05.185818 [debug]: Finished analyzing [  0.00s] model dbt_jbondoc.stg_payments [success]
16:50:05.185822 [info ]:  Succeeded [-------] model dbt_jbondoc.stg_payments (view)
16:50:05.185977 [debug]: Finished analyzing [  0.00s] model dbt_jbondoc.fct_orders [success]
16:50:05.185982 [info ]:  Succeeded [-------] model dbt_jbondoc.fct_orders (table)
16:50:05.187624 [debug]: Compiled SQL for node snapshot.jaffle_shop.mock_orders at target/.lsp/compiled/jaffle_shop/snapshots/mock_orders.sql/mock_orders.sql
16:50:05.187627 [debug]: Compiled SQL for node model.jaffle_shop.int_orders__pivoted at target/.lsp/compiled/jaffle_shop/models/marts/core/int_orders__pivoted.sql
16:50:05.187619 [debug]: Compiled SQL for node model.jaffle_shop.stg_page_views at target/.lsp/compiled/jaffle_shop/models/staging/snowplow/stg_page_views.sql
16:50:05.187643 [debug]: Compiled SQL for node model.jaffle_shop.stg_customers at target/.lsp/compiled/jaffle_shop/models/staging/jaffle_shop/stg_customers.sql
16:50:05.187642 [debug]: Compiled SQL for node analysis.jaffle_shop.total_revenue at target/.lsp/compiled/jaffle_shop/analysis/total_revenue.sql
16:50:05.187658 [debug]: Compiled SQL for node model.jaffle_shop.dim_customers at target/.lsp/compiled/jaffle_shop/models/marts/core/dim_customers.sql
16:50:05.187663 [debug]: Compiled SQL for node model.jaffle_shop.all_dates at target/.lsp/compiled/jaffle_shop/models/all_dates.sql
16:50:05.187669 [debug]: Finished rendering [  0.00s] snapshot dbt_jbondoc_snapshot.mock_orders [success]
16:50:05.187707 [debug]: Started analyzing snapshot dbt_jbondoc_snapshot.mock_orders
16:50:05.187721 [debug]: Finished rendering [  0.00s] model dbt_jbondoc.int_orders__pivoted [success]
16:50:05.187727 [debug]: Started analyzing model dbt_jbondoc.int_orders__pivoted
16:50:05.187737 [debug]: Finished rendering [  0.00s] model dbt_jbondoc.stg_page_views [success]
16:50:05.187741 [debug]: Started analyzing model dbt_jbondoc.stg_page_views
16:50:05.187748 [debug]: Finished rendering [  0.00s] analysis dbt_jbondoc.total_revenue [success]
16:50:05.187751 [info ]:  Succeeded [  0.00s] analysis dbt_jbondoc.total_revenue (analysis)
16:50:05.187757 [debug]: Finished rendering [  0.00s] model dbt_jbondoc.stg_customers [success]
16:50:05.187760 [debug]: Started analyzing model dbt_jbondoc.stg_customers
16:50:05.187765 [debug]: Finished rendering [  0.00s] model dbt_jbondoc.dim_customers [success]
16:50:05.187768 [debug]: Started analyzing model dbt_jbondoc.dim_customers
16:50:05.187772 [debug]: Finished rendering [  0.00s] model dbt_jbondoc.all_dates [success]
16:50:05.187774 [info ]: Finished rendering [  0.00s] (10 nodes, 0 skipped, 0 errors)
16:50:05.187777 [debug]: Started analyzing model dbt_jbondoc.all_dates
16:50:05.187802 [debug]: Finished analyzing [  0.00s] snapshot dbt_jbondoc_snapshot.mock_orders [success]
16:50:05.187810 [info ]:  Succeeded [  0.00s] snapshot dbt_jbondoc_snapshot.mock_orders (snapshot)
16:50:05.187867 [debug]: Finished analyzing [  0.00s] model dbt_jbondoc.stg_customers [success]
16:50:05.187877 [info ]:  Succeeded [  0.00s] model dbt_jbondoc.stg_customers (view)
16:50:05.188034 [debug]: Finished analyzing [  0.00s] model dbt_jbondoc.dim_customers [success]
16:50:05.188043 [info ]:  Succeeded [  0.00s] model dbt_jbondoc.dim_customers (table)
16:50:05.188050 [debug]: Finished analyzing [  0.00s] model dbt_jbondoc.stg_page_views [success]
16:50:05.188053 [info ]:  Succeeded [  0.00s] model dbt_jbondoc.stg_page_views (incremental)
16:50:05.188059 [debug]: Finished analyzing [  0.00s] model dbt_jbondoc.int_orders__pivoted [success]
16:50:05.188063 [info ]:  Succeeded [  0.00s] model dbt_jbondoc.int_orders__pivoted (table)
16:50:05.189205 [debug]: Finished analyzing [  0.00s] model dbt_jbondoc.all_dates [success]
16:50:05.189209 [info ]: Finished analyzing [  0.00s] (9 nodes, 0 skipped, 0 errors)
16:50:05.189212 [info ]:  Succeeded [  0.00s] model dbt_jbondoc.all_dates (table)
16:50:05.190771 [info ]: Started scheduling
16:50:05.190800 [info ]: Finished scheduling [  0.00s]
16:50:05.190988 [info ]: Cached model count updated: 8 models (accurate)
16:50:35.367372 [info ]: Started loading project
16:50:35.367709 [info ]: Loading ~/.dbt/profiles.yml
16:50:35.378343 [info ]: Started parsing
16:50:35.408550 [info ]: Finished loading project [  0.04s]
16:50:35.410567 [debug]: Finished parsing models/marts/core/fct_orders.yml [  0.00s]
16:50:35.411169 [debug]: Finished parsing snapshots/mock_orders.sql [  0.00s]
16:50:35.411756 [debug]: Finished parsing models/marts/core/fct_orders.sql [  0.00s]
16:50:35.460161 [info ]: Finished parsing [  0.08s]
16:50:35.461723 [info ]: Cached model count updated: 8 models (estimate)
16:50:35.461731 [info ]: Cached model count updated: 8 models (accurate)
16:50:35.461752 [info ]: Started scheduling
16:50:35.461781 [info ]: Finished scheduling [  0.00s]
16:50:35.461786 [debug]: Compilation - 0 nodes selected: {}
16:50:35.461802 [warn ]: [NoNodesForSelectionCriteria (dbt1092)]: The selection criterion '' does not match any enabled nodes
16:50:35.461811 [warn ]: [NoNodesSelected (dbt1601)]: Nothing to do. Try checking your model configs and model specification args
16:50:35.491434 [info ]: Started building task graph
16:50:35.491450 [info ]: Finished building task graph [  0.00s]
16:50:35.519036 [info ]: Started scheduling
16:50:35.519087 [info ]: Finished scheduling [  0.00s]
16:50:35.519500 [info ]: Cached model count updated: 8 models (accurate)
16:50:35.538533 [info ]: Started loading project
16:50:35.538801 [info ]: Loading ~/.dbt/profiles.yml
16:50:35.551656 [info ]: Cached model count updated: 8 models (estimate)
16:50:35.551668 [info ]: Cached model count updated: 8 models (accurate)
16:50:35.551691 [info ]: Started scheduling
16:50:35.551734 [info ]: Finished scheduling [  0.00s]
16:50:35.551740 [debug]: Compilation - 1 nodes selected: {"exposure.jaffle_shop.jaffle_shop_weekly_metrics"}
16:50:35.571749 [info ]: Started building task graph
16:50:35.571771 [info ]: Finished building task graph [  0.00s]
16:50:35.595637 [info ]: Started scheduling
16:50:35.595670 [info ]: Finished scheduling [  0.00s]
16:50:35.595740 [info ]: Cached model count updated: 8 models (accurate)
16:50:35.595748 [info ]: Finished loading project [  0.06s]
16:50:36.775653 [info ]: Started loading project
16:50:36.775957 [info ]: Loading ~/.dbt/profiles.yml
16:50:36.789809 [info ]: Cached model count updated: 8 models (estimate)
16:50:36.789822 [info ]: Cached model count updated: 8 models (accurate)
16:50:36.789850 [info ]: Started scheduling
16:50:36.789911 [info ]: Finished scheduling [  0.00s]
16:50:36.789919 [debug]: Compilation - 11 nodes selected: {"analysis.jaffle_shop.total_revenue", "exposure.jaffle_shop.jaffle_shop_weekly_metrics", "model.jaffle_shop.all_dates", "model.jaffle_shop.dim_customers", "model.jaffle_shop.fct_orders", "model.jaffle_shop.int_orders__pivoted", "model.jaffle_shop.stg_customers", "model.jaffle_shop.stg_orders", "model.jaffle_shop.stg_page_views", "model.jaffle_shop.stg_payments", "snapshot.jaffle_shop.mock_orders"}
16:50:36.790427 [debug]:    Started downloading relations (1 items)
16:50:36.790470 [info ]: Finished loading project [  0.01s]
16:50:37.243303 [debug]: Query executed on node unknown:
SHOW OBJECTS IN SCHEMA "ANALYTICS"."DBT_JBONDOC" LIMIT 10000
16:50:37.243562 [debug]:   Finished [  0.45s] downloading relations (1 items)
16:50:37.279250 [info ]: Started building task graph
16:50:37.279339 [info ]: Finished building task graph [  0.00s]
16:50:37.306096 [info ]: Started rendering (10 nodes)
16:50:37.306114 [info ]: Started snapshot dbt_jbondoc_snapshot.mock_orders
16:50:37.306121 [debug]: Started rendering snapshot dbt_jbondoc_snapshot.mock_orders
16:50:37.306134 [info ]: Started model dbt_jbondoc.stg_page_views
16:50:37.306139 [debug]: Started rendering model dbt_jbondoc.stg_page_views
16:50:37.306145 [info ]: Started model dbt_jbondoc.int_orders__pivoted
16:50:37.306148 [debug]: Started rendering model dbt_jbondoc.int_orders__pivoted
16:50:37.306152 [info ]: Started model dbt_jbondoc.dim_customers
16:50:37.306156 [debug]: Started rendering model dbt_jbondoc.dim_customers
16:50:37.306170 [info ]: Started model dbt_jbondoc.stg_customers
16:50:37.306176 [debug]: Started rendering model dbt_jbondoc.stg_customers
16:50:37.306181 [info ]: Started model dbt_jbondoc.fct_orders
16:50:37.306184 [debug]: Started rendering model dbt_jbondoc.fct_orders
16:50:37.306188 [info ]: Started model dbt_jbondoc.stg_orders
16:50:37.306191 [debug]: Started rendering model dbt_jbondoc.stg_orders
16:50:37.306195 [info ]: Started model dbt_jbondoc.all_dates
16:50:37.306197 [debug]: Started rendering model dbt_jbondoc.all_dates
16:50:37.306203 [info ]: Started analysis dbt_jbondoc.total_revenue
16:50:37.306206 [debug]: Started rendering analysis dbt_jbondoc.total_revenue
16:50:37.306211 [info ]: Started model dbt_jbondoc.stg_payments
16:50:37.306214 [debug]: Started rendering model dbt_jbondoc.stg_payments
16:50:37.306734 [debug]: Compiled SQL for node snapshot.jaffle_shop.mock_orders at target/.lsp/compiled/jaffle_shop/snapshots/mock_orders.sql/mock_orders.sql
16:50:37.306779 [debug]: Finished rendering [  0.00s] snapshot dbt_jbondoc_snapshot.mock_orders [success]
16:50:37.306800 [info ]: Started analyzing (9 nodes)
16:50:37.306806 [debug]: Started analyzing snapshot dbt_jbondoc_snapshot.mock_orders
16:50:37.306820 [debug]: Compiled SQL for node model.jaffle_shop.stg_orders at target/.lsp/compiled/jaffle_shop/models/staging/jaffle_shop/stg_orders.sql
16:50:37.306830 [debug]: Compiled SQL for node model.jaffle_shop.stg_page_views at target/.lsp/compiled/jaffle_shop/models/staging/snowplow/stg_page_views.sql
16:50:37.306874 [debug]: Compiled SQL for node analysis.jaffle_shop.total_revenue at target/.lsp/compiled/jaffle_shop/analysis/total_revenue.sql
16:50:37.306883 [debug]: Finished rendering [  0.00s] model dbt_jbondoc.stg_orders [success]
16:50:37.306894 [debug]: Started analyzing model dbt_jbondoc.stg_orders
16:50:37.306908 [debug]: Finished rendering [  0.00s] model dbt_jbondoc.stg_page_views [success]
16:50:37.306915 [debug]: Started analyzing model dbt_jbondoc.stg_page_views
16:50:37.306908 [debug]: Compiled SQL for node model.jaffle_shop.int_orders__pivoted at target/.lsp/compiled/jaffle_shop/models/marts/core/int_orders__pivoted.sql
16:50:37.306922 [debug]: Finished rendering [  0.00s] analysis dbt_jbondoc.total_revenue [success]
16:50:37.306926 [info ]:  Succeeded [-------] analysis dbt_jbondoc.total_revenue (analysis)
16:50:37.306937 [debug]: Finished rendering [  0.00s] model dbt_jbondoc.int_orders__pivoted [success]
16:50:37.306954 [debug]: Compiled SQL for node model.jaffle_shop.stg_payments at target/.lsp/compiled/jaffle_shop/models/staging/stripe/stg_payments.sql
16:50:37.306969 [debug]: Compiled SQL for node model.jaffle_shop.stg_customers at target/.lsp/compiled/jaffle_shop/models/staging/jaffle_shop/stg_customers.sql
16:50:37.306967 [debug]: Compiled SQL for node model.jaffle_shop.all_dates at target/.lsp/compiled/jaffle_shop/models/all_dates.sql
16:50:37.306964 [debug]: Started analyzing model dbt_jbondoc.int_orders__pivoted
16:50:37.307000 [debug]: Compiled SQL for node model.jaffle_shop.dim_customers at target/.lsp/compiled/jaffle_shop/models/marts/core/dim_customers.sql
16:50:37.307023 [debug]: Finished rendering [  0.00s] model dbt_jbondoc.stg_payments [success]
16:50:37.307036 [debug]: Started analyzing model dbt_jbondoc.stg_payments
16:50:37.307046 [debug]: Finished rendering [  0.00s] model dbt_jbondoc.stg_customers [success]
16:50:37.307052 [debug]: Started analyzing model dbt_jbondoc.stg_customers
16:50:37.307061 [debug]: Finished rendering [  0.00s] model dbt_jbondoc.all_dates [success]
16:50:37.307066 [debug]: Started analyzing model dbt_jbondoc.all_dates
16:50:37.307073 [debug]: Finished rendering [  0.00s] model dbt_jbondoc.dim_customers [success]
16:50:37.307078 [debug]: Started analyzing model dbt_jbondoc.dim_customers
16:50:37.307297 [debug]: Compiled SQL for node model.jaffle_shop.fct_orders at target/.lsp/compiled/jaffle_shop/models/marts/core/fct_orders.sql
16:50:37.307400 [debug]: Finished analyzing [  0.00s] model dbt_jbondoc.stg_customers [success]
16:50:37.307407 [info ]:  Succeeded [-------] model dbt_jbondoc.stg_customers (view)
16:50:37.307415 [debug]: Finished rendering [  0.00s] model dbt_jbondoc.fct_orders [success]
16:50:37.307418 [info ]: Finished rendering [  0.00s] (10 nodes, 0 skipped, 0 errors)
16:50:37.307422 [debug]: Started analyzing model dbt_jbondoc.fct_orders
16:50:37.307429 [debug]: Finished analyzing [  0.00s] snapshot dbt_jbondoc_snapshot.mock_orders [success]
16:50:37.307433 [info ]:  Succeeded [-------] snapshot dbt_jbondoc_snapshot.mock_orders (snapshot)
16:50:37.307438 [debug]: Finished analyzing [  0.00s] model dbt_jbondoc.stg_orders [success]
16:50:37.307441 [info ]:  Succeeded [-------] model dbt_jbondoc.stg_orders (view)
16:50:37.307446 [debug]: Finished analyzing [  0.00s] model dbt_jbondoc.stg_payments [success]
16:50:37.307449 [info ]:  Succeeded [-------] model dbt_jbondoc.stg_payments (view)
16:50:37.307602 [debug]: Finished analyzing [  0.00s] model dbt_jbondoc.dim_customers [success]
16:50:37.307608 [info ]:  Succeeded [-------] model dbt_jbondoc.dim_customers (table)
16:50:37.307612 [debug]: Finished analyzing [  0.00s] model dbt_jbondoc.stg_page_views [success]
16:50:37.307615 [info ]:  Succeeded [-------] model dbt_jbondoc.stg_page_views (incremental)
16:50:37.307674 [debug]: Finished analyzing [  0.00s] model dbt_jbondoc.int_orders__pivoted [success]
16:50:37.307680 [info ]:  Succeeded [-------] model dbt_jbondoc.int_orders__pivoted (table)
16:50:37.307718 [debug]: Finished analyzing [  0.00s] model dbt_jbondoc.fct_orders [success]
16:50:37.307725 [info ]:  Succeeded [  0.00s] model dbt_jbondoc.fct_orders (table)
16:50:37.308897 [debug]: Finished analyzing [  0.00s] model dbt_jbondoc.all_dates [success]
16:50:37.308904 [info ]: Finished analyzing [  0.00s] (9 nodes, 0 skipped, 0 errors)
16:50:37.308908 [info ]:  Succeeded [  0.00s] model dbt_jbondoc.all_dates (table)
16:50:37.310489 [info ]: Started scheduling
16:50:37.310519 [info ]: Finished scheduling [  0.00s]
16:50:37.310678 [info ]: Cached model count updated: 8 models (accurate)
16:51:26.120904 [info ]: Started loading project
16:51:26.121331 [info ]: Loading ~/.dbt/profiles.yml
16:51:26.133357 [info ]: Started parsing
16:51:26.165638 [info ]: Finished loading project [  0.04s]
16:51:26.167625 [debug]: Finished parsing models/marts/core/fct_orders.yml [  0.00s]
16:51:26.168427 [debug]: Finished parsing snapshots/mock_orders.sql [  0.00s]
16:51:26.169355 [debug]: Finished parsing models/marts/core/fct_orders.sql [  0.00s]
16:51:26.216043 [info ]: Finished parsing [  0.08s]
16:51:26.217521 [info ]: Cached model count updated: 8 models (estimate)
16:51:26.217530 [info ]: Cached model count updated: 8 models (accurate)
16:51:26.217551 [info ]: Started scheduling
16:51:26.217579 [info ]: Finished scheduling [  0.00s]
16:51:26.217584 [debug]: Compilation - 0 nodes selected: {}
16:51:26.217599 [warn ]: [NoNodesForSelectionCriteria (dbt1092)]: The selection criterion '' does not match any enabled nodes
16:51:26.217607 [warn ]: [NoNodesSelected (dbt1601)]: Nothing to do. Try checking your model configs and model specification args
16:51:26.243434 [info ]: Started building task graph
16:51:26.243451 [info ]: Finished building task graph [  0.00s]
16:51:26.282212 [info ]: Started scheduling
16:51:26.282267 [info ]: Finished scheduling [  0.00s]
16:51:26.282691 [info ]: Cached model count updated: 8 models (accurate)
16:51:26.302008 [info ]: Started loading project
16:51:26.302310 [info ]: Loading ~/.dbt/profiles.yml
16:51:26.315449 [info ]: Cached model count updated: 8 models (estimate)
16:51:26.315461 [info ]: Cached model count updated: 8 models (accurate)
16:51:26.315484 [info ]: Started scheduling
16:51:26.315542 [info ]: Finished scheduling [  0.00s]
16:51:26.315550 [debug]: Compilation - 4 nodes selected: {"exposure.jaffle_shop.jaffle_shop_weekly_metrics", "model.jaffle_shop.fct_orders", "model.jaffle_shop.stg_orders", "model.jaffle_shop.stg_payments"}
16:51:26.337424 [info ]: Started building task graph
16:51:26.337492 [info ]: Finished building task graph [  0.00s]
16:51:26.361134 [info ]: Started rendering (3 nodes)
16:51:26.361152 [info ]: Started model dbt_jbondoc.fct_orders
16:51:26.361159 [debug]: Started rendering model dbt_jbondoc.fct_orders
16:51:26.361172 [info ]: Started model dbt_jbondoc.stg_payments
16:51:26.361177 [debug]: Started rendering model dbt_jbondoc.stg_payments
16:51:26.361182 [info ]: Started model dbt_jbondoc.stg_orders
16:51:26.361186 [debug]: Started rendering model dbt_jbondoc.stg_orders
16:51:26.361185 [info ]: Finished loading project [  0.06s]
16:51:26.361742 [debug]: Compiled SQL for node model.jaffle_shop.fct_orders at target/.lsp/compiled/jaffle_shop/models/marts/core/fct_orders.sql
16:51:26.361792 [debug]: Finished rendering [  0.00s] model dbt_jbondoc.fct_orders [success]
16:51:26.361805 [info ]: Started analyzing (3 nodes)
16:51:26.361808 [debug]: Started analyzing model dbt_jbondoc.fct_orders
16:51:26.361816 [debug]: Compiled SQL for node model.jaffle_shop.stg_orders at target/.lsp/compiled/jaffle_shop/models/staging/jaffle_shop/stg_orders.sql
16:51:26.361819 [debug]: Compiled SQL for node model.jaffle_shop.stg_payments at target/.lsp/compiled/jaffle_shop/models/staging/stripe/stg_payments.sql
16:51:26.361846 [debug]: Started analyzing model dbt_jbondoc.stg_orders
16:51:26.361852 [debug]: Finished rendering [  0.00s] model dbt_jbondoc.stg_orders [success]
16:51:26.361859 [debug]: Finished rendering [  0.00s] model dbt_jbondoc.stg_payments [success]
16:51:26.361859 [debug]: Started analyzing model dbt_jbondoc.stg_payments
16:51:26.361862 [info ]: Finished rendering [  0.00s] (3 nodes, 0 skipped, 0 errors)
16:51:26.362124 [debug]: Finished analyzing [  0.00s] model dbt_jbondoc.stg_orders [success]
16:51:26.362129 [info ]:  Succeeded [-------] model dbt_jbondoc.stg_orders (view)
16:51:26.362144 [debug]: Finished analyzing [  0.00s] model dbt_jbondoc.stg_payments [success]
16:51:26.362149 [info ]:  Succeeded [-------] model dbt_jbondoc.stg_payments (view)
16:51:26.362336 [debug]: Finished analyzing [  0.00s] model dbt_jbondoc.fct_orders [success]
16:51:26.362340 [info ]: Finished analyzing [  0.00s] (3 nodes, 0 skipped, 0 errors)
16:51:26.362342 [info ]:  Succeeded [-------] model dbt_jbondoc.fct_orders (table)
16:51:26.363940 [info ]: Started scheduling
16:51:26.363969 [info ]: Finished scheduling [  0.00s]
16:51:26.364040 [info ]: Cached model count updated: 8 models (accurate)
16:51:27.538523 [info ]: Started loading project
16:51:27.538864 [info ]: Loading ~/.dbt/profiles.yml
16:51:27.556465 [info ]: Cached model count updated: 8 models (estimate)
16:51:27.556480 [info ]: Cached model count updated: 8 models (accurate)
16:51:27.556508 [info ]: Started scheduling
16:51:27.556597 [info ]: Finished scheduling [  0.00s]
16:51:27.556607 [debug]: Compilation - 11 nodes selected: {"analysis.jaffle_shop.total_revenue", "exposure.jaffle_shop.jaffle_shop_weekly_metrics", "model.jaffle_shop.all_dates", "model.jaffle_shop.dim_customers", "model.jaffle_shop.fct_orders", "model.jaffle_shop.int_orders__pivoted", "model.jaffle_shop.stg_customers", "model.jaffle_shop.stg_orders", "model.jaffle_shop.stg_page_views", "model.jaffle_shop.stg_payments", "snapshot.jaffle_shop.mock_orders"}
16:51:27.557118 [debug]:    Started downloading relations (1 items)
16:51:27.557158 [info ]: Finished loading project [  0.02s]
16:51:28.369395 [debug]: Query executed on node unknown:
SHOW OBJECTS IN SCHEMA "ANALYTICS"."DBT_JBONDOC" LIMIT 10000
16:51:28.369616 [debug]:   Finished [  0.81s] downloading relations (1 items)
16:51:28.401862 [info ]: Started building task graph
16:51:28.401925 [info ]: Finished building task graph [  0.00s]
16:51:28.430076 [info ]: Started rendering (10 nodes)
16:51:28.430097 [info ]: Started snapshot dbt_jbondoc_snapshot.mock_orders
16:51:28.430103 [debug]: Started rendering snapshot dbt_jbondoc_snapshot.mock_orders
16:51:28.430128 [info ]: Started model dbt_jbondoc.stg_page_views
16:51:28.430133 [debug]: Started rendering model dbt_jbondoc.stg_page_views
16:51:28.430150 [info ]: Started model dbt_jbondoc.int_orders__pivoted
16:51:28.430156 [debug]: Started rendering model dbt_jbondoc.int_orders__pivoted
16:51:28.430161 [info ]: Started model dbt_jbondoc.dim_customers
16:51:28.430165 [debug]: Started rendering model dbt_jbondoc.dim_customers
16:51:28.430170 [info ]: Started model dbt_jbondoc.stg_customers
16:51:28.430174 [debug]: Started rendering model dbt_jbondoc.stg_customers
16:51:28.430178 [info ]: Started model dbt_jbondoc.all_dates
16:51:28.430181 [debug]: Started rendering model dbt_jbondoc.all_dates
16:51:28.430185 [info ]: Started model dbt_jbondoc.fct_orders
16:51:28.430197 [debug]: Started rendering model dbt_jbondoc.fct_orders
16:51:28.430202 [info ]: Started model dbt_jbondoc.stg_orders
16:51:28.430204 [debug]: Started rendering model dbt_jbondoc.stg_orders
16:51:28.430210 [info ]: Started analysis dbt_jbondoc.total_revenue
16:51:28.430212 [debug]: Started rendering analysis dbt_jbondoc.total_revenue
16:51:28.430215 [info ]: Started model dbt_jbondoc.stg_payments
16:51:28.430218 [debug]: Started rendering model dbt_jbondoc.stg_payments
16:51:28.430516 [debug]: Compiled SQL for node model.jaffle_shop.stg_orders at target/.lsp/compiled/jaffle_shop/models/staging/jaffle_shop/stg_orders.sql
16:51:28.430564 [debug]: Finished rendering [  0.00s] model dbt_jbondoc.stg_orders [success]
16:51:28.430580 [info ]: Started analyzing (9 nodes)
16:51:28.430555 [debug]: Compiled SQL for node model.jaffle_shop.fct_orders at target/.lsp/compiled/jaffle_shop/models/marts/core/fct_orders.sql
16:51:28.430584 [debug]: Started analyzing model dbt_jbondoc.stg_orders
16:51:28.430635 [debug]: Finished rendering [  0.00s] model dbt_jbondoc.fct_orders [success]
16:51:28.430645 [debug]: Started analyzing model dbt_jbondoc.fct_orders
16:51:28.430671 [debug]: Compiled SQL for node model.jaffle_shop.stg_payments at target/.lsp/compiled/jaffle_shop/models/staging/stripe/stg_payments.sql
16:51:28.430695 [debug]: Finished rendering [  0.00s] model dbt_jbondoc.stg_payments [success]
16:51:28.430707 [debug]: Started analyzing model dbt_jbondoc.stg_payments
16:51:28.430716 [debug]: Finished analyzing [  0.00s] model dbt_jbondoc.stg_orders [success]
16:51:28.430720 [info ]:  Succeeded [-------] model dbt_jbondoc.stg_orders (view)
16:51:28.430800 [debug]: Finished analyzing [  0.00s] model dbt_jbondoc.stg_payments [success]
16:51:28.430804 [info ]:  Succeeded [-------] model dbt_jbondoc.stg_payments (view)
16:51:28.430916 [debug]: Finished analyzing [  0.00s] model dbt_jbondoc.fct_orders [success]
16:51:28.430921 [info ]:  Succeeded [-------] model dbt_jbondoc.fct_orders (table)
16:51:28.432762 [debug]: Compiled SQL for node snapshot.jaffle_shop.mock_orders at target/.lsp/compiled/jaffle_shop/snapshots/mock_orders.sql/mock_orders.sql
16:51:28.432786 [debug]: Compiled SQL for node model.jaffle_shop.stg_customers at target/.lsp/compiled/jaffle_shop/models/staging/jaffle_shop/stg_customers.sql
16:51:28.432793 [debug]: Compiled SQL for node analysis.jaffle_shop.total_revenue at target/.lsp/compiled/jaffle_shop/analysis/total_revenue.sql
16:51:28.432796 [debug]: Finished rendering [  0.00s] snapshot dbt_jbondoc_snapshot.mock_orders [success]
16:51:28.432805 [debug]: Compiled SQL for node model.jaffle_shop.int_orders__pivoted at target/.lsp/compiled/jaffle_shop/models/marts/core/int_orders__pivoted.sql
16:51:28.432807 [debug]: Started analyzing snapshot dbt_jbondoc_snapshot.mock_orders
16:51:28.432815 [debug]: Compiled SQL for node model.jaffle_shop.dim_customers at target/.lsp/compiled/jaffle_shop/models/marts/core/dim_customers.sql
16:51:28.432817 [debug]: Finished rendering [  0.00s] model dbt_jbondoc.stg_customers [success]
16:51:28.432823 [debug]: Started analyzing model dbt_jbondoc.stg_customers
16:51:28.432830 [debug]: Finished rendering [  0.00s] analysis dbt_jbondoc.total_revenue [success]
16:51:28.432833 [info ]:  Succeeded [  0.00s] analysis dbt_jbondoc.total_revenue (analysis)
16:51:28.432840 [debug]: Finished rendering [  0.00s] model dbt_jbondoc.int_orders__pivoted [success]
16:51:28.432840 [debug]: Compiled SQL for node model.jaffle_shop.stg_page_views at target/.lsp/compiled/jaffle_shop/models/staging/snowplow/stg_page_views.sql
16:51:28.432845 [debug]: Started analyzing model dbt_jbondoc.int_orders__pivoted
16:51:28.432852 [debug]: Finished rendering [  0.00s] model dbt_jbondoc.dim_customers [success]
16:51:28.432856 [debug]: Started analyzing model dbt_jbondoc.dim_customers
16:51:28.432861 [debug]: Finished analyzing [  0.00s] snapshot dbt_jbondoc_snapshot.mock_orders [success]
16:51:28.432864 [info ]:  Succeeded [  0.00s] snapshot dbt_jbondoc_snapshot.mock_orders (snapshot)
16:51:28.432868 [debug]: Finished rendering [  0.00s] model dbt_jbondoc.stg_page_views [success]
16:51:28.432871 [debug]: Started analyzing model dbt_jbondoc.stg_page_views
16:51:28.432895 [debug]: Compiled SQL for node model.jaffle_shop.all_dates at target/.lsp/compiled/jaffle_shop/models/all_dates.sql
16:51:28.432909 [debug]: Finished analyzing [  0.00s] model dbt_jbondoc.stg_customers [success]
16:51:28.432915 [info ]:  Succeeded [  0.00s] model dbt_jbondoc.stg_customers (view)
16:51:28.432923 [debug]: Finished rendering [  0.00s] model dbt_jbondoc.all_dates [success]
16:51:28.432926 [info ]: Finished rendering [  0.00s] (10 nodes, 0 skipped, 0 errors)
16:51:28.432930 [debug]: Started analyzing model dbt_jbondoc.all_dates
16:51:28.433126 [debug]: Finished analyzing [  0.00s] model dbt_jbondoc.stg_page_views [success]
16:51:28.433132 [info ]:  Succeeded [  0.00s] model dbt_jbondoc.stg_page_views (incremental)
16:51:28.433142 [debug]: Finished analyzing [  0.00s] model dbt_jbondoc.dim_customers [success]
16:51:28.433147 [info ]:  Succeeded [  0.00s] model dbt_jbondoc.dim_customers (table)
16:51:28.433160 [debug]: Finished analyzing [  0.00s] model dbt_jbondoc.int_orders__pivoted [success]
16:51:28.433165 [info ]:  Succeeded [  0.00s] model dbt_jbondoc.int_orders__pivoted (table)
16:51:28.434402 [debug]: Finished analyzing [  0.00s] model dbt_jbondoc.all_dates [success]
16:51:28.434406 [info ]: Finished analyzing [  0.00s] (9 nodes, 0 skipped, 0 errors)
16:51:28.434409 [info ]:  Succeeded [  0.00s] model dbt_jbondoc.all_dates (table)
16:51:28.435954 [info ]: Started scheduling
16:51:28.435983 [info ]: Finished scheduling [  0.00s]
16:51:28.436141 [info ]: Cached model count updated: 8 models (accurate)
16:51:49.843579 [info ]: Started loading project
16:51:49.844107 [info ]: Loading ~/.dbt/profiles.yml
16:51:49.858104 [info ]: Started parsing
16:51:49.897370 [info ]: Finished loading project [  0.05s]
16:51:49.899379 [debug]: Finished parsing models/marts/core/fct_orders.yml [  0.00s]
16:51:49.900137 [debug]: Finished parsing snapshots/mock_orders.sql [  0.00s]
16:51:49.902395 [debug]: Finished parsing models/marts/core/fct_orders.sql [  0.00s]
16:51:49.949151 [info ]: Finished parsing [  0.09s]
16:51:49.950791 [info ]: Cached model count updated: 8 models (estimate)
16:51:49.950799 [info ]: Cached model count updated: 8 models (accurate)
16:51:49.950822 [info ]: Started scheduling
16:51:49.950850 [info ]: Finished scheduling [  0.00s]
16:51:49.950856 [debug]: Compilation - 0 nodes selected: {}
16:51:49.950872 [warn ]: [NoNodesForSelectionCriteria (dbt1092)]: The selection criterion '' does not match any enabled nodes
16:51:49.950879 [warn ]: [NoNodesSelected (dbt1601)]: Nothing to do. Try checking your model configs and model specification args
16:51:49.976315 [info ]: Started building task graph
16:51:49.976332 [info ]: Finished building task graph [  0.00s]
16:51:50.003889 [info ]: Started scheduling
16:51:50.003942 [info ]: Finished scheduling [  0.00s]
16:51:50.004373 [info ]: Cached model count updated: 8 models (accurate)
16:51:50.022376 [info ]: Started loading project
16:51:50.022655 [info ]: Loading ~/.dbt/profiles.yml
16:51:50.034949 [info ]: Cached model count updated: 8 models (estimate)
16:51:50.034961 [info ]: Cached model count updated: 8 models (accurate)
16:51:50.034984 [info ]: Started scheduling
16:51:50.035033 [info ]: Finished scheduling [  0.00s]
16:51:50.035040 [debug]: Compilation - 1 nodes selected: {"exposure.jaffle_shop.jaffle_shop_weekly_metrics"}
16:51:50.055104 [info ]: Started building task graph
16:51:50.055124 [info ]: Finished building task graph [  0.00s]
16:51:50.079014 [info ]: Started scheduling
16:51:50.079089 [info ]: Finished scheduling [  0.00s]
16:51:50.079166 [info ]: Cached model count updated: 8 models (accurate)
16:51:50.079176 [info ]: Finished loading project [  0.06s]
16:51:51.256491 [info ]: Started loading project
16:51:51.256914 [info ]: Loading ~/.dbt/profiles.yml
16:51:51.274600 [info ]: Cached model count updated: 8 models (estimate)
16:51:51.274613 [info ]: Cached model count updated: 8 models (accurate)
16:51:51.274639 [info ]: Started scheduling
16:51:51.274713 [info ]: Finished scheduling [  0.00s]
16:51:51.274723 [debug]: Compilation - 11 nodes selected: {"analysis.jaffle_shop.total_revenue", "exposure.jaffle_shop.jaffle_shop_weekly_metrics", "model.jaffle_shop.all_dates", "model.jaffle_shop.dim_customers", "model.jaffle_shop.fct_orders", "model.jaffle_shop.int_orders__pivoted", "model.jaffle_shop.stg_customers", "model.jaffle_shop.stg_orders", "model.jaffle_shop.stg_page_views", "model.jaffle_shop.stg_payments", "snapshot.jaffle_shop.mock_orders"}
16:51:51.275200 [debug]:    Started downloading relations (1 items)
16:51:51.275239 [info ]: Finished loading project [  0.02s]
16:51:51.558144 [debug]: Query executed on node unknown:
SHOW OBJECTS IN SCHEMA "ANALYTICS"."DBT_JBONDOC" LIMIT 10000
16:51:51.558264 [debug]:   Finished [  0.28s] downloading relations (1 items)
16:51:51.583557 [info ]: Started building task graph
16:51:51.583627 [info ]: Finished building task graph [  0.00s]
16:51:51.608658 [info ]: Started rendering (10 nodes)
16:51:51.608673 [info ]: Started snapshot dbt_jbondoc_snapshot.mock_orders
16:51:51.608678 [debug]: Started rendering snapshot dbt_jbondoc_snapshot.mock_orders
16:51:51.608692 [info ]: Started model dbt_jbondoc.stg_page_views
16:51:51.608696 [debug]: Started rendering model dbt_jbondoc.stg_page_views
16:51:51.608707 [info ]: Started model dbt_jbondoc.int_orders__pivoted
16:51:51.608718 [debug]: Started rendering model dbt_jbondoc.int_orders__pivoted
16:51:51.608724 [info ]: Started model dbt_jbondoc.dim_customers
16:51:51.608731 [debug]: Started rendering model dbt_jbondoc.dim_customers
16:51:51.608736 [info ]: Started model dbt_jbondoc.stg_customers
16:51:51.608739 [debug]: Started rendering model dbt_jbondoc.stg_customers
16:51:51.608743 [info ]: Started model dbt_jbondoc.fct_orders
16:51:51.608745 [debug]: Started rendering model dbt_jbondoc.fct_orders
16:51:51.608749 [info ]: Started model dbt_jbondoc.stg_orders
16:51:51.608752 [debug]: Started rendering model dbt_jbondoc.stg_orders
16:51:51.608756 [info ]: Started model dbt_jbondoc.all_dates
16:51:51.608758 [debug]: Started rendering model dbt_jbondoc.all_dates
16:51:51.608764 [info ]: Started analysis dbt_jbondoc.total_revenue
16:51:51.608766 [debug]: Started rendering analysis dbt_jbondoc.total_revenue
16:51:51.608771 [info ]: Started model dbt_jbondoc.stg_payments
16:51:51.608773 [debug]: Started rendering model dbt_jbondoc.stg_payments
16:51:51.609231 [debug]: Compiled SQL for node snapshot.jaffle_shop.mock_orders at target/.lsp/compiled/jaffle_shop/snapshots/mock_orders.sql/mock_orders.sql
16:51:51.609256 [debug]: Compiled SQL for node model.jaffle_shop.stg_orders at target/.lsp/compiled/jaffle_shop/models/staging/jaffle_shop/stg_orders.sql
16:51:51.609275 [debug]: Compiled SQL for node model.jaffle_shop.stg_page_views at target/.lsp/compiled/jaffle_shop/models/staging/snowplow/stg_page_views.sql
16:51:51.609294 [debug]: Compiled SQL for node model.jaffle_shop.int_orders__pivoted at target/.lsp/compiled/jaffle_shop/models/marts/core/int_orders__pivoted.sql
16:51:51.609293 [debug]: Compiled SQL for node model.jaffle_shop.all_dates at target/.lsp/compiled/jaffle_shop/models/all_dates.sql
16:51:51.609303 [debug]: Finished rendering [  0.00s] model dbt_jbondoc.stg_orders [success]
16:51:51.609325 [info ]: Started analyzing (9 nodes)
16:51:51.609332 [debug]: Started analyzing model dbt_jbondoc.stg_orders
16:51:51.609333 [debug]: Compiled SQL for node analysis.jaffle_shop.total_revenue at target/.lsp/compiled/jaffle_shop/analysis/total_revenue.sql
16:51:51.609350 [debug]: Finished rendering [  0.00s] snapshot dbt_jbondoc_snapshot.mock_orders [success]
16:51:51.609356 [debug]: Compiled SQL for node model.jaffle_shop.stg_customers at target/.lsp/compiled/jaffle_shop/models/staging/jaffle_shop/stg_customers.sql
16:51:51.609363 [debug]: Compiled SQL for node model.jaffle_shop.stg_payments at target/.lsp/compiled/jaffle_shop/models/staging/stripe/stg_payments.sql
16:51:51.609379 [debug]: Started analyzing snapshot dbt_jbondoc_snapshot.mock_orders
16:51:51.609394 [debug]: Finished rendering [  0.00s] model dbt_jbondoc.stg_page_views [success]
16:51:51.609399 [debug]: Started analyzing model dbt_jbondoc.stg_page_views
16:51:51.609403 [debug]: Finished rendering [  0.00s] model dbt_jbondoc.all_dates [success]
16:51:51.609406 [debug]: Started analyzing model dbt_jbondoc.all_dates
16:51:51.609410 [debug]: Finished rendering [  0.00s] model dbt_jbondoc.int_orders__pivoted [success]
16:51:51.609413 [debug]: Started analyzing model dbt_jbondoc.int_orders__pivoted
16:51:51.609418 [debug]: Finished rendering [  0.00s] analysis dbt_jbondoc.total_revenue [success]
16:51:51.609422 [info ]:  Succeeded [-------] analysis dbt_jbondoc.total_revenue (analysis)
16:51:51.609431 [debug]: Finished rendering [  0.00s] model dbt_jbondoc.stg_customers [success]
16:51:51.609434 [debug]: Started analyzing model dbt_jbondoc.stg_customers
16:51:51.609440 [debug]: Finished rendering [  0.00s] model dbt_jbondoc.stg_payments [success]
16:51:51.609443 [debug]: Started analyzing model dbt_jbondoc.stg_payments
16:51:51.609444 [debug]: Compiled SQL for node model.jaffle_shop.dim_customers at target/.lsp/compiled/jaffle_shop/models/marts/core/dim_customers.sql
16:51:51.609472 [debug]: Finished rendering [  0.00s] model dbt_jbondoc.dim_customers [success]
16:51:51.609487 [debug]: Started analyzing model dbt_jbondoc.dim_customers
16:51:51.609669 [debug]: Compiled SQL for node model.jaffle_shop.fct_orders at target/.lsp/compiled/jaffle_shop/models/marts/core/fct_orders.sql
16:51:51.609812 [debug]: Finished rendering [  0.00s] model dbt_jbondoc.fct_orders [success]
16:51:51.609859 [info ]: Finished rendering [  0.00s] (10 nodes, 0 skipped, 0 errors)
16:51:51.609867 [debug]: Started analyzing model dbt_jbondoc.fct_orders
16:51:51.609905 [debug]: Finished analyzing [  0.00s] snapshot dbt_jbondoc_snapshot.mock_orders [success]
16:51:51.609916 [info ]:  Succeeded [-------] snapshot dbt_jbondoc_snapshot.mock_orders (snapshot)
16:51:51.609924 [debug]: Finished analyzing [  0.00s] model dbt_jbondoc.stg_orders [success]
16:51:51.609929 [info ]:  Succeeded [-------] model dbt_jbondoc.stg_orders (view)
16:51:51.609935 [debug]: Finished analyzing [  0.00s] model dbt_jbondoc.stg_customers [success]
16:51:51.609938 [info ]:  Succeeded [-------] model dbt_jbondoc.stg_customers (view)
16:51:51.609943 [debug]: Finished analyzing [  0.00s] model dbt_jbondoc.stg_payments [success]
16:51:51.609946 [info ]:  Succeeded [-------] model dbt_jbondoc.stg_payments (view)
16:51:51.610072 [debug]: Finished analyzing [  0.00s] model dbt_jbondoc.dim_customers [success]
16:51:51.610078 [info ]:  Succeeded [-------] model dbt_jbondoc.dim_customers (table)
16:51:51.610108 [debug]: Finished analyzing [  0.00s] model dbt_jbondoc.fct_orders [success]
16:51:51.610113 [info ]:  Succeeded [  0.00s] model dbt_jbondoc.fct_orders (table)
16:51:51.610134 [debug]: Finished analyzing [  0.00s] model dbt_jbondoc.stg_page_views [success]
16:51:51.610138 [info ]:  Succeeded [-------] model dbt_jbondoc.stg_page_views (incremental)
16:51:51.610490 [debug]: Finished analyzing [  0.00s] model dbt_jbondoc.int_orders__pivoted [success]
16:51:51.610494 [info ]:  Succeeded [  0.00s] model dbt_jbondoc.int_orders__pivoted (table)
16:51:51.611233 [debug]: Finished analyzing [  0.00s] model dbt_jbondoc.all_dates [success]
16:51:51.611238 [info ]: Finished analyzing [  0.00s] (9 nodes, 0 skipped, 0 errors)
16:51:51.611241 [info ]:  Succeeded [  0.00s] model dbt_jbondoc.all_dates (table)
16:51:51.612703 [info ]: Started scheduling
16:51:51.612731 [info ]: Finished scheduling [  0.00s]
16:51:51.612888 [info ]: Cached model count updated: 8 models (accurate)
16:52:48.155464 [info ]: Started loading project
16:52:48.155803 [info ]: Loading ~/.dbt/profiles.yml
16:52:48.166300 [info ]: Started parsing
16:52:48.203900 [info ]: Finished loading project [  0.05s]
16:52:48.205672 [debug]: Finished parsing models/marts/core/fct_orders.yml [  0.00s]
16:52:48.206264 [debug]: Finished parsing snapshots/mock_orders.sql [  0.00s]
16:52:48.207363 [debug]: Finished parsing models/marts/core/fct_orders.sql [  0.00s]
16:52:48.253656 [info ]: Finished parsing [  0.09s]
16:52:48.255166 [info ]: Cached model count updated: 8 models (estimate)
16:52:48.255174 [info ]: Cached model count updated: 8 models (accurate)
16:52:48.255201 [info ]: Started scheduling
16:52:48.255264 [info ]: Finished scheduling [  0.00s]
16:52:48.255269 [debug]: Compilation - 4 nodes selected: {"exposure.jaffle_shop.jaffle_shop_weekly_metrics", "model.jaffle_shop.fct_orders", "model.jaffle_shop.stg_orders", "model.jaffle_shop.stg_payments"}
16:52:48.279672 [info ]: Started building task graph
16:52:48.279716 [info ]: Finished building task graph [  0.00s]
16:52:48.315026 [info ]: Started rendering (3 nodes)
16:52:48.315040 [info ]: Started model dbt_jbondoc.fct_orders
16:52:48.315045 [debug]: Started rendering model dbt_jbondoc.fct_orders
16:52:48.315057 [info ]: Started model dbt_jbondoc.stg_payments
16:52:48.315061 [debug]: Started rendering model dbt_jbondoc.stg_payments
16:52:48.315066 [info ]: Started model dbt_jbondoc.stg_orders
16:52:48.315069 [debug]: Started rendering model dbt_jbondoc.stg_orders
16:52:48.315546 [debug]: Compiled SQL for node model.jaffle_shop.stg_payments at target/.lsp/compiled/jaffle_shop/models/staging/stripe/stg_payments.sql
16:52:48.315548 [debug]: Compiled SQL for node model.jaffle_shop.stg_orders at target/.lsp/compiled/jaffle_shop/models/staging/jaffle_shop/stg_orders.sql
16:52:48.315584 [debug]: Finished rendering [  0.00s] model dbt_jbondoc.stg_orders [success]
16:52:48.315605 [debug]: Compiled SQL for node model.jaffle_shop.fct_orders at target/.lsp/compiled/jaffle_shop/models/marts/core/fct_orders.sql
16:52:48.315615 [info ]: Started analyzing (3 nodes)
16:52:48.315620 [debug]: Started analyzing model dbt_jbondoc.stg_orders
16:52:48.315629 [debug]: Finished rendering [  0.00s] model dbt_jbondoc.stg_payments [success]
16:52:48.315633 [debug]: Started analyzing model dbt_jbondoc.stg_payments
16:52:48.315653 [debug]: Finished rendering [  0.00s] model dbt_jbondoc.fct_orders [success]
16:52:48.315658 [info ]: Finished rendering [  0.00s] (3 nodes, 0 skipped, 0 errors)
16:52:48.315663 [debug]: Started analyzing model dbt_jbondoc.fct_orders
16:52:48.315974 [debug]: Finished analyzing [  0.00s] model dbt_jbondoc.stg_orders [success]
16:52:48.315979 [info ]:  Succeeded [-------] model dbt_jbondoc.stg_orders (view)
16:52:48.316010 [debug]: Finished analyzing [  0.00s] model dbt_jbondoc.stg_payments [success]
16:52:48.316017 [info ]:  Succeeded [-------] model dbt_jbondoc.stg_payments (view)
16:52:48.316177 [debug]: Finished analyzing [  0.00s] model dbt_jbondoc.fct_orders [success]
16:52:48.316181 [info ]: Finished analyzing [  0.00s] (3 nodes, 0 skipped, 0 errors)
16:52:48.316183 [info ]:  Succeeded [-------] model dbt_jbondoc.fct_orders (table)
16:52:48.317873 [info ]: Started scheduling
16:52:48.317919 [info ]: Finished scheduling [  0.00s]
16:52:48.318322 [info ]: Cached model count updated: 8 models (accurate)
16:52:49.496657 [info ]: Started loading project
16:52:49.496982 [info ]: Loading ~/.dbt/profiles.yml
16:52:49.512609 [info ]: Cached model count updated: 8 models (estimate)
16:52:49.512623 [info ]: Cached model count updated: 8 models (accurate)
16:52:49.512649 [info ]: Started scheduling
16:52:49.512721 [info ]: Finished scheduling [  0.00s]
16:52:49.512730 [debug]: Compilation - 11 nodes selected: {"analysis.jaffle_shop.total_revenue", "exposure.jaffle_shop.jaffle_shop_weekly_metrics", "model.jaffle_shop.all_dates", "model.jaffle_shop.dim_customers", "model.jaffle_shop.fct_orders", "model.jaffle_shop.int_orders__pivoted", "model.jaffle_shop.stg_customers", "model.jaffle_shop.stg_orders", "model.jaffle_shop.stg_page_views", "model.jaffle_shop.stg_payments", "snapshot.jaffle_shop.mock_orders"}
16:52:49.513213 [debug]:    Started downloading relations (1 items)
16:52:49.513258 [info ]: Finished loading project [  0.02s]
16:52:49.802428 [debug]: Query executed on node unknown:
SHOW OBJECTS IN SCHEMA "ANALYTICS"."DBT_JBONDOC" LIMIT 10000
16:52:49.802565 [debug]:   Finished [  0.29s] downloading relations (1 items)
16:52:49.830835 [info ]: Started building task graph
16:52:49.830906 [info ]: Finished building task graph [  0.00s]
16:52:49.856189 [info ]: Started rendering (10 nodes)
16:52:49.856206 [info ]: Started snapshot dbt_jbondoc_snapshot.mock_orders
16:52:49.856219 [debug]: Started rendering snapshot dbt_jbondoc_snapshot.mock_orders
16:52:49.856239 [info ]: Started model dbt_jbondoc.stg_page_views
16:52:49.856244 [debug]: Started rendering model dbt_jbondoc.stg_page_views
16:52:49.856249 [info ]: Started model dbt_jbondoc.int_orders__pivoted
16:52:49.856251 [debug]: Started rendering model dbt_jbondoc.int_orders__pivoted
16:52:49.856256 [info ]: Started model dbt_jbondoc.dim_customers
16:52:49.856259 [debug]: Started rendering model dbt_jbondoc.dim_customers
16:52:49.856263 [info ]: Started model dbt_jbondoc.stg_customers
16:52:49.856271 [debug]: Started rendering model dbt_jbondoc.stg_customers
16:52:49.856285 [info ]: Started model dbt_jbondoc.fct_orders
16:52:49.856293 [debug]: Started rendering model dbt_jbondoc.fct_orders
16:52:49.856299 [info ]: Started model dbt_jbondoc.stg_orders
16:52:49.856310 [debug]: Started rendering model dbt_jbondoc.stg_orders
16:52:49.856315 [info ]: Started model dbt_jbondoc.all_dates
16:52:49.856317 [debug]: Started rendering model dbt_jbondoc.all_dates
16:52:49.856322 [info ]: Started analysis dbt_jbondoc.total_revenue
16:52:49.856324 [debug]: Started rendering analysis dbt_jbondoc.total_revenue
16:52:49.856328 [info ]: Started model dbt_jbondoc.stg_payments
16:52:49.856331 [debug]: Started rendering model dbt_jbondoc.stg_payments
16:52:49.856715 [debug]: Compiled SQL for node model.jaffle_shop.stg_orders at target/.lsp/compiled/jaffle_shop/models/staging/jaffle_shop/stg_orders.sql
16:52:49.856725 [debug]: Compiled SQL for node model.jaffle_shop.stg_payments at target/.lsp/compiled/jaffle_shop/models/staging/stripe/stg_payments.sql
16:52:49.856732 [debug]: Compiled SQL for node model.jaffle_shop.fct_orders at target/.lsp/compiled/jaffle_shop/models/marts/core/fct_orders.sql
16:52:49.856749 [debug]: Finished rendering [  0.00s] model dbt_jbondoc.stg_payments [success]
16:52:49.856769 [info ]: Started analyzing (9 nodes)
16:52:49.856775 [debug]: Started analyzing model dbt_jbondoc.stg_payments
16:52:49.856784 [debug]: Finished rendering [  0.00s] model dbt_jbondoc.stg_orders [success]
16:52:49.856788 [debug]: Started analyzing model dbt_jbondoc.stg_orders
16:52:49.856793 [debug]: Finished rendering [  0.00s] model dbt_jbondoc.fct_orders [success]
16:52:49.856798 [debug]: Started analyzing model dbt_jbondoc.fct_orders
16:52:49.856900 [debug]: Finished analyzing [  0.00s] model dbt_jbondoc.stg_orders [success]
16:52:49.856910 [info ]:  Succeeded [-------] model dbt_jbondoc.stg_orders (view)
16:52:49.856918 [debug]: Finished analyzing [  0.00s] model dbt_jbondoc.stg_payments [success]
16:52:49.856923 [info ]:  Succeeded [-------] model dbt_jbondoc.stg_payments (view)
16:52:49.857076 [debug]: Finished analyzing [  0.00s] model dbt_jbondoc.fct_orders [success]
16:52:49.857082 [info ]:  Succeeded [-------] model dbt_jbondoc.fct_orders (table)
16:52:49.858685 [debug]: Compiled SQL for node snapshot.jaffle_shop.mock_orders at target/.lsp/compiled/jaffle_shop/snapshots/mock_orders.sql/mock_orders.sql
16:52:49.858697 [debug]: Compiled SQL for node analysis.jaffle_shop.total_revenue at target/.lsp/compiled/jaffle_shop/analysis/total_revenue.sql
16:52:49.858729 [debug]: Started analyzing snapshot dbt_jbondoc_snapshot.mock_orders
16:52:49.858738 [debug]: Finished rendering [  0.00s] analysis dbt_jbondoc.total_revenue [success]
16:52:49.858743 [info ]:  Succeeded [  0.00s] analysis dbt_jbondoc.total_revenue (analysis)
16:52:49.858738 [debug]: Finished rendering [  0.00s] snapshot dbt_jbondoc_snapshot.mock_orders [success]
16:52:49.858792 [debug]: Finished analyzing [  0.00s] snapshot dbt_jbondoc_snapshot.mock_orders [success]
16:52:49.858801 [info ]:  Succeeded [  0.00s] snapshot dbt_jbondoc_snapshot.mock_orders (snapshot)
16:52:49.858816 [debug]: Compiled SQL for node model.jaffle_shop.all_dates at target/.lsp/compiled/jaffle_shop/models/all_dates.sql
16:52:49.858829 [debug]: Compiled SQL for node model.jaffle_shop.stg_page_views at target/.lsp/compiled/jaffle_shop/models/staging/snowplow/stg_page_views.sql
16:52:49.858847 [debug]: Compiled SQL for node model.jaffle_shop.dim_customers at target/.lsp/compiled/jaffle_shop/models/marts/core/dim_customers.sql
16:52:49.858858 [debug]: Compiled SQL for node model.jaffle_shop.stg_customers at target/.lsp/compiled/jaffle_shop/models/staging/jaffle_shop/stg_customers.sql
16:52:49.858874 [debug]: Compiled SQL for node model.jaffle_shop.int_orders__pivoted at target/.lsp/compiled/jaffle_shop/models/marts/core/int_orders__pivoted.sql
16:52:49.858874 [debug]: Finished rendering [  0.00s] model dbt_jbondoc.stg_page_views [success]
16:52:49.858890 [debug]: Started analyzing model dbt_jbondoc.stg_page_views
16:52:49.858915 [debug]: Finished rendering [  0.00s] model dbt_jbondoc.all_dates [success]
16:52:49.858922 [debug]: Started analyzing model dbt_jbondoc.all_dates
16:52:49.858927 [debug]: Finished rendering [  0.00s] model dbt_jbondoc.stg_customers [success]
16:52:49.858931 [debug]: Started analyzing model dbt_jbondoc.stg_customers
16:52:49.858935 [debug]: Finished rendering [  0.00s] model dbt_jbondoc.dim_customers [success]
16:52:49.858937 [debug]: Started analyzing model dbt_jbondoc.dim_customers
16:52:49.858941 [debug]: Finished rendering [  0.00s] model dbt_jbondoc.int_orders__pivoted [success]
16:52:49.858944 [info ]: Finished rendering [  0.00s] (10 nodes, 0 skipped, 0 errors)
16:52:49.858946 [debug]: Started analyzing model dbt_jbondoc.int_orders__pivoted
16:52:49.858998 [debug]: Finished analyzing [  0.00s] model dbt_jbondoc.stg_customers [success]
16:52:49.859004 [info ]:  Succeeded [  0.00s] model dbt_jbondoc.stg_customers (view)
16:52:49.859230 [debug]: Finished analyzing [  0.00s] model dbt_jbondoc.dim_customers [success]
16:52:49.859236 [info ]:  Succeeded [  0.00s] model dbt_jbondoc.dim_customers (table)
16:52:49.859250 [debug]: Finished analyzing [  0.00s] model dbt_jbondoc.stg_page_views [success]
16:52:49.859257 [info ]:  Succeeded [  0.00s] model dbt_jbondoc.stg_page_views (incremental)
16:52:49.859282 [debug]: Finished analyzing [  0.00s] model dbt_jbondoc.int_orders__pivoted [success]
16:52:49.859286 [info ]:  Succeeded [  0.00s] model dbt_jbondoc.int_orders__pivoted (table)
16:52:49.860367 [debug]: Finished analyzing [  0.00s] model dbt_jbondoc.all_dates [success]
16:52:49.860371 [info ]: Finished analyzing [  0.00s] (9 nodes, 0 skipped, 0 errors)
16:52:49.860374 [info ]:  Succeeded [  0.00s] model dbt_jbondoc.all_dates (table)
16:52:49.862159 [info ]: Started scheduling
16:52:49.862191 [info ]: Finished scheduling [  0.00s]
16:52:49.862362 [info ]: Cached model count updated: 8 models (accurate)
16:53:43.398702 [info ]: Started loading project
16:53:43.399324 [info ]: Loading ~/.dbt/profiles.yml
16:53:43.411968 [info ]: Started parsing
16:53:43.453748 [info ]: Finished loading project [  0.06s]
16:53:43.455879 [debug]: Finished parsing models/marts/core/fct_orders.yml [  0.00s]
16:53:43.456699 [debug]: Finished parsing snapshots/mock_orders.sql [  0.00s]
16:53:43.457584 [debug]: Finished parsing models/marts/core/fct_orders.sql [  0.00s]
16:53:43.506488 [info ]: Finished parsing [  0.09s]
16:53:43.508142 [info ]: Cached model count updated: 8 models (estimate)
16:53:43.508151 [info ]: Cached model count updated: 8 models (accurate)
16:53:43.508171 [info ]: Started scheduling
16:53:43.508196 [info ]: Finished scheduling [  0.00s]
16:53:43.508202 [debug]: Compilation - 0 nodes selected: {}
16:53:43.508223 [warn ]: [NoNodesForSelectionCriteria (dbt1092)]: The selection criterion '' does not match any enabled nodes
16:53:43.508234 [warn ]: [NoNodesSelected (dbt1601)]: Nothing to do. Try checking your model configs and model specification args
16:53:43.534244 [info ]: Started building task graph
16:53:43.534256 [info ]: Finished building task graph [  0.00s]
16:53:43.572095 [info ]: Started scheduling
16:53:43.572154 [info ]: Finished scheduling [  0.00s]
16:53:43.572573 [info ]: Cached model count updated: 8 models (accurate)
16:53:43.591450 [info ]: Started loading project
16:53:43.591970 [info ]: Loading ~/.dbt/profiles.yml
16:53:43.608433 [info ]: Cached model count updated: 8 models (estimate)
16:53:43.608446 [info ]: Cached model count updated: 8 models (accurate)
16:53:43.608470 [info ]: Started scheduling
16:53:43.608528 [info ]: Finished scheduling [  0.00s]
16:53:43.608536 [debug]: Compilation - 4 nodes selected: {"exposure.jaffle_shop.jaffle_shop_weekly_metrics", "model.jaffle_shop.fct_orders", "model.jaffle_shop.stg_orders", "model.jaffle_shop.stg_payments"}
16:53:43.628757 [info ]: Started building task graph
16:53:43.628794 [info ]: Finished building task graph [  0.00s]
16:53:43.650908 [info ]: Started rendering (3 nodes)
16:53:43.650919 [info ]: Started model dbt_jbondoc.fct_orders
16:53:43.650926 [debug]: Started rendering model dbt_jbondoc.fct_orders
16:53:43.650937 [info ]: Started model dbt_jbondoc.stg_payments
16:53:43.650941 [debug]: Started rendering model dbt_jbondoc.stg_payments
16:53:43.650946 [info ]: Started model dbt_jbondoc.stg_orders
16:53:43.650950 [debug]: Started rendering model dbt_jbondoc.stg_orders
16:53:43.650952 [info ]: Finished loading project [  0.06s]
16:53:43.653447 [debug]: Compiled SQL for node model.jaffle_shop.fct_orders at target/.lsp/compiled/jaffle_shop/models/marts/core/fct_orders.sql
16:53:43.653478 [debug]: Compiled SQL for node model.jaffle_shop.stg_orders at target/.lsp/compiled/jaffle_shop/models/staging/jaffle_shop/stg_orders.sql
16:53:43.653477 [debug]: Compiled SQL for node model.jaffle_shop.stg_payments at target/.lsp/compiled/jaffle_shop/models/staging/stripe/stg_payments.sql
16:53:43.653500 [debug]: Finished rendering [  0.00s] model dbt_jbondoc.fct_orders [success]
16:53:43.653510 [info ]: Started analyzing (3 nodes)
16:53:43.653514 [debug]: Started analyzing model dbt_jbondoc.fct_orders
16:53:43.653521 [debug]: Finished rendering [  0.00s] model dbt_jbondoc.stg_orders [success]
16:53:43.653524 [debug]: Started analyzing model dbt_jbondoc.stg_orders
16:53:43.653528 [debug]: Finished rendering [  0.00s] model dbt_jbondoc.stg_payments [success]
16:53:43.653530 [info ]: Finished rendering [  0.00s] (3 nodes, 0 skipped, 0 errors)
16:53:43.653533 [debug]: Started analyzing model dbt_jbondoc.stg_payments
16:53:43.653848 [debug]: Finished analyzing [  0.00s] model dbt_jbondoc.stg_orders [success]
16:53:43.653853 [info ]:  Succeeded [  0.00s] model dbt_jbondoc.stg_orders (view)
16:53:43.653860 [debug]: Finished analyzing [  0.00s] model dbt_jbondoc.stg_payments [success]
16:53:43.653862 [info ]:  Succeeded [  0.00s] model dbt_jbondoc.stg_payments (view)
16:53:43.654056 [debug]: Finished analyzing [  0.00s] model dbt_jbondoc.fct_orders [success]
16:53:43.654061 [info ]: Finished analyzing [  0.00s] (3 nodes, 0 skipped, 0 errors)
16:53:43.654064 [info ]:  Succeeded [  0.00s] model dbt_jbondoc.fct_orders (table)
16:53:43.655466 [info ]: Started scheduling
16:53:43.655492 [info ]: Finished scheduling [  0.00s]
16:53:43.655563 [info ]: Cached model count updated: 8 models (accurate)
16:53:44.833996 [info ]: Started loading project
16:53:44.834254 [info ]: Loading ~/.dbt/profiles.yml
16:53:44.848154 [info ]: Cached model count updated: 8 models (estimate)
16:53:44.848169 [info ]: Cached model count updated: 8 models (accurate)
16:53:44.848192 [info ]: Started scheduling
16:53:44.848258 [info ]: Finished scheduling [  0.00s]
16:53:44.848267 [debug]: Compilation - 11 nodes selected: {"analysis.jaffle_shop.total_revenue", "exposure.jaffle_shop.jaffle_shop_weekly_metrics", "model.jaffle_shop.all_dates", "model.jaffle_shop.dim_customers", "model.jaffle_shop.fct_orders", "model.jaffle_shop.int_orders__pivoted", "model.jaffle_shop.stg_customers", "model.jaffle_shop.stg_orders", "model.jaffle_shop.stg_page_views", "model.jaffle_shop.stg_payments", "snapshot.jaffle_shop.mock_orders"}
16:53:44.848698 [debug]:    Started downloading relations (1 items)
16:53:44.848731 [info ]: Finished loading project [  0.01s]
16:53:45.092096 [debug]: Query executed on node unknown:
SHOW OBJECTS IN SCHEMA "ANALYTICS"."DBT_JBONDOC" LIMIT 10000
16:53:45.092280 [debug]:   Finished [  0.24s] downloading relations (1 items)
16:53:45.119365 [info ]: Started building task graph
16:53:45.119427 [info ]: Finished building task graph [  0.00s]
16:53:45.145067 [info ]: Started rendering (10 nodes)
16:53:45.145084 [info ]: Started snapshot dbt_jbondoc_snapshot.mock_orders
16:53:45.145097 [debug]: Started rendering snapshot dbt_jbondoc_snapshot.mock_orders
16:53:45.145113 [info ]: Started model dbt_jbondoc.stg_page_views
16:53:45.145117 [debug]: Started rendering model dbt_jbondoc.stg_page_views
16:53:45.145121 [info ]: Started model dbt_jbondoc.int_orders__pivoted
16:53:45.145126 [debug]: Started rendering model dbt_jbondoc.int_orders__pivoted
16:53:45.145135 [info ]: Started model dbt_jbondoc.dim_customers
16:53:45.145138 [debug]: Started rendering model dbt_jbondoc.dim_customers
16:53:45.145142 [info ]: Started model dbt_jbondoc.stg_customers
16:53:45.145145 [debug]: Started rendering model dbt_jbondoc.stg_customers
16:53:45.145149 [info ]: Started model dbt_jbondoc.all_dates
16:53:45.145151 [debug]: Started rendering model dbt_jbondoc.all_dates
16:53:45.145155 [info ]: Started model dbt_jbondoc.fct_orders
16:53:45.145159 [debug]: Started rendering model dbt_jbondoc.fct_orders
16:53:45.145162 [info ]: Started model dbt_jbondoc.stg_orders
16:53:45.145165 [debug]: Started rendering model dbt_jbondoc.stg_orders
16:53:45.145169 [info ]: Started analysis dbt_jbondoc.total_revenue
16:53:45.145171 [debug]: Started rendering analysis dbt_jbondoc.total_revenue
16:53:45.145175 [info ]: Started model dbt_jbondoc.stg_payments
16:53:45.145179 [debug]: Started rendering model dbt_jbondoc.stg_payments
16:53:45.145768 [debug]: Compiled SQL for node snapshot.jaffle_shop.mock_orders at target/.lsp/compiled/jaffle_shop/snapshots/mock_orders.sql/mock_orders.sql
16:53:45.145780 [debug]: Compiled SQL for node model.jaffle_shop.dim_customers at target/.lsp/compiled/jaffle_shop/models/marts/core/dim_customers.sql
16:53:45.145761 [debug]: Compiled SQL for node model.jaffle_shop.stg_customers at target/.lsp/compiled/jaffle_shop/models/staging/jaffle_shop/stg_customers.sql
16:53:45.145817 [debug]: Finished rendering [  0.00s] snapshot dbt_jbondoc_snapshot.mock_orders [success]
16:53:45.145817 [debug]: Compiled SQL for node model.jaffle_shop.fct_orders at target/.lsp/compiled/jaffle_shop/models/marts/core/fct_orders.sql
16:53:45.145836 [info ]: Started analyzing (9 nodes)
16:53:45.145843 [debug]: Started analyzing snapshot dbt_jbondoc_snapshot.mock_orders
16:53:45.145855 [debug]: Finished rendering [  0.00s] model dbt_jbondoc.dim_customers [success]
16:53:45.145860 [debug]: Started analyzing model dbt_jbondoc.dim_customers
16:53:45.145867 [debug]: Finished rendering [  0.00s] model dbt_jbondoc.stg_customers [success]
16:53:45.145863 [debug]: Compiled SQL for node model.jaffle_shop.stg_payments at target/.lsp/compiled/jaffle_shop/models/staging/stripe/stg_payments.sql
16:53:45.145865 [debug]: Compiled SQL for node model.jaffle_shop.stg_orders at target/.lsp/compiled/jaffle_shop/models/staging/jaffle_shop/stg_orders.sql
16:53:45.145871 [debug]: Started analyzing model dbt_jbondoc.stg_customers
16:53:45.145868 [debug]: Compiled SQL for node analysis.jaffle_shop.total_revenue at target/.lsp/compiled/jaffle_shop/analysis/total_revenue.sql
16:53:45.145880 [debug]: Finished rendering [  0.00s] model dbt_jbondoc.fct_orders [success]
16:53:45.145884 [debug]: Started analyzing model dbt_jbondoc.fct_orders
16:53:45.145892 [debug]: Compiled SQL for node model.jaffle_shop.all_dates at target/.lsp/compiled/jaffle_shop/models/all_dates.sql
16:53:45.145902 [debug]: Finished rendering [  0.00s] model dbt_jbondoc.stg_payments [success]
16:53:45.145918 [debug]: Started analyzing model dbt_jbondoc.stg_payments
16:53:45.145938 [debug]: Finished rendering [  0.00s] model dbt_jbondoc.stg_orders [success]
16:53:45.145937 [debug]: Compiled SQL for node model.jaffle_shop.int_orders__pivoted at target/.lsp/compiled/jaffle_shop/models/marts/core/int_orders__pivoted.sql
16:53:45.145945 [debug]: Started analyzing model dbt_jbondoc.stg_orders
16:53:45.145995 [debug]: Compiled SQL for node model.jaffle_shop.stg_page_views at target/.lsp/compiled/jaffle_shop/models/staging/snowplow/stg_page_views.sql
16:53:45.146040 [debug]: Finished rendering [  0.00s] analysis dbt_jbondoc.total_revenue [success]
16:53:45.146048 [info ]:  Succeeded [-------] analysis dbt_jbondoc.total_revenue (analysis)
16:53:45.146060 [debug]: Finished rendering [  0.00s] model dbt_jbondoc.all_dates [success]
16:53:45.146067 [debug]: Started analyzing model dbt_jbondoc.all_dates
16:53:45.146079 [debug]: Finished rendering [  0.00s] model dbt_jbondoc.int_orders__pivoted [success]
16:53:45.146087 [debug]: Started analyzing model dbt_jbondoc.int_orders__pivoted
16:53:45.146096 [debug]: Finished analyzing [  0.00s] model dbt_jbondoc.stg_customers [success]
16:53:45.146101 [info ]:  Succeeded [-------] model dbt_jbondoc.stg_customers (view)
16:53:45.146108 [debug]: Finished rendering [  0.00s] model dbt_jbondoc.stg_page_views [success]
16:53:45.146112 [info ]: Finished rendering [  0.00s] (10 nodes, 0 skipped, 0 errors)
16:53:45.146116 [debug]: Started analyzing model dbt_jbondoc.stg_page_views
16:53:45.146124 [debug]: Finished analyzing [  0.00s] snapshot dbt_jbondoc_snapshot.mock_orders [success]
16:53:45.146128 [info ]:  Succeeded [-------] snapshot dbt_jbondoc_snapshot.mock_orders (snapshot)
16:53:45.146135 [debug]: Finished analyzing [  0.00s] model dbt_jbondoc.stg_payments [success]
16:53:45.146139 [info ]:  Succeeded [-------] model dbt_jbondoc.stg_payments (view)
16:53:45.146147 [debug]: Finished analyzing [  0.00s] model dbt_jbondoc.stg_orders [success]
16:53:45.146151 [info ]:  Succeeded [-------] model dbt_jbondoc.stg_orders (view)
16:53:45.146158 [debug]: Finished analyzing [  0.00s] model dbt_jbondoc.dim_customers [success]
16:53:45.146163 [info ]:  Succeeded [-------] model dbt_jbondoc.dim_customers (table)
16:53:45.146374 [debug]: Finished analyzing [  0.00s] model dbt_jbondoc.fct_orders [success]
16:53:45.146382 [info ]:  Succeeded [-------] model dbt_jbondoc.fct_orders (table)
16:53:45.146393 [debug]: Finished analyzing [  0.00s] model dbt_jbondoc.stg_page_views [success]
16:53:45.146398 [info ]:  Succeeded [-------] model dbt_jbondoc.stg_page_views (incremental)
16:53:45.146403 [debug]: Finished analyzing [  0.00s] model dbt_jbondoc.int_orders__pivoted [success]
16:53:45.146406 [info ]:  Succeeded [-------] model dbt_jbondoc.int_orders__pivoted (table)
16:53:45.147521 [debug]: Finished analyzing [  0.00s] model dbt_jbondoc.all_dates [success]
16:53:45.147527 [info ]: Finished analyzing [  0.00s] (9 nodes, 0 skipped, 0 errors)
16:53:45.147530 [info ]:  Succeeded [  0.00s] model dbt_jbondoc.all_dates (table)
16:53:45.149296 [info ]: Started scheduling
16:53:45.149330 [info ]: Finished scheduling [  0.00s]
16:53:45.149492 [info ]: Cached model count updated: 8 models (accurate)
16:55:40.199947 [info ]: Started loading project
16:55:40.200801 [info ]: Loading ~/.dbt/profiles.yml
16:55:40.230927 [info ]: Finished loading project [  0.03s]
16:55:40.230939 [info ]: Cached model count updated: 8 models (accurate)
16:55:41.406449 [info ]: Started loading project
16:55:41.406894 [info ]: Loading ~/.dbt/profiles.yml
16:55:41.422680 [info ]: Cached model count updated: 8 models (estimate)
16:55:41.422691 [info ]: Cached model count updated: 8 models (accurate)
16:55:41.422769 [info ]: Started scheduling
16:55:41.422867 [info ]: Finished scheduling [  0.00s]
16:55:41.422883 [debug]: Compilation - 11 nodes selected: {"analysis.jaffle_shop.total_revenue", "exposure.jaffle_shop.jaffle_shop_weekly_metrics", "model.jaffle_shop.all_dates", "model.jaffle_shop.dim_customers", "model.jaffle_shop.fct_orders", "model.jaffle_shop.int_orders__pivoted", "model.jaffle_shop.stg_customers", "model.jaffle_shop.stg_orders", "model.jaffle_shop.stg_page_views", "model.jaffle_shop.stg_payments", "snapshot.jaffle_shop.mock_orders"}
16:55:41.423593 [debug]:    Started downloading relations (1 items)
16:55:41.423633 [info ]: Finished loading project [  0.02s]
16:55:41.985515 [debug]: Query executed on node unknown:
SHOW OBJECTS IN SCHEMA "ANALYTICS"."DBT_JBONDOC" LIMIT 10000
16:55:41.985732 [debug]:   Finished [  0.56s] downloading relations (1 items)
16:55:42.026458 [info ]: Started building task graph
16:55:42.026555 [info ]: Finished building task graph [  0.00s]
16:55:42.065349 [info ]: Started rendering (10 nodes)
16:55:42.065373 [info ]: Started snapshot dbt_jbondoc_snapshot.mock_orders
16:55:42.065381 [debug]: Started rendering snapshot dbt_jbondoc_snapshot.mock_orders
16:55:42.065407 [info ]: Started model dbt_jbondoc.stg_page_views
16:55:42.065411 [debug]: Started rendering model dbt_jbondoc.stg_page_views
16:55:42.065416 [info ]: Started model dbt_jbondoc.int_orders__pivoted
16:55:42.065420 [debug]: Started rendering model dbt_jbondoc.int_orders__pivoted
16:55:42.065431 [info ]: Started model dbt_jbondoc.dim_customers
16:55:42.065436 [debug]: Started rendering model dbt_jbondoc.dim_customers
16:55:42.065441 [info ]: Started model dbt_jbondoc.stg_customers
16:55:42.065445 [debug]: Started rendering model dbt_jbondoc.stg_customers
16:55:42.065449 [info ]: Started model dbt_jbondoc.all_dates
16:55:42.065452 [debug]: Started rendering model dbt_jbondoc.all_dates
16:55:42.065455 [info ]: Started model dbt_jbondoc.fct_orders
16:55:42.065457 [debug]: Started rendering model dbt_jbondoc.fct_orders
16:55:42.065468 [info ]: Started model dbt_jbondoc.stg_orders
16:55:42.065471 [debug]: Started rendering model dbt_jbondoc.stg_orders
16:55:42.065477 [info ]: Started analysis dbt_jbondoc.total_revenue
16:55:42.065480 [debug]: Started rendering analysis dbt_jbondoc.total_revenue
16:55:42.065486 [info ]: Started model dbt_jbondoc.stg_payments
16:55:42.065489 [debug]: Started rendering model dbt_jbondoc.stg_payments
16:55:42.066040 [debug]: Compiled SQL for node model.jaffle_shop.stg_customers at target/.lsp/compiled/jaffle_shop/models/staging/jaffle_shop/stg_customers.sql
16:55:42.066040 [debug]: Compiled SQL for node snapshot.jaffle_shop.mock_orders at target/.lsp/compiled/jaffle_shop/snapshots/mock_orders.sql/mock_orders.sql
16:55:42.066067 [debug]: Compiled SQL for node model.jaffle_shop.int_orders__pivoted at target/.lsp/compiled/jaffle_shop/models/marts/core/int_orders__pivoted.sql
16:55:42.066102 [debug]: Compiled SQL for node model.jaffle_shop.all_dates at target/.lsp/compiled/jaffle_shop/models/all_dates.sql
16:55:42.066164 [debug]: Compiled SQL for node analysis.jaffle_shop.total_revenue at target/.lsp/compiled/jaffle_shop/analysis/total_revenue.sql
16:55:42.066169 [debug]: Compiled SQL for node model.jaffle_shop.stg_orders at target/.lsp/compiled/jaffle_shop/models/staging/jaffle_shop/stg_orders.sql
16:55:42.066187 [debug]: Compiled SQL for node model.jaffle_shop.dim_customers at target/.lsp/compiled/jaffle_shop/models/marts/core/dim_customers.sql
16:55:42.066190 [debug]: Compiled SQL for node model.jaffle_shop.stg_page_views at target/.lsp/compiled/jaffle_shop/models/staging/snowplow/stg_page_views.sql
16:55:42.066210 [debug]: Finished rendering [  0.00s] model dbt_jbondoc.stg_customers [success]
16:55:42.066258 [debug]: Compiled SQL for node model.jaffle_shop.fct_orders at target/.lsp/compiled/jaffle_shop/models/marts/core/fct_orders.sql
16:55:42.066260 [debug]: Compiled SQL for node model.jaffle_shop.stg_payments at target/.lsp/compiled/jaffle_shop/models/staging/stripe/stg_payments.sql
16:55:42.066268 [info ]: Started analyzing (9 nodes)
16:55:42.066278 [debug]: Started analyzing model dbt_jbondoc.stg_customers
16:55:42.066294 [debug]: Finished rendering [  0.00s] snapshot dbt_jbondoc_snapshot.mock_orders [success]
16:55:42.066303 [debug]: Started analyzing snapshot dbt_jbondoc_snapshot.mock_orders
16:55:42.066310 [debug]: Finished rendering [  0.00s] model dbt_jbondoc.all_dates [success]
16:55:42.066314 [debug]: Started analyzing model dbt_jbondoc.all_dates
16:55:42.066321 [debug]: Finished rendering [  0.00s] model dbt_jbondoc.int_orders__pivoted [success]
16:55:42.066324 [debug]: Started analyzing model dbt_jbondoc.int_orders__pivoted
16:55:42.066329 [debug]: Finished rendering [  0.00s] model dbt_jbondoc.stg_orders [success]
16:55:42.066332 [debug]: Started analyzing model dbt_jbondoc.stg_orders
16:55:42.066338 [debug]: Finished rendering [  0.00s] analysis dbt_jbondoc.total_revenue [success]
16:55:42.066345 [info ]:  Succeeded [-------] analysis dbt_jbondoc.total_revenue (analysis)
16:55:42.066389 [debug]: Finished rendering [  0.00s] model dbt_jbondoc.dim_customers [success]
16:55:42.066405 [debug]: Started analyzing model dbt_jbondoc.dim_customers
16:55:42.066418 [debug]: Finished rendering [  0.00s] model dbt_jbondoc.stg_page_views [success]
16:55:42.066424 [debug]: Started analyzing model dbt_jbondoc.stg_page_views
16:55:42.066435 [debug]: Finished rendering [  0.00s] model dbt_jbondoc.fct_orders [success]
16:55:42.066439 [debug]: Started analyzing model dbt_jbondoc.fct_orders
16:55:42.066449 [debug]: Finished rendering [  0.00s] model dbt_jbondoc.stg_payments [success]
16:55:42.066453 [info ]: Finished rendering [  0.00s] (10 nodes, 0 skipped, 0 errors)
16:55:42.066458 [debug]: Started analyzing model dbt_jbondoc.stg_payments
16:55:42.066922 [debug]: Finished analyzing [  0.00s] snapshot dbt_jbondoc_snapshot.mock_orders [success]
16:55:42.066934 [info ]:  Succeeded [-------] snapshot dbt_jbondoc_snapshot.mock_orders (snapshot)
16:55:42.066942 [debug]: Finished analyzing [  0.00s] model dbt_jbondoc.stg_orders [success]
16:55:42.066946 [info ]:  Succeeded [-------] model dbt_jbondoc.stg_orders (view)
16:55:42.066951 [debug]: Finished analyzing [  0.00s] model dbt_jbondoc.stg_customers [success]
16:55:42.066954 [info ]:  Succeeded [-------] model dbt_jbondoc.stg_customers (view)
16:55:42.066959 [debug]: Finished analyzing [  0.00s] model dbt_jbondoc.stg_payments [success]
16:55:42.066963 [info ]:  Succeeded [-------] model dbt_jbondoc.stg_payments (view)
16:55:42.067104 [debug]: Finished analyzing [  0.00s] model dbt_jbondoc.dim_customers [success]
16:55:42.067109 [info ]:  Succeeded [-------] model dbt_jbondoc.dim_customers (table)
16:55:42.067128 [debug]: Finished analyzing [  0.00s] model dbt_jbondoc.fct_orders [success]
16:55:42.067134 [info ]:  Succeeded [-------] model dbt_jbondoc.fct_orders (table)
16:55:42.067156 [debug]: Finished analyzing [  0.00s] model dbt_jbondoc.stg_page_views [success]
16:55:42.067164 [info ]:  Succeeded [  0.00s] model dbt_jbondoc.stg_page_views (incremental)
16:55:42.067176 [debug]: Finished analyzing [  0.00s] model dbt_jbondoc.int_orders__pivoted [success]
16:55:42.067182 [info ]:  Succeeded [-------] model dbt_jbondoc.int_orders__pivoted (table)
16:55:42.068339 [debug]: Finished analyzing [  0.00s] model dbt_jbondoc.all_dates [success]
16:55:42.068345 [info ]: Finished analyzing [  0.00s] (9 nodes, 0 skipped, 0 errors)
16:55:42.068348 [info ]:  Succeeded [  0.00s] model dbt_jbondoc.all_dates (table)
16:55:42.070073 [info ]: Started scheduling
16:55:42.070107 [info ]: Finished scheduling [  0.00s]
16:55:42.070327 [info ]: Cached model count updated: 8 models (accurate)
16:55:46.924605 [info ]: Started loading project
16:55:46.924934 [info ]: Loading ~/.dbt/profiles.yml
16:55:46.932344 [info ]: Started loading project
16:55:46.932557 [info ]: Loading ~/.dbt/profiles.yml
16:55:46.932578 [info ]: Finished loading project [  0.01s]
16:55:47.030003 [info ]: Loading packages.yml
16:55:47.030067 [debug]:    Started loading packages
16:55:47.035889 [debug]:     Loaded [  0.01s] packages
16:55:47.036200 [info ]: Finished loading project [  0.10s]
16:55:47.036324 [info ]: Started parsing
16:55:47.054935 [debug]: Finished parsing models/exposures/jaffle_exposures.yml [  0.00s]
16:55:47.055209 [debug]: Finished parsing models/marts/core/fct_orders.yml [  0.00s]
16:55:47.055433 [debug]: Finished parsing models/staging/jaffle_shop/src_jaffle_shop.yml [  0.00s]
16:55:47.055751 [debug]: Finished parsing models/staging/jaffle_shop/stg_jaffle_shop.yml [  0.00s]
16:55:47.055941 [debug]: Finished parsing models/staging/snowplow/src_snowplow.yml [  0.00s]
16:55:47.056115 [debug]: Finished parsing models/staging/stripe/src_stripe.yml [  0.00s]
16:55:47.057007 [debug]: Finished parsing snapshots/mock_orders.sql [  0.00s]
16:55:47.058121 [debug]: Finished parsing models/all_dates.sql [  0.00s]
16:55:47.058484 [debug]: Finished parsing models/marts/core/dim_customers.sql [  0.00s]
16:55:47.058741 [debug]: Finished parsing models/marts/core/fct_orders.sql [  0.00s]
16:55:47.059060 [debug]: Finished parsing models/marts/core/int_orders__pivoted.sql [  0.00s]
16:55:47.059403 [debug]: Finished parsing models/staging/jaffle_shop/stg_customers.sql [  0.00s]
16:55:47.059604 [debug]: Finished parsing models/staging/jaffle_shop/stg_orders.sql [  0.00s]
16:55:47.059967 [debug]: Finished parsing models/staging/snowplow/stg_page_views.sql [  0.00s]
16:55:47.060261 [debug]: Finished parsing models/staging/stripe/stg_payments.sql [  0.00s]
16:55:47.062869 [debug]: Finished parsing analysis/total_revenue.sql [  0.00s]
16:55:47.063030 [debug]: Finished parsing tests/assert_amount_average_is_greater_than_one.sql [  0.00s]
16:55:47.063347 [debug]: Finished parsing tests/assert_positive_value_for_total_amount.sql [  0.00s]
16:55:47.108592 [info ]: Finished parsing [  0.07s]
16:55:47.109443 [info ]: Cached model count updated: 8 models (estimate)
16:55:47.109454 [info ]: Cached model count updated: 8 models (accurate)
16:55:47.109477 [info ]: Started scheduling
16:55:47.109510 [info ]: Finished scheduling [  0.00s]
16:55:47.109516 [debug]: Compilation - 0 nodes selected: {}
16:55:47.109531 [warn ]: [NoNodesForSelectionCriteria (dbt1092)]: The selection criterion '' does not match any enabled nodes
16:55:47.109539 [warn ]: [NoNodesSelected (dbt1601)]: Nothing to do. Try checking your model configs and model specification args
16:55:47.109544 [info ]: Started scheduling
16:55:47.109588 [info ]: Finished scheduling [  0.00s]
16:55:47.109694 [debug]: Initializing schema store with entry: Selected("snapshot.jaffle_shop.mock_orders") and interval: None
16:55:47.109706 [debug]: Initializing schema store with entry: Frontier(CanonicalFqn { catalog: "RAW", schema: "SNOWPLOW", table: "EVENTS" }) and interval: None
16:55:47.109711 [debug]: Initializing schema store with entry: Frontier(CanonicalFqn { catalog: "RAW", schema: "JAFFLE_SHOP", table: "CUSTOMERS" }) and interval: None
16:55:47.109715 [debug]: Initializing schema store with entry: Frontier(CanonicalFqn { catalog: "RAW", schema: "JAFFLE_SHOP", table: "ORDERS" }) and interval: None
16:55:47.109719 [debug]: Initializing schema store with entry: Frontier(CanonicalFqn { catalog: "RAW", schema: "STRIPE", table: "PAYMENT" }) and interval: None
16:55:47.132816 [info ]: Started building task graph
16:55:47.132836 [info ]: Finished building task graph [  0.00s]
16:55:47.156960 [info ]: Started scheduling
16:55:47.156997 [info ]: Finished scheduling [  0.00s]
16:55:47.158338 [info ]: Cached model count updated: 8 models (accurate)
16:55:48.334171 [info ]: Started loading project
16:55:48.334604 [info ]: Loading ~/.dbt/profiles.yml
16:55:48.350804 [info ]: Cached model count updated: 8 models (estimate)
16:55:48.350815 [info ]: Cached model count updated: 8 models (accurate)
16:55:48.350837 [info ]: Started scheduling
16:55:48.350901 [info ]: Finished scheduling [  0.00s]
16:55:48.350910 [debug]: Compilation - 11 nodes selected: {"analysis.jaffle_shop.total_revenue", "exposure.jaffle_shop.jaffle_shop_weekly_metrics", "model.jaffle_shop.all_dates", "model.jaffle_shop.dim_customers", "model.jaffle_shop.fct_orders", "model.jaffle_shop.int_orders__pivoted", "model.jaffle_shop.stg_customers", "model.jaffle_shop.stg_orders", "model.jaffle_shop.stg_page_views", "model.jaffle_shop.stg_payments", "snapshot.jaffle_shop.mock_orders"}
16:55:48.351365 [debug]:    Started downloading relations (1 items)
16:55:48.351396 [info ]: Finished loading project [  0.02s]
16:55:48.564550 [debug]: Query executed on node unknown:
SHOW OBJECTS IN SCHEMA "ANALYTICS"."DBT_JBONDOC" LIMIT 10000
16:55:48.683736 [debug]:     Failed [  0.33s] downloading relations (error: Adapter operation was cancelled)
16:55:48.685692 [info ]: Cached model count updated: 8 models (accurate)
16:55:48.694684 [info ]: Started loading project
16:55:48.694970 [info ]: Loading ~/.dbt/profiles.yml
16:55:48.701029 [info ]: Started parsing
16:55:48.716323 [info ]: Finished loading project [  0.02s]
16:55:48.718170 [debug]: Finished parsing models/exposures/jaffle_exposures.yml [  0.00s]
16:55:48.718713 [debug]: Finished parsing snapshots/mock_orders.sql [  0.00s]
16:55:48.764541 [info ]: Finished parsing [  0.06s]
16:55:48.765892 [info ]: Cached model count updated: 8 models (estimate)
16:55:48.765901 [info ]: Cached model count updated: 8 models (accurate)
16:55:48.765920 [info ]: Started scheduling
16:55:48.765978 [info ]: Finished scheduling [  0.00s]
16:55:48.765984 [debug]: Compilation - 4 nodes selected: {"exposure.jaffle_shop.orders_data", "model.jaffle_shop.fct_orders", "model.jaffle_shop.stg_orders", "model.jaffle_shop.stg_payments"}
16:55:48.786049 [info ]: Started building task graph
16:55:48.786091 [info ]: Finished building task graph [  0.00s]
16:55:48.811196 [info ]: Started rendering (3 nodes)
16:55:48.811217 [info ]: Started model dbt_jbondoc.fct_orders
16:55:48.811223 [debug]: Started rendering model dbt_jbondoc.fct_orders
16:55:48.811237 [info ]: Started model dbt_jbondoc.stg_payments
16:55:48.811242 [debug]: Started rendering model dbt_jbondoc.stg_payments
16:55:48.811263 [info ]: Started model dbt_jbondoc.stg_orders
16:55:48.811284 [debug]: Started rendering model dbt_jbondoc.stg_orders
16:55:48.815673 [debug]: Compiled SQL for node model.jaffle_shop.stg_orders at target/.lsp/compiled/jaffle_shop/models/staging/jaffle_shop/stg_orders.sql
16:55:48.815694 [debug]: Compiled SQL for node model.jaffle_shop.fct_orders at target/.lsp/compiled/jaffle_shop/models/marts/core/fct_orders.sql
16:55:48.815695 [debug]: Compiled SQL for node model.jaffle_shop.stg_payments at target/.lsp/compiled/jaffle_shop/models/staging/stripe/stg_payments.sql
16:55:48.815751 [debug]: Finished rendering [  0.00s] model dbt_jbondoc.stg_payments [success]
16:55:48.815768 [info ]: Started analyzing (3 nodes)
16:55:48.815773 [debug]: Started analyzing model dbt_jbondoc.stg_payments
16:55:48.815780 [debug]: Finished rendering [  0.00s] model dbt_jbondoc.fct_orders [success]
16:55:48.815783 [debug]: Started analyzing model dbt_jbondoc.fct_orders
16:55:48.815790 [debug]: Finished rendering [  0.00s] model dbt_jbondoc.stg_orders [success]
16:55:48.815792 [info ]: Finished rendering [  0.00s] (3 nodes, 0 skipped, 0 errors)
16:55:48.815796 [debug]: Started analyzing model dbt_jbondoc.stg_orders
16:55:48.815962 [debug]: Finished analyzing [  0.00s] model dbt_jbondoc.stg_orders [success]
16:55:48.815968 [info ]:  Succeeded [  0.00s] model dbt_jbondoc.stg_orders (view)
16:55:48.816022 [debug]: Finished analyzing [  0.00s] model dbt_jbondoc.stg_payments [success]
16:55:48.816025 [info ]:  Succeeded [  0.00s] model dbt_jbondoc.stg_payments (view)
16:55:48.816209 [debug]: Finished analyzing [  0.00s] model dbt_jbondoc.fct_orders [success]
16:55:48.816212 [info ]: Finished analyzing [  0.00s] (3 nodes, 0 skipped, 0 errors)
16:55:48.816214 [info ]:  Succeeded [  0.00s] model dbt_jbondoc.fct_orders (table)
16:55:48.817855 [info ]: Started scheduling
16:55:48.817928 [info ]: Finished scheduling [  0.00s]
16:55:48.818460 [info ]: Cached model count updated: 8 models (accurate)
16:55:49.987384 [info ]: Started loading project
16:55:49.987872 [info ]: Loading ~/.dbt/profiles.yml
16:55:50.006126 [info ]: Cached model count updated: 8 models (estimate)
16:55:50.006140 [info ]: Cached model count updated: 8 models (accurate)
16:55:50.006166 [info ]: Started scheduling
16:55:50.006238 [info ]: Finished scheduling [  0.00s]
16:55:50.006247 [debug]: Compilation - 12 nodes selected: {"analysis.jaffle_shop.total_revenue", "exposure.jaffle_shop.jaffle_shop_weekly_metrics", "exposure.jaffle_shop.orders_data", "model.jaffle_shop.all_dates", "model.jaffle_shop.dim_customers", "model.jaffle_shop.fct_orders", "model.jaffle_shop.int_orders__pivoted", "model.jaffle_shop.stg_customers", "model.jaffle_shop.stg_orders", "model.jaffle_shop.stg_page_views", "model.jaffle_shop.stg_payments", "snapshot.jaffle_shop.mock_orders"}
16:55:50.006698 [debug]:    Started downloading relations (1 items)
16:55:50.006734 [info ]: Finished loading project [  0.02s]
16:55:50.444860 [debug]: Query executed on node unknown:
SHOW OBJECTS IN SCHEMA "ANALYTICS"."DBT_JBONDOC" LIMIT 10000
16:55:50.445075 [debug]:   Finished [  0.44s] downloading relations (1 items)
16:55:50.476768 [info ]: Started building task graph
16:55:50.476839 [info ]: Finished building task graph [  0.00s]
16:55:50.503378 [info ]: Started rendering (10 nodes)
16:55:50.503395 [info ]: Started snapshot dbt_jbondoc_snapshot.mock_orders
16:55:50.503413 [debug]: Started rendering snapshot dbt_jbondoc_snapshot.mock_orders
16:55:50.503431 [info ]: Started model dbt_jbondoc.stg_page_views
16:55:50.503435 [debug]: Started rendering model dbt_jbondoc.stg_page_views
16:55:50.503441 [info ]: Started model dbt_jbondoc.int_orders__pivoted
16:55:50.503444 [debug]: Started rendering model dbt_jbondoc.int_orders__pivoted
16:55:50.503450 [info ]: Started model dbt_jbondoc.dim_customers
16:55:50.503453 [debug]: Started rendering model dbt_jbondoc.dim_customers
16:55:50.503459 [info ]: Started model dbt_jbondoc.stg_customers
16:55:50.503463 [debug]: Started rendering model dbt_jbondoc.stg_customers
16:55:50.503469 [info ]: Started model dbt_jbondoc.all_dates
16:55:50.503473 [debug]: Started rendering model dbt_jbondoc.all_dates
16:55:50.503477 [info ]: Started model dbt_jbondoc.fct_orders
16:55:50.503479 [debug]: Started rendering model dbt_jbondoc.fct_orders
16:55:50.503483 [info ]: Started model dbt_jbondoc.stg_orders
16:55:50.503486 [debug]: Started rendering model dbt_jbondoc.stg_orders
16:55:50.503492 [info ]: Started analysis dbt_jbondoc.total_revenue
16:55:50.503494 [debug]: Started rendering analysis dbt_jbondoc.total_revenue
16:55:50.503500 [info ]: Started model dbt_jbondoc.stg_payments
16:55:50.503503 [debug]: Started rendering model dbt_jbondoc.stg_payments
16:55:50.503832 [debug]: Compiled SQL for node model.jaffle_shop.stg_payments at target/.lsp/compiled/jaffle_shop/models/staging/stripe/stg_payments.sql
16:55:50.503864 [debug]: Compiled SQL for node model.jaffle_shop.stg_orders at target/.lsp/compiled/jaffle_shop/models/staging/jaffle_shop/stg_orders.sql
16:55:50.503915 [debug]: Compiled SQL for node model.jaffle_shop.fct_orders at target/.lsp/compiled/jaffle_shop/models/marts/core/fct_orders.sql
16:55:50.503901 [debug]: Finished rendering [  0.00s] model dbt_jbondoc.stg_payments [success]
16:55:50.503937 [info ]: Started analyzing (9 nodes)
16:55:50.503967 [debug]: Started analyzing model dbt_jbondoc.stg_payments
16:55:50.503990 [debug]: Finished rendering [  0.00s] model dbt_jbondoc.stg_orders [success]
16:55:50.504000 [debug]: Started analyzing model dbt_jbondoc.stg_orders
16:55:50.504009 [debug]: Finished rendering [  0.00s] model dbt_jbondoc.fct_orders [success]
16:55:50.504015 [debug]: Started analyzing model dbt_jbondoc.fct_orders
16:55:50.504140 [debug]: Finished analyzing [  0.00s] model dbt_jbondoc.stg_orders [success]
16:55:50.504148 [info ]:  Succeeded [-------] model dbt_jbondoc.stg_orders (view)
16:55:50.504243 [debug]: Finished analyzing [  0.00s] model dbt_jbondoc.stg_payments [success]
16:55:50.504255 [info ]:  Succeeded [-------] model dbt_jbondoc.stg_payments (view)
16:55:50.504587 [debug]: Compiled SQL for node model.jaffle_shop.int_orders__pivoted at target/.lsp/compiled/jaffle_shop/models/marts/core/int_orders__pivoted.sql
16:55:50.504621 [debug]: Compiled SQL for node model.jaffle_shop.stg_customers at target/.lsp/compiled/jaffle_shop/models/staging/jaffle_shop/stg_customers.sql
16:55:50.504628 [debug]: Compiled SQL for node analysis.jaffle_shop.total_revenue at target/.lsp/compiled/jaffle_shop/analysis/total_revenue.sql
16:55:50.504643 [debug]: Finished rendering [  0.00s] model dbt_jbondoc.int_orders__pivoted [success]
16:55:50.504653 [debug]: Started analyzing model dbt_jbondoc.int_orders__pivoted
16:55:50.504669 [debug]: Finished rendering [  0.00s] analysis dbt_jbondoc.total_revenue [success]
16:55:50.504674 [info ]:  Succeeded [  0.00s] analysis dbt_jbondoc.total_revenue (analysis)
16:55:50.504682 [debug]: Finished rendering [  0.00s] model dbt_jbondoc.stg_customers [success]
16:55:50.504690 [debug]: Started analyzing model dbt_jbondoc.stg_customers
16:55:50.504698 [debug]: Finished analyzing [  0.00s] model dbt_jbondoc.fct_orders [success]
16:55:50.504702 [info ]:  Succeeded [-------] model dbt_jbondoc.fct_orders (table)
16:55:50.504758 [debug]: Finished analyzing [  0.00s] model dbt_jbondoc.stg_customers [success]
16:55:50.504751 [debug]: Compiled SQL for node snapshot.jaffle_shop.mock_orders at target/.lsp/compiled/jaffle_shop/snapshots/mock_orders.sql/mock_orders.sql
16:55:50.504755 [debug]: Compiled SQL for node model.jaffle_shop.stg_page_views at target/.lsp/compiled/jaffle_shop/models/staging/snowplow/stg_page_views.sql
16:55:50.504768 [info ]:  Succeeded [  0.00s] model dbt_jbondoc.stg_customers (view)
16:55:50.504753 [debug]: Compiled SQL for node model.jaffle_shop.dim_customers at target/.lsp/compiled/jaffle_shop/models/marts/core/dim_customers.sql
16:55:50.504814 [debug]: Finished rendering [  0.00s] model dbt_jbondoc.stg_page_views [success]
16:55:50.504823 [debug]: Started analyzing model dbt_jbondoc.stg_page_views
16:55:50.504832 [debug]: Finished rendering [  0.00s] snapshot dbt_jbondoc_snapshot.mock_orders [success]
16:55:50.504841 [debug]: Started analyzing snapshot dbt_jbondoc_snapshot.mock_orders
16:55:50.504849 [debug]: Finished rendering [  0.00s] model dbt_jbondoc.dim_customers [success]
16:55:50.504876 [debug]: Started analyzing model dbt_jbondoc.dim_customers
16:55:50.504957 [debug]: Finished analyzing [  0.00s] snapshot dbt_jbondoc_snapshot.mock_orders [success]
16:55:50.504996 [info ]:  Succeeded [  0.00s] snapshot dbt_jbondoc_snapshot.mock_orders (snapshot)
16:55:50.505010 [debug]: Finished analyzing [  0.00s] model dbt_jbondoc.int_orders__pivoted [success]
16:55:50.505013 [info ]:  Succeeded [  0.00s] model dbt_jbondoc.int_orders__pivoted (table)
16:55:50.505128 [debug]: Finished analyzing [  0.00s] model dbt_jbondoc.stg_page_views [success]
16:55:50.505137 [info ]:  Succeeded [  0.00s] model dbt_jbondoc.stg_page_views (incremental)
16:55:50.505166 [debug]: Finished analyzing [  0.00s] model dbt_jbondoc.dim_customers [success]
16:55:50.505171 [info ]:  Succeeded [  0.00s] model dbt_jbondoc.dim_customers (table)
16:55:51.513983 [debug]: Query executed on node model.jaffle_shop.all_dates:
select datediff(
        day,
        to_date('01/01/2020', 'mm/dd/yyyy'),
        to_date('01/01/2021', 'mm/dd/yyyy')
        )
/* {"app": "dbt", "connection_name": "", "dbt_version": "2.0.0", "profile_name": "default", "target_name": "dev"} */
16:55:51.515063 [debug]: Compiled SQL for node model.jaffle_shop.all_dates at target/.lsp/compiled/jaffle_shop/models/all_dates.sql
16:55:51.515139 [debug]: Finished rendering [  1.01s] model dbt_jbondoc.all_dates [success]
16:55:51.515151 [info ]: Finished rendering [  1.01s] (10 nodes, 0 skipped, 0 errors)
16:55:51.515164 [debug]: Started analyzing model dbt_jbondoc.all_dates
16:55:51.517310 [debug]: Finished analyzing [  0.00s] model dbt_jbondoc.all_dates [success]
16:55:51.517322 [info ]: Finished analyzing [  1.01s] (9 nodes, 0 skipped, 0 errors)
16:55:51.517328 [info ]:  Succeeded [  1.01s] model dbt_jbondoc.all_dates (table)
16:55:51.519970 [info ]: Started scheduling
16:55:51.520010 [info ]: Finished scheduling [  0.00s]
16:55:51.520287 [info ]: Cached model count updated: 8 models (accurate)
16:57:19.570750 [info ]: Started loading project
16:57:19.571238 [info ]: Loading ~/.dbt/profiles.yml
16:57:19.584422 [info ]: Started parsing
16:57:19.608275 [info ]: Finished loading project [  0.04s]
16:57:19.610204 [debug]: Finished parsing models/exposures/jaffle_exposures.yml [  0.00s]
16:57:19.611131 [debug]: Finished parsing snapshots/mock_orders.sql [  0.00s]
16:57:19.660655 [info ]: Finished parsing [  0.08s]
16:57:19.662196 [info ]: Cached model count updated: 8 models (estimate)
16:57:19.662205 [info ]: Cached model count updated: 8 models (accurate)
16:57:19.662226 [info ]: Started scheduling
16:57:19.662308 [info ]: Finished scheduling [  0.00s]
16:57:19.662315 [debug]: Compilation - 7 nodes selected: {"exposure.jaffle_shop.customers_data", "exposure.jaffle_shop.orders_data", "model.jaffle_shop.dim_customers", "model.jaffle_shop.fct_orders", "model.jaffle_shop.stg_customers", "model.jaffle_shop.stg_orders", "model.jaffle_shop.stg_payments"}
16:57:19.689176 [info ]: Started building task graph
16:57:19.689233 [info ]: Finished building task graph [  0.00s]
16:57:19.722872 [info ]: Started rendering (5 nodes)
16:57:19.722890 [info ]: Started model dbt_jbondoc.dim_customers
16:57:19.722902 [debug]: Started rendering model dbt_jbondoc.dim_customers
16:57:19.722926 [info ]: Started model dbt_jbondoc.stg_customers
16:57:19.722930 [debug]: Started rendering model dbt_jbondoc.stg_customers
16:57:19.722934 [info ]: Started model dbt_jbondoc.fct_orders
16:57:19.722937 [debug]: Started rendering model dbt_jbondoc.fct_orders
16:57:19.722942 [info ]: Started model dbt_jbondoc.stg_payments
16:57:19.722945 [debug]: Started rendering model dbt_jbondoc.stg_payments
16:57:19.722952 [info ]: Started model dbt_jbondoc.stg_orders
16:57:19.722956 [debug]: Started rendering model dbt_jbondoc.stg_orders
16:57:19.723546 [debug]: Compiled SQL for node model.jaffle_shop.dim_customers at target/.lsp/compiled/jaffle_shop/models/marts/core/dim_customers.sql
16:57:19.723552 [debug]: Compiled SQL for node model.jaffle_shop.stg_payments at target/.lsp/compiled/jaffle_shop/models/staging/stripe/stg_payments.sql
16:57:19.723552 [debug]: Compiled SQL for node model.jaffle_shop.stg_customers at target/.lsp/compiled/jaffle_shop/models/staging/jaffle_shop/stg_customers.sql
16:57:19.723546 [debug]: Compiled SQL for node model.jaffle_shop.stg_orders at target/.lsp/compiled/jaffle_shop/models/staging/jaffle_shop/stg_orders.sql
16:57:19.723597 [debug]: Finished rendering [  0.00s] model dbt_jbondoc.dim_customers [success]
16:57:19.723617 [info ]: Started analyzing (5 nodes)
16:57:19.723624 [debug]: Started analyzing model dbt_jbondoc.dim_customers
16:57:19.723599 [debug]: Compiled SQL for node model.jaffle_shop.fct_orders at target/.lsp/compiled/jaffle_shop/models/marts/core/fct_orders.sql
16:57:19.723632 [debug]: Finished rendering [  0.00s] model dbt_jbondoc.stg_payments [success]
16:57:19.723646 [debug]: Started analyzing model dbt_jbondoc.stg_payments
16:57:19.723651 [debug]: Finished rendering [  0.00s] model dbt_jbondoc.stg_customers [success]
16:57:19.723654 [debug]: Started analyzing model dbt_jbondoc.stg_customers
16:57:19.723657 [debug]: Finished rendering [  0.00s] model dbt_jbondoc.stg_orders [success]
16:57:19.723660 [debug]: Started analyzing model dbt_jbondoc.stg_orders
16:57:19.723665 [debug]: Finished rendering [  0.00s] model dbt_jbondoc.fct_orders [success]
16:57:19.723667 [info ]: Finished rendering [  0.00s] (5 nodes, 0 skipped, 0 errors)
16:57:19.723670 [debug]: Started analyzing model dbt_jbondoc.fct_orders
16:57:19.724112 [debug]: Finished analyzing [  0.00s] model dbt_jbondoc.stg_orders [success]
16:57:19.724119 [info ]:  Succeeded [-------] model dbt_jbondoc.stg_orders (view)
16:57:19.724129 [debug]: Finished analyzing [  0.00s] model dbt_jbondoc.stg_customers [success]
16:57:19.724132 [info ]:  Succeeded [-------] model dbt_jbondoc.stg_customers (view)
16:57:19.724145 [debug]: Finished analyzing [  0.00s] model dbt_jbondoc.stg_payments [success]
16:57:19.724151 [info ]:  Succeeded [-------] model dbt_jbondoc.stg_payments (view)
16:57:19.724280 [debug]: Finished analyzing [  0.00s] model dbt_jbondoc.dim_customers [success]
16:57:19.724286 [info ]:  Succeeded [-------] model dbt_jbondoc.dim_customers (table)
16:57:19.724317 [debug]: Finished analyzing [  0.00s] model dbt_jbondoc.fct_orders [success]
16:57:19.724323 [info ]: Finished analyzing [  0.00s] (5 nodes, 0 skipped, 0 errors)
16:57:19.724325 [info ]:  Succeeded [-------] model dbt_jbondoc.fct_orders (table)
16:57:19.726146 [info ]: Started scheduling
16:57:19.726211 [info ]: Finished scheduling [  0.00s]
16:57:19.726650 [info ]: Cached model count updated: 8 models (accurate)
16:57:20.897827 [info ]: Started loading project
16:57:20.898086 [info ]: Loading ~/.dbt/profiles.yml
16:57:20.912179 [info ]: Cached model count updated: 8 models (estimate)
16:57:20.912193 [info ]: Cached model count updated: 8 models (accurate)
16:57:20.912220 [info ]: Started scheduling
16:57:20.912304 [info ]: Finished scheduling [  0.00s]
16:57:20.912313 [debug]: Compilation - 13 nodes selected: {"analysis.jaffle_shop.total_revenue", "exposure.jaffle_shop.customers_data", "exposure.jaffle_shop.jaffle_shop_weekly_metrics", "exposure.jaffle_shop.orders_data", "model.jaffle_shop.all_dates", "model.jaffle_shop.dim_customers", "model.jaffle_shop.fct_orders", "model.jaffle_shop.int_orders__pivoted", "model.jaffle_shop.stg_customers", "model.jaffle_shop.stg_orders", "model.jaffle_shop.stg_page_views", "model.jaffle_shop.stg_payments", "snapshot.jaffle_shop.mock_orders"}
16:57:20.912821 [debug]:    Started downloading relations (1 items)
16:57:20.912860 [info ]: Finished loading project [  0.02s]
16:57:21.181694 [debug]: Query executed on node unknown:
SHOW OBJECTS IN SCHEMA "ANALYTICS"."DBT_JBONDOC" LIMIT 10000
16:57:21.181920 [debug]:   Finished [  0.27s] downloading relations (1 items)
16:57:21.213277 [info ]: Started building task graph
16:57:21.213353 [info ]: Finished building task graph [  0.00s]
16:57:21.240550 [info ]: Started rendering (10 nodes)
16:57:21.240567 [info ]: Started snapshot dbt_jbondoc_snapshot.mock_orders
16:57:21.240573 [debug]: Started rendering snapshot dbt_jbondoc_snapshot.mock_orders
16:57:21.240586 [info ]: Started model dbt_jbondoc.stg_page_views
16:57:21.240590 [debug]: Started rendering model dbt_jbondoc.stg_page_views
16:57:21.240596 [info ]: Started model dbt_jbondoc.int_orders__pivoted
16:57:21.240601 [debug]: Started rendering model dbt_jbondoc.int_orders__pivoted
16:57:21.240613 [info ]: Started model dbt_jbondoc.all_dates
16:57:21.240617 [debug]: Started rendering model dbt_jbondoc.all_dates
16:57:21.240621 [info ]: Started model dbt_jbondoc.dim_customers
16:57:21.240625 [debug]: Started rendering model dbt_jbondoc.dim_customers
16:57:21.240629 [info ]: Started model dbt_jbondoc.stg_customers
16:57:21.240632 [debug]: Started rendering model dbt_jbondoc.stg_customers
16:57:21.240637 [info ]: Started model dbt_jbondoc.fct_orders
16:57:21.240640 [debug]: Started rendering model dbt_jbondoc.fct_orders
16:57:21.240644 [info ]: Started model dbt_jbondoc.stg_orders
16:57:21.240648 [debug]: Started rendering model dbt_jbondoc.stg_orders
16:57:21.240653 [info ]: Started analysis dbt_jbondoc.total_revenue
16:57:21.240656 [debug]: Started rendering analysis dbt_jbondoc.total_revenue
16:57:21.240661 [info ]: Started model dbt_jbondoc.stg_payments
16:57:21.240664 [debug]: Started rendering model dbt_jbondoc.stg_payments
16:57:21.240924 [debug]: Compiled SQL for node model.jaffle_shop.dim_customers at target/.lsp/compiled/jaffle_shop/models/marts/core/dim_customers.sql
16:57:21.240986 [debug]: Finished rendering [  0.00s] model dbt_jbondoc.dim_customers [success]
16:57:21.241004 [info ]: Started analyzing (9 nodes)
16:57:21.241009 [debug]: Started analyzing model dbt_jbondoc.dim_customers
16:57:21.241011 [debug]: Compiled SQL for node model.jaffle_shop.stg_customers at target/.lsp/compiled/jaffle_shop/models/staging/jaffle_shop/stg_customers.sql
16:57:21.241079 [debug]: Finished rendering [  0.00s] model dbt_jbondoc.stg_customers [success]
16:57:21.241093 [debug]: Started analyzing model dbt_jbondoc.stg_customers
16:57:21.241126 [debug]: Compiled SQL for node model.jaffle_shop.stg_payments at target/.lsp/compiled/jaffle_shop/models/staging/stripe/stg_payments.sql
16:57:21.241155 [debug]: Compiled SQL for node model.jaffle_shop.fct_orders at target/.lsp/compiled/jaffle_shop/models/marts/core/fct_orders.sql
16:57:21.241162 [debug]: Finished rendering [  0.00s] model dbt_jbondoc.stg_payments [success]
16:57:21.241163 [debug]: Compiled SQL for node model.jaffle_shop.stg_orders at target/.lsp/compiled/jaffle_shop/models/staging/jaffle_shop/stg_orders.sql
16:57:21.241183 [debug]: Started analyzing model dbt_jbondoc.stg_payments
16:57:21.241211 [debug]: Finished analyzing [  0.00s] model dbt_jbondoc.stg_customers [success]
16:57:21.241217 [info ]:  Succeeded [-------] model dbt_jbondoc.stg_customers (view)
16:57:21.241228 [debug]: Finished rendering [  0.00s] model dbt_jbondoc.stg_orders [success]
16:57:21.241234 [debug]: Started analyzing model dbt_jbondoc.stg_orders
16:57:21.241243 [debug]: Finished rendering [  0.00s] model dbt_jbondoc.fct_orders [success]
16:57:21.241246 [debug]: Started analyzing model dbt_jbondoc.fct_orders
16:57:21.241271 [debug]: Finished analyzing [  0.00s] model dbt_jbondoc.stg_payments [success]
16:57:21.241279 [info ]:  Succeeded [-------] model dbt_jbondoc.stg_payments (view)
16:57:21.241286 [debug]: Finished analyzing [  0.00s] model dbt_jbondoc.dim_customers [success]
16:57:21.241289 [info ]:  Succeeded [-------] model dbt_jbondoc.dim_customers (table)
16:57:21.241333 [debug]: Finished analyzing [  0.00s] model dbt_jbondoc.stg_orders [success]
16:57:21.241337 [info ]:  Succeeded [-------] model dbt_jbondoc.stg_orders (view)
16:57:21.241485 [debug]: Finished analyzing [  0.00s] model dbt_jbondoc.fct_orders [success]
16:57:21.241491 [info ]:  Succeeded [-------] model dbt_jbondoc.fct_orders (table)
16:57:21.243065 [debug]: Compiled SQL for node model.jaffle_shop.all_dates at target/.lsp/compiled/jaffle_shop/models/all_dates.sql
16:57:21.243085 [debug]: Finished rendering [  0.00s] model dbt_jbondoc.all_dates [success]
16:57:21.243082 [debug]: Compiled SQL for node analysis.jaffle_shop.total_revenue at target/.lsp/compiled/jaffle_shop/analysis/total_revenue.sql
16:57:21.243091 [debug]: Started analyzing model dbt_jbondoc.all_dates
16:57:21.243102 [debug]: Compiled SQL for node model.jaffle_shop.int_orders__pivoted at target/.lsp/compiled/jaffle_shop/models/marts/core/int_orders__pivoted.sql
16:57:21.243109 [debug]: Finished rendering [  0.00s] analysis dbt_jbondoc.total_revenue [success]
16:57:21.243115 [info ]:  Succeeded [  0.00s] analysis dbt_jbondoc.total_revenue (analysis)
16:57:21.243123 [debug]: Finished rendering [  0.00s] model dbt_jbondoc.int_orders__pivoted [success]
16:57:21.243128 [debug]: Started analyzing model dbt_jbondoc.int_orders__pivoted
16:57:21.243404 [debug]: Finished analyzing [  0.00s] model dbt_jbondoc.int_orders__pivoted [success]
16:57:21.243409 [info ]:  Succeeded [  0.00s] model dbt_jbondoc.int_orders__pivoted (table)
16:57:21.244585 [debug]: Compiled SQL for node snapshot.jaffle_shop.mock_orders at target/.lsp/compiled/jaffle_shop/snapshots/mock_orders.sql/mock_orders.sql
16:57:21.244593 [debug]: Compiled SQL for node model.jaffle_shop.stg_page_views at target/.lsp/compiled/jaffle_shop/models/staging/snowplow/stg_page_views.sql
16:57:21.244604 [debug]: Finished rendering [  0.00s] snapshot dbt_jbondoc_snapshot.mock_orders [success]
16:57:21.244615 [debug]: Started analyzing snapshot dbt_jbondoc_snapshot.mock_orders
16:57:21.244623 [debug]: Finished rendering [  0.00s] model dbt_jbondoc.stg_page_views [success]
16:57:21.244627 [info ]: Finished rendering [  0.00s] (10 nodes, 0 skipped, 0 errors)
16:57:21.244631 [debug]: Started analyzing model dbt_jbondoc.stg_page_views
16:57:21.244639 [debug]: Finished analyzing [  0.00s] model dbt_jbondoc.all_dates [success]
16:57:21.244642 [info ]:  Succeeded [  0.00s] model dbt_jbondoc.all_dates (table)
16:57:21.244653 [debug]: Finished analyzing [  0.00s] snapshot dbt_jbondoc_snapshot.mock_orders [success]
16:57:21.244659 [info ]:  Succeeded [  0.00s] snapshot dbt_jbondoc_snapshot.mock_orders (snapshot)
16:57:21.244879 [debug]: Finished analyzing [  0.00s] model dbt_jbondoc.stg_page_views [success]
16:57:21.244885 [info ]: Finished analyzing [  0.00s] (9 nodes, 0 skipped, 0 errors)
16:57:21.244888 [info ]:  Succeeded [  0.00s] model dbt_jbondoc.stg_page_views (incremental)
16:57:21.246468 [info ]: Started scheduling
16:57:21.246499 [info ]: Finished scheduling [  0.00s]
16:57:21.246674 [info ]: Cached model count updated: 8 models (accurate)
16:59:28.676741 [info ]: Started loading project
16:59:28.677118 [info ]: Loading ~/.dbt/profiles.yml
16:59:28.686435 [info ]: Started parsing
16:59:28.711384 [info ]: Finished loading project [  0.03s]
16:59:28.713445 [debug]: Finished parsing models/exposures/jaffle_exposures.yml [  0.00s]
16:59:28.714197 [debug]: Finished parsing snapshots/mock_orders.sql [  0.00s]
16:59:28.776714 [info ]: Finished parsing [  0.09s]
16:59:28.778432 [info ]: Cached model count updated: 8 models (estimate)
16:59:28.778441 [info ]: Cached model count updated: 8 models (accurate)
16:59:28.778465 [info ]: Started scheduling
16:59:28.778538 [info ]: Finished scheduling [  0.00s]
16:59:28.778544 [debug]: Compilation - 7 nodes selected: {"exposure.jaffle_shop.customers_data", "exposure.jaffle_shop.orders_data", "model.jaffle_shop.dim_customers", "model.jaffle_shop.fct_orders", "model.jaffle_shop.stg_customers", "model.jaffle_shop.stg_orders", "model.jaffle_shop.stg_payments"}
16:59:28.808541 [info ]: Started building task graph
16:59:28.808661 [info ]: Finished building task graph [  0.00s]
16:59:28.856267 [info ]: Started rendering (5 nodes)
16:59:28.856320 [info ]: Started model dbt_jbondoc.dim_customers
16:59:28.856351 [debug]: Started rendering model dbt_jbondoc.dim_customers
16:59:28.856382 [info ]: Started model dbt_jbondoc.stg_customers
16:59:28.856387 [debug]: Started rendering model dbt_jbondoc.stg_customers
16:59:28.856396 [info ]: Started model dbt_jbondoc.fct_orders
16:59:28.856410 [debug]: Started rendering model dbt_jbondoc.fct_orders
16:59:28.856418 [info ]: Started model dbt_jbondoc.stg_payments
16:59:28.856423 [debug]: Started rendering model dbt_jbondoc.stg_payments
16:59:28.856429 [info ]: Started model dbt_jbondoc.stg_orders
16:59:28.856434 [debug]: Started rendering model dbt_jbondoc.stg_orders
16:59:28.857237 [debug]: Compiled SQL for node model.jaffle_shop.fct_orders at target/.lsp/compiled/jaffle_shop/models/marts/core/fct_orders.sql
16:59:28.857237 [debug]: Compiled SQL for node model.jaffle_shop.stg_payments at target/.lsp/compiled/jaffle_shop/models/staging/stripe/stg_payments.sql
16:59:28.857284 [debug]: Compiled SQL for node model.jaffle_shop.stg_orders at target/.lsp/compiled/jaffle_shop/models/staging/jaffle_shop/stg_orders.sql
16:59:28.857316 [debug]: Finished rendering [  0.00s] model dbt_jbondoc.fct_orders [success]
16:59:28.857327 [debug]: Compiled SQL for node model.jaffle_shop.dim_customers at target/.lsp/compiled/jaffle_shop/models/marts/core/dim_customers.sql
16:59:28.858545 [info ]: Started analyzing (5 nodes)
16:59:28.858555 [debug]: Started analyzing model dbt_jbondoc.fct_orders
16:59:28.858615 [debug]: Finished rendering [  0.00s] model dbt_jbondoc.stg_payments [success]
16:59:28.858619 [debug]: Compiled SQL for node model.jaffle_shop.stg_customers at target/.lsp/compiled/jaffle_shop/models/staging/jaffle_shop/stg_customers.sql
16:59:28.858646 [debug]: Started analyzing model dbt_jbondoc.stg_payments
16:59:28.858662 [debug]: Finished rendering [  0.00s] model dbt_jbondoc.stg_orders [success]
16:59:28.858670 [debug]: Started analyzing model dbt_jbondoc.stg_orders
16:59:28.858680 [debug]: Finished rendering [  0.00s] model dbt_jbondoc.dim_customers [success]
16:59:28.858688 [debug]: Started analyzing model dbt_jbondoc.dim_customers
16:59:28.858718 [debug]: Finished rendering [  0.00s] model dbt_jbondoc.stg_customers [success]
16:59:28.858726 [info ]: Finished rendering [  0.00s] (5 nodes, 0 skipped, 0 errors)
16:59:28.858733 [debug]: Started analyzing model dbt_jbondoc.stg_customers
16:59:28.860835 [debug]: Finished analyzing [  0.00s] model dbt_jbondoc.stg_customers [success]
16:59:28.860848 [info ]:  Succeeded [  0.00s] model dbt_jbondoc.stg_customers (view)
16:59:28.860861 [debug]: Finished analyzing [  0.00s] model dbt_jbondoc.stg_orders [success]
16:59:28.860864 [info ]:  Succeeded [  0.00s] model dbt_jbondoc.stg_orders (view)
16:59:28.860910 [debug]: Finished analyzing [  0.00s] model dbt_jbondoc.stg_payments [success]
16:59:28.860919 [info ]:  Succeeded [  0.00s] model dbt_jbondoc.stg_payments (view)
16:59:28.862130 [debug]: Finished analyzing [  0.00s] model dbt_jbondoc.fct_orders [success]
16:59:28.862151 [info ]:  Succeeded [  0.00s] model dbt_jbondoc.fct_orders (table)
16:59:28.862335 [debug]: Finished analyzing [  0.00s] model dbt_jbondoc.dim_customers [success]
16:59:28.862347 [info ]: Finished analyzing [  0.00s] (5 nodes, 0 skipped, 0 errors)
16:59:28.862351 [info ]:  Succeeded [  0.01s] model dbt_jbondoc.dim_customers (table)
16:59:28.866185 [info ]: Started scheduling
16:59:28.866259 [info ]: Finished scheduling [  0.00s]
16:59:28.866777 [info ]: Cached model count updated: 8 models (accurate)
16:59:30.045189 [info ]: Started loading project
16:59:30.045485 [info ]: Loading ~/.dbt/profiles.yml
16:59:30.060780 [info ]: Cached model count updated: 8 models (estimate)
16:59:30.060798 [info ]: Cached model count updated: 8 models (accurate)
16:59:30.060826 [info ]: Started scheduling
16:59:30.060896 [info ]: Finished scheduling [  0.00s]
16:59:30.060905 [debug]: Compilation - 13 nodes selected: {"analysis.jaffle_shop.total_revenue", "exposure.jaffle_shop.customers_data", "exposure.jaffle_shop.jaffle_shop_weekly_metrics", "exposure.jaffle_shop.orders_data", "model.jaffle_shop.all_dates", "model.jaffle_shop.dim_customers", "model.jaffle_shop.fct_orders", "model.jaffle_shop.int_orders__pivoted", "model.jaffle_shop.stg_customers", "model.jaffle_shop.stg_orders", "model.jaffle_shop.stg_page_views", "model.jaffle_shop.stg_payments", "snapshot.jaffle_shop.mock_orders"}
16:59:30.061373 [debug]:    Started downloading relations (1 items)
16:59:30.061411 [info ]: Finished loading project [  0.02s]
16:59:30.308616 [debug]: Query executed on node unknown:
SHOW OBJECTS IN SCHEMA "ANALYTICS"."DBT_JBONDOC" LIMIT 10000
16:59:30.308734 [debug]:   Finished [  0.25s] downloading relations (1 items)
16:59:30.333157 [info ]: Started building task graph
16:59:30.333216 [info ]: Finished building task graph [  0.00s]
16:59:30.358335 [info ]: Started rendering (10 nodes)
16:59:30.358350 [info ]: Started snapshot dbt_jbondoc_snapshot.mock_orders
16:59:30.358356 [debug]: Started rendering snapshot dbt_jbondoc_snapshot.mock_orders
16:59:30.358369 [info ]: Started model dbt_jbondoc.stg_page_views
16:59:30.358373 [debug]: Started rendering model dbt_jbondoc.stg_page_views
16:59:30.358378 [info ]: Started model dbt_jbondoc.int_orders__pivoted
16:59:30.358382 [debug]: Started rendering model dbt_jbondoc.int_orders__pivoted
16:59:30.358386 [info ]: Started model dbt_jbondoc.all_dates
16:59:30.358389 [debug]: Started rendering model dbt_jbondoc.all_dates
16:59:30.358393 [info ]: Started model dbt_jbondoc.dim_customers
16:59:30.358396 [debug]: Started rendering model dbt_jbondoc.dim_customers
16:59:30.358409 [info ]: Started model dbt_jbondoc.stg_customers
16:59:30.358414 [debug]: Started rendering model dbt_jbondoc.stg_customers
16:59:30.358418 [info ]: Started model dbt_jbondoc.fct_orders
16:59:30.358421 [debug]: Started rendering model dbt_jbondoc.fct_orders
16:59:30.358424 [info ]: Started model dbt_jbondoc.stg_orders
16:59:30.358427 [debug]: Started rendering model dbt_jbondoc.stg_orders
16:59:30.358431 [info ]: Started analysis dbt_jbondoc.total_revenue
16:59:30.358436 [debug]: Started rendering analysis dbt_jbondoc.total_revenue
16:59:30.358441 [info ]: Started model dbt_jbondoc.stg_payments
16:59:30.358444 [debug]: Started rendering model dbt_jbondoc.stg_payments
16:59:30.358722 [debug]: Compiled SQL for node model.jaffle_shop.dim_customers at target/.lsp/compiled/jaffle_shop/models/marts/core/dim_customers.sql
16:59:30.358755 [debug]: Compiled SQL for node model.jaffle_shop.fct_orders at target/.lsp/compiled/jaffle_shop/models/marts/core/fct_orders.sql
16:59:30.358778 [debug]: Compiled SQL for node model.jaffle_shop.stg_customers at target/.lsp/compiled/jaffle_shop/models/staging/jaffle_shop/stg_customers.sql
16:59:30.358791 [debug]: Finished rendering [  0.00s] model dbt_jbondoc.dim_customers [success]
16:59:30.358830 [info ]: Started analyzing (9 nodes)
16:59:30.358835 [debug]: Started analyzing model dbt_jbondoc.dim_customers
16:59:30.358847 [debug]: Finished rendering [  0.00s] model dbt_jbondoc.fct_orders [success]
16:59:30.358854 [debug]: Started analyzing model dbt_jbondoc.fct_orders
16:59:30.358860 [debug]: Finished rendering [  0.00s] model dbt_jbondoc.stg_customers [success]
16:59:30.358852 [debug]: Compiled SQL for node model.jaffle_shop.stg_orders at target/.lsp/compiled/jaffle_shop/models/staging/jaffle_shop/stg_orders.sql
16:59:30.358865 [debug]: Started analyzing model dbt_jbondoc.stg_customers
16:59:30.358862 [debug]: Compiled SQL for node model.jaffle_shop.stg_payments at target/.lsp/compiled/jaffle_shop/models/staging/stripe/stg_payments.sql
16:59:30.358880 [debug]: Finished rendering [  0.00s] model dbt_jbondoc.stg_orders [success]
16:59:30.358891 [debug]: Started analyzing model dbt_jbondoc.stg_orders
16:59:30.358898 [debug]: Finished rendering [  0.00s] model dbt_jbondoc.stg_payments [success]
16:59:30.358903 [debug]: Started analyzing model dbt_jbondoc.stg_payments
16:59:30.358949 [debug]: Compiled SQL for node model.jaffle_shop.all_dates at target/.lsp/compiled/jaffle_shop/models/all_dates.sql
16:59:30.358993 [debug]: Compiled SQL for node snapshot.jaffle_shop.mock_orders at target/.lsp/compiled/jaffle_shop/snapshots/mock_orders.sql/mock_orders.sql
16:59:30.359008 [debug]: Compiled SQL for node analysis.jaffle_shop.total_revenue at target/.lsp/compiled/jaffle_shop/analysis/total_revenue.sql
16:59:30.359011 [debug]: Finished rendering [  0.00s] model dbt_jbondoc.all_dates [success]
16:59:30.359026 [debug]: Started analyzing model dbt_jbondoc.all_dates
16:59:30.359029 [debug]: Compiled SQL for node model.jaffle_shop.stg_page_views at target/.lsp/compiled/jaffle_shop/models/staging/snowplow/stg_page_views.sql
16:59:30.359028 [debug]: Compiled SQL for node model.jaffle_shop.int_orders__pivoted at target/.lsp/compiled/jaffle_shop/models/marts/core/int_orders__pivoted.sql
16:59:30.359046 [debug]: Finished rendering [  0.00s] snapshot dbt_jbondoc_snapshot.mock_orders [success]
16:59:30.359057 [debug]: Started analyzing snapshot dbt_jbondoc_snapshot.mock_orders
16:59:30.359080 [debug]: Finished rendering [  0.00s] analysis dbt_jbondoc.total_revenue [success]
16:59:30.359086 [info ]:  Succeeded [-------] analysis dbt_jbondoc.total_revenue (analysis)
16:59:30.359097 [debug]: Finished analyzing [  0.00s] model dbt_jbondoc.stg_customers [success]
16:59:30.359101 [info ]:  Succeeded [-------] model dbt_jbondoc.stg_customers (view)
16:59:30.359107 [debug]: Finished rendering [  0.00s] model dbt_jbondoc.stg_page_views [success]
16:59:30.359111 [debug]: Started analyzing model dbt_jbondoc.stg_page_views
16:59:30.359118 [debug]: Finished rendering [  0.00s] model dbt_jbondoc.int_orders__pivoted [success]
16:59:30.359122 [info ]: Finished rendering [  0.00s] (10 nodes, 0 skipped, 0 errors)
16:59:30.359125 [debug]: Started analyzing model dbt_jbondoc.int_orders__pivoted
16:59:30.359131 [debug]: Finished analyzing [  0.00s] model dbt_jbondoc.stg_payments [success]
16:59:30.359135 [info ]:  Succeeded [-------] model dbt_jbondoc.stg_payments (view)
16:59:30.359161 [debug]: Finished analyzing [  0.00s] snapshot dbt_jbondoc_snapshot.mock_orders [success]
16:59:30.359168 [info ]:  Succeeded [-------] snapshot dbt_jbondoc_snapshot.mock_orders (snapshot)
16:59:30.359176 [debug]: Finished analyzing [  0.00s] model dbt_jbondoc.stg_orders [success]
16:59:30.359179 [info ]:  Succeeded [-------] model dbt_jbondoc.stg_orders (view)
16:59:30.359274 [debug]: Finished analyzing [  0.00s] model dbt_jbondoc.dim_customers [success]
16:59:30.359280 [info ]:  Succeeded [-------] model dbt_jbondoc.dim_customers (table)
16:59:30.359312 [debug]: Finished analyzing [  0.00s] model dbt_jbondoc.fct_orders [success]
16:59:30.359317 [info ]:  Succeeded [-------] model dbt_jbondoc.fct_orders (table)
16:59:30.359406 [debug]: Finished analyzing [  0.00s] model dbt_jbondoc.stg_page_views [success]
16:59:30.359412 [info ]:  Succeeded [-------] model dbt_jbondoc.stg_page_views (incremental)
16:59:30.359451 [debug]: Finished analyzing [  0.00s] model dbt_jbondoc.int_orders__pivoted [success]
16:59:30.359457 [info ]:  Succeeded [-------] model dbt_jbondoc.int_orders__pivoted (table)
16:59:30.360482 [debug]: Finished analyzing [  0.00s] model dbt_jbondoc.all_dates [success]
16:59:30.360487 [info ]: Finished analyzing [  0.00s] (9 nodes, 0 skipped, 0 errors)
16:59:30.360489 [info ]:  Succeeded [  0.00s] model dbt_jbondoc.all_dates (table)
16:59:30.361908 [info ]: Started scheduling
16:59:30.361937 [info ]: Finished scheduling [  0.00s]
16:59:30.362099 [info ]: Cached model count updated: 8 models (accurate)
17:03:04.327412 [info ]: Started loading project
17:03:04.327898 [info ]: Loading ~/.dbt/profiles.yml
17:03:04.337059 [info ]: Started loading project
17:03:04.337317 [info ]: Loading ~/.dbt/profiles.yml
17:03:04.337334 [info ]: Finished loading project [  0.01s]
17:03:04.462909 [info ]: Loading packages.yml
17:03:04.463022 [debug]:    Started loading packages
17:03:04.470459 [debug]:     Loaded [  0.01s] packages
17:03:04.470843 [info ]: Finished loading project [  0.13s]
17:03:04.471017 [info ]: Started parsing
17:03:04.503596 [debug]: Finished parsing models/exposures/jaffle_exposures.yml [  0.00s]
17:03:04.503761 [debug]: Finished parsing models/marts/core/fct_orders.yml [  0.00s]
17:03:04.503917 [debug]: Finished parsing models/staging/jaffle_shop/src_jaffle_shop.yml [  0.00s]
17:03:04.504049 [debug]: Finished parsing models/staging/jaffle_shop/stg_jaffle_shop.yml [  0.00s]
17:03:04.504150 [debug]: Finished parsing models/staging/snowplow/src_snowplow.yml [  0.00s]
17:03:04.504407 [debug]: Finished parsing models/staging/stripe/src_stripe.yml [  0.00s]
17:03:04.505319 [debug]: Finished parsing snapshots/mock_orders.sql [  0.00s]
17:03:04.506301 [debug]: Finished parsing models/all_dates.sql [  0.00s]
17:03:04.506698 [debug]: Finished parsing models/marts/core/dim_customers.sql [  0.00s]
17:03:04.506993 [debug]: Finished parsing models/marts/core/fct_orders.sql [  0.00s]
17:03:04.507292 [debug]: Finished parsing models/marts/core/int_orders__pivoted.sql [  0.00s]
17:03:04.507569 [debug]: Finished parsing models/staging/jaffle_shop/stg_customers.sql [  0.00s]
17:03:04.507823 [debug]: Finished parsing models/staging/jaffle_shop/stg_orders.sql [  0.00s]
17:03:04.508115 [debug]: Finished parsing models/staging/snowplow/stg_page_views.sql [  0.00s]
17:03:04.508356 [debug]: Finished parsing models/staging/stripe/stg_payments.sql [  0.00s]
17:03:04.513006 [debug]: Finished parsing analysis/total_revenue.sql [  0.00s]
17:03:04.513165 [debug]: Finished parsing tests/assert_amount_average_is_greater_than_one.sql [  0.00s]
17:03:04.513468 [debug]: Finished parsing tests/assert_positive_value_for_total_amount.sql [  0.00s]
17:03:04.581261 [warn ]: [NodeNotFoundOrDisabled (dbt1087)]: Ref 'orders' not found in project. Searched for 'jaffle_shop.orders, orders'
  --> tests/assert_amount_average_is_greater_than_one.sql:4:6
17:03:04.582598 [info ]: Cached model count updated: 8 models (estimate)
17:03:04.582611 [info ]: Cached model count updated: 8 models (accurate)
17:03:04.582648 [info ]: Started scheduling
17:03:04.582694 [info ]: Finished scheduling [  0.00s]
17:03:04.582701 [debug]: Compilation - 0 nodes selected: {}
17:03:04.582717 [warn ]: [NoNodesForSelectionCriteria (dbt1092)]: The selection criterion '' does not match any enabled nodes
17:03:04.582722 [warn ]: [NoNodesSelected (dbt1601)]: Nothing to do. Try checking your model configs and model specification args
17:03:04.582728 [info ]: Started scheduling
17:03:04.582793 [info ]: Finished scheduling [  0.00s]
17:03:04.582957 [debug]: Initializing schema store with entry: Selected("snapshot.jaffle_shop.mock_orders") and interval: None
17:03:04.582972 [debug]: Initializing schema store with entry: Frontier(CanonicalFqn { catalog: "RAW", schema: "JAFFLE_SHOP", table: "ORDERS" }) and interval: None
17:03:04.582976 [debug]: Initializing schema store with entry: Frontier(CanonicalFqn { catalog: "RAW", schema: "JAFFLE_SHOP", table: "CUSTOMERS" }) and interval: None
17:03:04.583000 [debug]: Initializing schema store with entry: Frontier(CanonicalFqn { catalog: "RAW", schema: "STRIPE", table: "PAYMENT" }) and interval: None
17:03:04.583009 [debug]: Initializing schema store with entry: Frontier(CanonicalFqn { catalog: "RAW", schema: "SNOWPLOW", table: "EVENTS" }) and interval: None
17:03:04.606571 [info ]: Started building task graph
17:03:04.606597 [info ]: Finished building task graph [  0.00s]
17:03:04.632613 [info ]: Started scheduling
17:03:04.632648 [info ]: Finished scheduling [  0.00s]
17:03:04.632933 [info ]: Cached model count updated: 8 models (accurate)
17:03:04.632946 [info ]: Finished parsing [  0.16s]
17:03:05.812199 [info ]: Started loading project
17:03:05.812613 [info ]: Loading ~/.dbt/profiles.yml
17:03:05.824751 [info ]: Cached model count updated: 8 models (estimate)
17:03:05.824766 [info ]: Cached model count updated: 8 models (accurate)
17:03:05.824791 [info ]: Started scheduling
17:03:05.824886 [info ]: Finished scheduling [  0.00s]
17:03:05.824895 [debug]: Compilation - 13 nodes selected: {"analysis.jaffle_shop.total_revenue", "exposure.jaffle_shop.customers_data", "exposure.jaffle_shop.jaffle_shop_weekly_metrics", "exposure.jaffle_shop.orders_data", "model.jaffle_shop.all_dates", "model.jaffle_shop.dim_customers", "model.jaffle_shop.fct_orders", "model.jaffle_shop.int_orders__pivoted", "model.jaffle_shop.stg_customers", "model.jaffle_shop.stg_orders", "model.jaffle_shop.stg_page_views", "model.jaffle_shop.stg_payments", "snapshot.jaffle_shop.mock_orders"}
17:03:05.825632 [debug]:    Started downloading relations (1 items)
17:03:05.825753 [info ]: Finished loading project [  0.01s]
17:03:06.362342 [debug]: Query executed on node unknown:
SHOW OBJECTS IN SCHEMA "ANALYTICS"."DBT_JBONDOC" LIMIT 10000
17:03:06.362439 [debug]:   Finished [  0.54s] downloading relations (1 items)
17:03:06.384783 [info ]: Started building task graph
17:03:06.384864 [info ]: Finished building task graph [  0.00s]
17:03:06.412437 [info ]: Started rendering (10 nodes)
17:03:06.412453 [info ]: Started snapshot dbt_jbondoc_snapshot.mock_orders
17:03:06.412461 [debug]: Started rendering snapshot dbt_jbondoc_snapshot.mock_orders
17:03:06.412475 [info ]: Started model dbt_jbondoc.stg_page_views
17:03:06.412479 [debug]: Started rendering model dbt_jbondoc.stg_page_views
17:03:06.412484 [info ]: Started model dbt_jbondoc.int_orders__pivoted
17:03:06.412487 [debug]: Started rendering model dbt_jbondoc.int_orders__pivoted
17:03:06.412491 [info ]: Started model dbt_jbondoc.all_dates
17:03:06.412494 [debug]: Started rendering model dbt_jbondoc.all_dates
17:03:06.412498 [info ]: Started model dbt_jbondoc.dim_customers
17:03:06.412501 [debug]: Started rendering model dbt_jbondoc.dim_customers
17:03:06.412505 [info ]: Started model dbt_jbondoc.stg_customers
17:03:06.412507 [debug]: Started rendering model dbt_jbondoc.stg_customers
17:03:06.412510 [info ]: Started model dbt_jbondoc.fct_orders
17:03:06.412512 [debug]: Started rendering model dbt_jbondoc.fct_orders
17:03:06.412515 [info ]: Started model dbt_jbondoc.stg_orders
17:03:06.412518 [debug]: Started rendering model dbt_jbondoc.stg_orders
17:03:06.412522 [info ]: Started analysis dbt_jbondoc.total_revenue
17:03:06.412526 [debug]: Started rendering analysis dbt_jbondoc.total_revenue
17:03:06.412531 [info ]: Started model dbt_jbondoc.stg_payments
17:03:06.412535 [debug]: Started rendering model dbt_jbondoc.stg_payments
17:03:06.413729 [debug]: Compiled SQL for node snapshot.jaffle_shop.mock_orders at target/.lsp/compiled/jaffle_shop/snapshots/mock_orders.sql/mock_orders.sql
17:03:06.413840 [debug]: Finished rendering [  0.00s] snapshot dbt_jbondoc_snapshot.mock_orders [success]
17:03:06.413876 [info ]: Started analyzing (9 nodes)
17:03:06.413881 [debug]: Started analyzing snapshot dbt_jbondoc_snapshot.mock_orders
17:03:06.413932 [debug]: Compiled SQL for node model.jaffle_shop.stg_orders at target/.lsp/compiled/jaffle_shop/models/staging/jaffle_shop/stg_orders.sql
17:03:06.413926 [debug]: Compiled SQL for node model.jaffle_shop.stg_payments at target/.lsp/compiled/jaffle_shop/models/staging/stripe/stg_payments.sql
17:03:06.413941 [debug]: Compiled SQL for node model.jaffle_shop.stg_customers at target/.lsp/compiled/jaffle_shop/models/staging/jaffle_shop/stg_customers.sql
17:03:06.414019 [debug]: Finished rendering [  0.00s] model dbt_jbondoc.stg_payments [success]
17:03:06.414018 [debug]: Compiled SQL for node analysis.jaffle_shop.total_revenue at target/.lsp/compiled/jaffle_shop/analysis/total_revenue.sql
17:03:06.414017 [debug]: Compiled SQL for node model.jaffle_shop.dim_customers at target/.lsp/compiled/jaffle_shop/models/marts/core/dim_customers.sql
17:03:06.414041 [debug]: Started analyzing model dbt_jbondoc.stg_payments
17:03:06.414043 [debug]: Compiled SQL for node model.jaffle_shop.stg_page_views at target/.lsp/compiled/jaffle_shop/models/staging/snowplow/stg_page_views.sql
17:03:06.414057 [debug]: Finished rendering [  0.00s] model dbt_jbondoc.stg_orders [success]
17:03:06.414069 [debug]: Started analyzing model dbt_jbondoc.stg_orders
17:03:06.414067 [debug]: Compiled SQL for node model.jaffle_shop.int_orders__pivoted at target/.lsp/compiled/jaffle_shop/models/marts/core/int_orders__pivoted.sql
17:03:06.414067 [debug]: Compiled SQL for node model.jaffle_shop.fct_orders at target/.lsp/compiled/jaffle_shop/models/marts/core/fct_orders.sql
17:03:06.414095 [debug]: Finished rendering [  0.00s] model dbt_jbondoc.stg_customers [success]
17:03:06.414109 [debug]: Started analyzing model dbt_jbondoc.stg_customers
17:03:06.414130 [debug]: Finished rendering [  0.00s] analysis dbt_jbondoc.total_revenue [success]
17:03:06.414141 [info ]:  Succeeded [  0.00s] analysis dbt_jbondoc.total_revenue (analysis)
17:03:06.414155 [debug]: Finished rendering [  0.00s] model dbt_jbondoc.stg_page_views [success]
17:03:06.414163 [debug]: Started analyzing model dbt_jbondoc.stg_page_views
17:03:06.414181 [debug]: Finished rendering [  0.00s] model dbt_jbondoc.dim_customers [success]
17:03:06.414189 [debug]: Started analyzing model dbt_jbondoc.dim_customers
17:03:06.414194 [debug]: Finished rendering [  0.00s] model dbt_jbondoc.int_orders__pivoted [success]
17:03:06.414198 [debug]: Started analyzing model dbt_jbondoc.int_orders__pivoted
17:03:06.414203 [debug]: Finished rendering [  0.00s] model dbt_jbondoc.fct_orders [success]
17:03:06.414206 [debug]: Started analyzing model dbt_jbondoc.fct_orders
17:03:06.414263 [debug]: Finished analyzing [  0.00s] snapshot dbt_jbondoc_snapshot.mock_orders [success]
17:03:06.414272 [info ]:  Succeeded [  0.00s] snapshot dbt_jbondoc_snapshot.mock_orders (snapshot)
17:03:06.414279 [debug]: Finished analyzing [  0.00s] model dbt_jbondoc.stg_customers [success]
17:03:06.414282 [info ]:  Succeeded [  0.00s] model dbt_jbondoc.stg_customers (view)
17:03:06.414287 [debug]: Finished analyzing [  0.00s] model dbt_jbondoc.stg_orders [success]
17:03:06.414290 [info ]:  Succeeded [  0.00s] model dbt_jbondoc.stg_orders (view)
17:03:06.414343 [debug]: Finished analyzing [  0.00s] model dbt_jbondoc.stg_payments [success]
17:03:06.414355 [info ]:  Succeeded [  0.00s] model dbt_jbondoc.stg_payments (view)
17:03:06.414485 [debug]: Finished analyzing [  0.00s] model dbt_jbondoc.dim_customers [success]
17:03:06.414492 [info ]:  Succeeded [  0.00s] model dbt_jbondoc.dim_customers (table)
17:03:06.414526 [debug]: Finished analyzing [  0.00s] model dbt_jbondoc.fct_orders [success]
17:03:06.414533 [info ]:  Succeeded [  0.00s] model dbt_jbondoc.fct_orders (table)
17:03:06.414539 [debug]: Finished analyzing [  0.00s] model dbt_jbondoc.stg_page_views [success]
17:03:06.414542 [info ]:  Succeeded [  0.00s] model dbt_jbondoc.stg_page_views (incremental)
17:03:06.414573 [debug]: Finished analyzing [  0.00s] model dbt_jbondoc.int_orders__pivoted [success]
17:03:06.414578 [info ]:  Succeeded [  0.00s] model dbt_jbondoc.int_orders__pivoted (table)
17:03:07.490808 [debug]: Query executed on node model.jaffle_shop.all_dates:
select datediff(
        day,
        to_date('01/01/2020', 'mm/dd/yyyy'),
        to_date('01/01/2021', 'mm/dd/yyyy')
        )
/* {"app": "dbt", "connection_name": "", "dbt_version": "2.0.0", "profile_name": "default", "target_name": "dev"} */
17:03:07.492279 [debug]: Compiled SQL for node model.jaffle_shop.all_dates at target/.lsp/compiled/jaffle_shop/models/all_dates.sql
17:03:07.492368 [debug]: Finished rendering [  1.08s] model dbt_jbondoc.all_dates [success]
17:03:07.492382 [info ]: Finished rendering [  1.08s] (10 nodes, 0 skipped, 0 errors)
17:03:07.492399 [debug]: Started analyzing model dbt_jbondoc.all_dates
17:03:07.494557 [debug]: Finished analyzing [  0.00s] model dbt_jbondoc.all_dates [success]
17:03:07.494570 [info ]: Finished analyzing [  1.08s] (9 nodes, 0 skipped, 0 errors)
17:03:07.494574 [info ]:  Succeeded [  1.08s] model dbt_jbondoc.all_dates (table)
17:03:07.496322 [info ]: Started scheduling
17:03:07.496357 [info ]: Finished scheduling [  0.00s]
17:03:07.496571 [info ]: Cached model count updated: 8 models (accurate)
17:33:44.224409 [info ]: Started loading project
17:33:44.229683 [info ]: Loading ~/.dbt/profiles.yml
17:33:44.266394 [info ]: Started loading project
17:33:44.266585 [info ]: Loading ~/.dbt/profiles.yml
17:33:44.266597 [info ]: Finished loading project [  0.04s]
17:33:44.367139 [info ]: Loading packages.yml
17:33:44.369414 [debug]:    Started loading packages
17:33:44.377770 [debug]:     Loaded [  0.01s] packages
17:33:44.378122 [info ]: Finished loading project [  0.11s]
17:33:44.379629 [info ]: Started parsing
17:33:44.440112 [debug]: Finished parsing models/exposures/jaffle_exposures.yml [  0.00s]
17:33:44.441218 [debug]: Finished parsing models/marts/core/fct_orders.yml [  0.00s]
17:33:44.441728 [debug]: Finished parsing models/staging/jaffle_shop/src_jaffle_shop.yml [  0.00s]
17:33:44.442041 [debug]: Finished parsing models/staging/jaffle_shop/stg_jaffle_shop.yml [  0.00s]
17:33:44.442238 [debug]: Finished parsing models/staging/snowplow/src_snowplow.yml [  0.00s]
17:33:44.442424 [debug]: Finished parsing models/staging/stripe/src_stripe.yml [  0.00s]
17:33:44.452435 [debug]: Finished parsing snapshots/mock_orders.sql [  0.00s]
17:33:44.456689 [debug]: Finished parsing models/all_dates.sql [  0.00s]
17:33:44.457227 [debug]: Finished parsing models/marts/core/dim_customers.sql [  0.00s]
17:33:44.457701 [debug]: Finished parsing models/marts/core/fct_orders.sql [  0.00s]
17:33:44.458252 [debug]: Finished parsing models/marts/core/int_orders__pivoted.sql [  0.00s]
17:33:44.458804 [debug]: Finished parsing models/staging/jaffle_shop/stg_customers.sql [  0.00s]
17:33:44.459032 [debug]: Finished parsing models/staging/jaffle_shop/stg_orders.sql [  0.00s]
17:33:44.459454 [debug]: Finished parsing models/staging/snowplow/stg_page_views.sql [  0.00s]
17:33:44.459750 [debug]: Finished parsing models/staging/stripe/stg_payments.sql [  0.00s]
17:33:44.468236 [debug]: Finished parsing analysis/total_revenue.sql [  0.00s]
17:33:44.468719 [debug]: Finished parsing tests/assert_amount_average_is_greater_than_one.sql [  0.00s]
17:33:44.468962 [debug]: Finished parsing tests/assert_positive_value_for_total_amount.sql [  0.00s]
17:33:44.515839 [warn ]: [NodeNotFoundOrDisabled (dbt1087)]: Ref 'orders' not found in project. Searched for 'jaffle_shop.orders, orders'
  --> tests/assert_amount_average_is_greater_than_one.sql:4:6
17:33:44.519173 [info ]: Cached model count updated: 8 models (estimate)
17:33:44.519183 [info ]: Cached model count updated: 8 models (accurate)
17:33:44.520115 [info ]: Started scheduling
17:33:44.521579 [info ]: Finished scheduling [  0.00s]
17:33:44.521724 [debug]: Compilation - 0 nodes selected: {}
17:33:44.521904 [warn ]: [NoNodesForSelectionCriteria (dbt1092)]: The selection criterion '' does not match any enabled nodes
17:33:44.521913 [warn ]: [NoNodesSelected (dbt1601)]: Nothing to do. Try checking your model configs and model specification args
17:33:44.521929 [info ]: Started scheduling
17:33:44.522418 [info ]: Finished scheduling [  0.00s]
17:33:44.524047 [debug]: Initializing schema store with entry: Selected("snapshot.jaffle_shop.mock_orders") and interval: None
17:33:44.524251 [debug]: Initializing schema store with entry: Frontier(CanonicalFqn { catalog: "RAW", schema: "STRIPE", table: "PAYMENT" }) and interval: None
17:33:44.524258 [debug]: Initializing schema store with entry: Frontier(CanonicalFqn { catalog: "RAW", schema: "JAFFLE_SHOP", table: "CUSTOMERS" }) and interval: None
17:33:44.524261 [debug]: Initializing schema store with entry: Frontier(CanonicalFqn { catalog: "RAW", schema: "JAFFLE_SHOP", table: "ORDERS" }) and interval: None
17:33:44.524264 [debug]: Initializing schema store with entry: Frontier(CanonicalFqn { catalog: "RAW", schema: "SNOWPLOW", table: "EVENTS" }) and interval: None
17:33:44.552496 [info ]: Started building task graph
17:33:44.552884 [info ]: Finished building task graph [  0.00s]
17:33:44.606510 [info ]: Started scheduling
17:33:44.606545 [info ]: Finished scheduling [  0.00s]
17:33:44.608535 [info ]: Cached model count updated: 8 models (accurate)
17:33:44.608562 [info ]: Finished parsing [  0.23s]
17:33:45.785335 [info ]: Started loading project
17:33:45.785632 [info ]: Loading ~/.dbt/profiles.yml
17:33:45.804787 [info ]: Cached model count updated: 8 models (estimate)
17:33:45.804801 [info ]: Cached model count updated: 8 models (accurate)
17:33:45.804829 [info ]: Started scheduling
17:33:45.804912 [info ]: Finished scheduling [  0.00s]
17:33:45.804923 [debug]: Compilation - 13 nodes selected: {"analysis.jaffle_shop.total_revenue", "exposure.jaffle_shop.customers_data", "exposure.jaffle_shop.jaffle_shop_weekly_metrics", "exposure.jaffle_shop.orders_data", "model.jaffle_shop.all_dates", "model.jaffle_shop.dim_customers", "model.jaffle_shop.fct_orders", "model.jaffle_shop.int_orders__pivoted", "model.jaffle_shop.stg_customers", "model.jaffle_shop.stg_orders", "model.jaffle_shop.stg_page_views", "model.jaffle_shop.stg_payments", "snapshot.jaffle_shop.mock_orders"}
17:33:45.805879 [debug]:    Started downloading relations (1 items)
17:33:45.807256 [info ]: Finished loading project [  0.02s]
17:33:46.535375 [debug]: Query executed on node unknown:
SHOW OBJECTS IN SCHEMA "ANALYTICS"."DBT_JBONDOC" LIMIT 10000
17:33:46.536098 [debug]:   Finished [  0.73s] downloading relations (1 items)
17:33:46.567215 [info ]: Started building task graph
17:33:46.568324 [info ]: Finished building task graph [  0.00s]
17:33:46.596434 [info ]: Started rendering (10 nodes)
17:33:46.596608 [info ]: Started snapshot dbt_jbondoc_snapshot.mock_orders
17:33:46.596624 [debug]: Started rendering snapshot dbt_jbondoc_snapshot.mock_orders
17:33:46.596650 [info ]: Started model dbt_jbondoc.stg_page_views
17:33:46.596654 [debug]: Started rendering model dbt_jbondoc.stg_page_views
17:33:46.596666 [info ]: Started model dbt_jbondoc.int_orders__pivoted
17:33:46.596668 [debug]: Started rendering model dbt_jbondoc.int_orders__pivoted
17:33:46.596672 [info ]: Started model dbt_jbondoc.all_dates
17:33:46.596675 [debug]: Started rendering model dbt_jbondoc.all_dates
17:33:46.596680 [info ]: Started model dbt_jbondoc.dim_customers
17:33:46.596683 [debug]: Started rendering model dbt_jbondoc.dim_customers
17:33:46.596688 [info ]: Started model dbt_jbondoc.stg_customers
17:33:46.596691 [debug]: Started rendering model dbt_jbondoc.stg_customers
17:33:46.596695 [info ]: Started model dbt_jbondoc.fct_orders
17:33:46.596697 [debug]: Started rendering model dbt_jbondoc.fct_orders
17:33:46.596700 [info ]: Started model dbt_jbondoc.stg_orders
17:33:46.596703 [debug]: Started rendering model dbt_jbondoc.stg_orders
17:33:46.596713 [info ]: Started analysis dbt_jbondoc.total_revenue
17:33:46.596716 [debug]: Started rendering analysis dbt_jbondoc.total_revenue
17:33:46.596720 [info ]: Started model dbt_jbondoc.stg_payments
17:33:46.596722 [debug]: Started rendering model dbt_jbondoc.stg_payments
17:33:46.600322 [debug]: Compiled SQL for node model.jaffle_shop.stg_payments at target/.lsp/compiled/jaffle_shop/models/staging/stripe/stg_payments.sql
17:33:46.600320 [debug]: Compiled SQL for node analysis.jaffle_shop.total_revenue at target/.lsp/compiled/jaffle_shop/analysis/total_revenue.sql
17:33:46.600317 [debug]: Compiled SQL for node model.jaffle_shop.dim_customers at target/.lsp/compiled/jaffle_shop/models/marts/core/dim_customers.sql
17:33:46.600327 [debug]: Compiled SQL for node model.jaffle_shop.int_orders__pivoted at target/.lsp/compiled/jaffle_shop/models/marts/core/int_orders__pivoted.sql
17:33:46.600320 [debug]: Compiled SQL for node model.jaffle_shop.fct_orders at target/.lsp/compiled/jaffle_shop/models/marts/core/fct_orders.sql
17:33:46.600328 [debug]: Compiled SQL for node model.jaffle_shop.stg_customers at target/.lsp/compiled/jaffle_shop/models/staging/jaffle_shop/stg_customers.sql
17:33:46.600360 [debug]: Compiled SQL for node model.jaffle_shop.stg_orders at target/.lsp/compiled/jaffle_shop/models/staging/jaffle_shop/stg_orders.sql
17:33:46.600380 [debug]: Compiled SQL for node snapshot.jaffle_shop.mock_orders at target/.lsp/compiled/jaffle_shop/snapshots/mock_orders.sql/mock_orders.sql
17:33:46.600712 [debug]: Finished rendering [  0.00s] model dbt_jbondoc.int_orders__pivoted [success]
17:33:46.601478 [info ]: Started analyzing (9 nodes)
17:33:46.601497 [debug]: Started analyzing model dbt_jbondoc.int_orders__pivoted
17:33:46.601517 [debug]: Finished rendering [  0.00s] model dbt_jbondoc.stg_payments [success]
17:33:46.601523 [debug]: Started analyzing model dbt_jbondoc.stg_payments
17:33:46.601534 [debug]: Finished rendering [  0.00s] model dbt_jbondoc.fct_orders [success]
17:33:46.601538 [debug]: Started analyzing model dbt_jbondoc.fct_orders
17:33:46.601543 [debug]: Finished rendering [  0.00s] snapshot dbt_jbondoc_snapshot.mock_orders [success]
17:33:46.601831 [debug]: Started analyzing snapshot dbt_jbondoc_snapshot.mock_orders
17:33:46.601845 [debug]: Finished rendering [  0.01s] model dbt_jbondoc.stg_orders [success]
17:33:46.601851 [debug]: Started analyzing model dbt_jbondoc.stg_orders
17:33:46.601855 [debug]: Finished rendering [  0.01s] model dbt_jbondoc.stg_customers [success]
17:33:46.601858 [debug]: Started analyzing model dbt_jbondoc.stg_customers
17:33:46.601862 [debug]: Finished rendering [  0.01s] model dbt_jbondoc.dim_customers [success]
17:33:46.601865 [debug]: Started analyzing model dbt_jbondoc.dim_customers
17:33:46.601870 [debug]: Finished rendering [  0.01s] analysis dbt_jbondoc.total_revenue [success]
17:33:46.601874 [info ]:  Succeeded [  0.01s] analysis dbt_jbondoc.total_revenue (analysis)
17:33:46.606817 [debug]: Compiled SQL for node model.jaffle_shop.stg_page_views at target/.lsp/compiled/jaffle_shop/models/staging/snowplow/stg_page_views.sql
17:33:46.607018 [debug]: Finished rendering [  0.01s] model dbt_jbondoc.stg_page_views [success]
17:33:46.607045 [debug]: Started analyzing model dbt_jbondoc.stg_page_views
17:33:46.610205 [debug]: Finished analyzing [  0.01s] model dbt_jbondoc.stg_customers [success]
17:33:46.610215 [info ]:  Succeeded [  0.01s] model dbt_jbondoc.stg_customers (view)
17:33:46.610225 [debug]: Finished analyzing [  0.01s] snapshot dbt_jbondoc_snapshot.mock_orders [success]
17:33:46.610240 [info ]:  Succeeded [  0.01s] snapshot dbt_jbondoc_snapshot.mock_orders (snapshot)
17:33:46.610249 [debug]: Finished analyzing [  0.01s] model dbt_jbondoc.stg_payments [success]
17:33:46.610253 [info ]:  Succeeded [  0.01s] model dbt_jbondoc.stg_payments (view)
17:33:46.610257 [debug]: Finished analyzing [  0.01s] model dbt_jbondoc.stg_orders [success]
17:33:46.610259 [info ]:  Succeeded [  0.01s] model dbt_jbondoc.stg_orders (view)
17:33:46.610365 [debug]: Finished analyzing [  0.01s] model dbt_jbondoc.fct_orders [success]
17:33:46.610369 [info ]:  Succeeded [  0.01s] model dbt_jbondoc.fct_orders (table)
17:33:46.610373 [debug]: Finished analyzing [  0.01s] model dbt_jbondoc.dim_customers [success]
17:33:46.610376 [info ]:  Succeeded [  0.01s] model dbt_jbondoc.dim_customers (table)
17:33:46.610380 [debug]: Finished analyzing [  0.01s] model dbt_jbondoc.int_orders__pivoted [success]
17:33:46.610383 [info ]:  Succeeded [  0.01s] model dbt_jbondoc.int_orders__pivoted (table)
17:33:46.610386 [debug]: Finished analyzing [  0.00s] model dbt_jbondoc.stg_page_views [success]
17:33:46.610390 [info ]:  Succeeded [  0.01s] model dbt_jbondoc.stg_page_views (incremental)
17:33:48.913218 [debug]: Query executed on node model.jaffle_shop.all_dates:
select datediff(
        day,
        to_date('01/01/2020', 'mm/dd/yyyy'),
        to_date('01/01/2021', 'mm/dd/yyyy')
        )
/* {"app": "dbt", "connection_name": "", "dbt_version": "2.0.0", "profile_name": "default", "target_name": "dev"} */
17:33:48.916144 [debug]: Compiled SQL for node model.jaffle_shop.all_dates at target/.lsp/compiled/jaffle_shop/models/all_dates.sql
17:33:48.916278 [debug]: Finished rendering [  2.32s] model dbt_jbondoc.all_dates [success]
17:33:48.916299 [info ]: Finished rendering [  2.32s] (10 nodes, 0 skipped, 0 errors)
17:33:48.916325 [debug]: Started analyzing model dbt_jbondoc.all_dates
17:33:48.919152 [debug]: Finished analyzing [  0.00s] model dbt_jbondoc.all_dates [success]
17:33:48.919165 [info ]: Finished analyzing [  2.32s] (9 nodes, 0 skipped, 0 errors)
17:33:48.919172 [info ]:  Succeeded [  2.32s] model dbt_jbondoc.all_dates (table)
17:33:48.923416 [info ]: Started scheduling
17:33:48.923487 [info ]: Finished scheduling [  0.00s]
17:33:48.924695 [info ]: Cached model count updated: 8 models (accurate)
17:34:58.891210 [info ]: Started loading project
17:34:58.891598 [info ]: Loading ~/.dbt/profiles.yml
17:34:58.904280 [info ]: Started parsing
17:34:58.921796 [info ]: Finished loading project [  0.03s]
17:34:58.924174 [error]: [SerializationError (dbt1013)]: YAML error: mapping values are not allowed in this context at line 29 column 21
  --> models/marts/core/fct_orders.yml:29:21
17:34:58.924621 [debug]: Finished parsing models/marts/core/fct_orders.yml [  0.00s]
17:34:58.924969 [debug]: Finished parsing snapshots/mock_orders.sql [  0.00s]
17:34:58.925826 [debug]: Finished parsing models/marts/core/fct_orders.sql [  0.00s]
17:34:58.972605 [info ]: Finished parsing [  0.07s]
17:34:58.974379 [info ]: Cached model count updated: 8 models (estimate)
17:34:58.974388 [info ]: Cached model count updated: 8 models (accurate)
17:34:58.974420 [info ]: Started scheduling
17:34:58.975077 [info ]: Finished scheduling [  0.00s]
17:34:58.975086 [debug]: Compilation - 3 nodes selected: {"model.jaffle_shop.fct_orders", "model.jaffle_shop.stg_orders", "model.jaffle_shop.stg_payments"}
17:34:59.001466 [info ]: Started building task graph
17:34:59.001525 [info ]: Finished building task graph [  0.00s]
17:34:59.037488 [info ]: Started rendering (3 nodes)
17:34:59.037505 [info ]: Started model dbt_jbondoc.fct_orders
17:34:59.037515 [debug]: Started rendering model dbt_jbondoc.fct_orders
17:34:59.037526 [info ]: Started model dbt_jbondoc.stg_payments
17:34:59.037530 [debug]: Started rendering model dbt_jbondoc.stg_payments
17:34:59.037541 [info ]: Started model dbt_jbondoc.stg_orders
17:34:59.037546 [debug]: Started rendering model dbt_jbondoc.stg_orders
17:34:59.038033 [debug]: Compiled SQL for node model.jaffle_shop.fct_orders at target/.lsp/compiled/jaffle_shop/models/marts/core/fct_orders.sql
17:34:59.038082 [debug]: Finished rendering [  0.00s] model dbt_jbondoc.fct_orders [success]
17:34:59.038115 [info ]: Started analyzing (3 nodes)
17:34:59.038121 [debug]: Started analyzing model dbt_jbondoc.fct_orders
17:34:59.038166 [debug]: Compiled SQL for node model.jaffle_shop.stg_orders at target/.lsp/compiled/jaffle_shop/models/staging/jaffle_shop/stg_orders.sql
17:34:59.038167 [debug]: Compiled SQL for node model.jaffle_shop.stg_payments at target/.lsp/compiled/jaffle_shop/models/staging/stripe/stg_payments.sql
17:34:59.038182 [debug]: Finished rendering [  0.00s] model dbt_jbondoc.stg_orders [success]
17:34:59.038191 [debug]: Started analyzing model dbt_jbondoc.stg_orders
17:34:59.038201 [debug]: Finished rendering [  0.00s] model dbt_jbondoc.stg_payments [success]
17:34:59.038205 [info ]: Finished rendering [  0.00s] (3 nodes, 0 skipped, 0 errors)
17:34:59.038208 [debug]: Started analyzing model dbt_jbondoc.stg_payments
17:34:59.038642 [debug]: Finished analyzing [  0.00s] model dbt_jbondoc.stg_orders [success]
17:34:59.038650 [info ]:  Succeeded [-------] model dbt_jbondoc.stg_orders (view)
17:34:59.038660 [debug]: Finished analyzing [  0.00s] model dbt_jbondoc.stg_payments [success]
17:34:59.038664 [info ]:  Succeeded [-------] model dbt_jbondoc.stg_payments (view)
17:34:59.038862 [debug]: Finished analyzing [  0.00s] model dbt_jbondoc.fct_orders [success]
17:34:59.038867 [info ]: Finished analyzing [  0.00s] (3 nodes, 0 skipped, 0 errors)
17:34:59.038870 [info ]:  Succeeded [-------] model dbt_jbondoc.fct_orders (table)
17:34:59.040811 [info ]: Started scheduling
17:34:59.040839 [info ]: Finished scheduling [  0.00s]
17:34:59.041278 [info ]: Cached model count updated: 8 models (accurate)
17:35:00.222271 [info ]: Started loading project
17:35:00.222731 [info ]: Loading ~/.dbt/profiles.yml
17:35:00.238895 [info ]: Cached model count updated: 8 models (estimate)
17:35:00.238910 [info ]: Cached model count updated: 8 models (accurate)
17:35:00.238932 [info ]: Started scheduling
17:35:00.238999 [info ]: Finished scheduling [  0.00s]
17:35:00.239009 [debug]: Compilation - 12 nodes selected: {"analysis.jaffle_shop.total_revenue", "exposure.jaffle_shop.customers_data", "exposure.jaffle_shop.orders_data", "model.jaffle_shop.all_dates", "model.jaffle_shop.dim_customers", "model.jaffle_shop.fct_orders", "model.jaffle_shop.int_orders__pivoted", "model.jaffle_shop.stg_customers", "model.jaffle_shop.stg_orders", "model.jaffle_shop.stg_page_views", "model.jaffle_shop.stg_payments", "snapshot.jaffle_shop.mock_orders"}
17:35:00.239445 [debug]:    Started downloading relations (1 items)
17:35:00.239493 [info ]: Finished loading project [  0.02s]
17:35:00.580161 [debug]: Query executed on node unknown:
SHOW OBJECTS IN SCHEMA "ANALYTICS"."DBT_JBONDOC" LIMIT 10000
17:35:00.580336 [debug]:   Finished [  0.34s] downloading relations (1 items)
17:35:00.612752 [info ]: Started building task graph
17:35:00.612827 [info ]: Finished building task graph [  0.00s]
17:35:00.637674 [info ]: Started rendering (10 nodes)
17:35:00.637691 [info ]: Started snapshot dbt_jbondoc_snapshot.mock_orders
17:35:00.637698 [debug]: Started rendering snapshot dbt_jbondoc_snapshot.mock_orders
17:35:00.637712 [info ]: Started model dbt_jbondoc.stg_page_views
17:35:00.637715 [debug]: Started rendering model dbt_jbondoc.stg_page_views
17:35:00.637720 [info ]: Started model dbt_jbondoc.int_orders__pivoted
17:35:00.637724 [debug]: Started rendering model dbt_jbondoc.int_orders__pivoted
17:35:00.637729 [info ]: Started model dbt_jbondoc.all_dates
17:35:00.637732 [debug]: Started rendering model dbt_jbondoc.all_dates
17:35:00.637737 [info ]: Started model dbt_jbondoc.dim_customers
17:35:00.637740 [debug]: Started rendering model dbt_jbondoc.dim_customers
17:35:00.637743 [info ]: Started model dbt_jbondoc.stg_customers
17:35:00.637745 [debug]: Started rendering model dbt_jbondoc.stg_customers
17:35:00.637749 [info ]: Started model dbt_jbondoc.fct_orders
17:35:00.637752 [debug]: Started rendering model dbt_jbondoc.fct_orders
17:35:00.637755 [info ]: Started model dbt_jbondoc.stg_orders
17:35:00.637757 [debug]: Started rendering model dbt_jbondoc.stg_orders
17:35:00.637762 [info ]: Started analysis dbt_jbondoc.total_revenue
17:35:00.637764 [debug]: Started rendering analysis dbt_jbondoc.total_revenue
17:35:00.637768 [info ]: Started model dbt_jbondoc.stg_payments
17:35:00.637771 [debug]: Started rendering model dbt_jbondoc.stg_payments
17:35:00.638062 [debug]: Compiled SQL for node model.jaffle_shop.fct_orders at target/.lsp/compiled/jaffle_shop/models/marts/core/fct_orders.sql
17:35:00.638135 [debug]: Finished rendering [  0.00s] model dbt_jbondoc.fct_orders [success]
17:35:00.638157 [info ]: Started analyzing (9 nodes)
17:35:00.638162 [debug]: Started analyzing model dbt_jbondoc.fct_orders
17:35:00.638276 [debug]: Compiled SQL for node model.jaffle_shop.stg_orders at target/.lsp/compiled/jaffle_shop/models/staging/jaffle_shop/stg_orders.sql
17:35:00.638312 [debug]: Compiled SQL for node model.jaffle_shop.stg_payments at target/.lsp/compiled/jaffle_shop/models/staging/stripe/stg_payments.sql
17:35:00.638315 [debug]: Finished rendering [  0.00s] model dbt_jbondoc.stg_orders [success]
17:35:00.638335 [debug]: Started analyzing model dbt_jbondoc.stg_orders
17:35:00.638393 [debug]: Compiled SQL for node analysis.jaffle_shop.total_revenue at target/.lsp/compiled/jaffle_shop/analysis/total_revenue.sql
17:35:00.638408 [debug]: Finished rendering [  0.00s] model dbt_jbondoc.stg_payments [success]
17:35:00.638416 [debug]: Started analyzing model dbt_jbondoc.stg_payments
17:35:00.638305 [debug]: Compiled SQL for node model.jaffle_shop.int_orders__pivoted at target/.lsp/compiled/jaffle_shop/models/marts/core/int_orders__pivoted.sql
17:35:00.638440 [debug]: Compiled SQL for node snapshot.jaffle_shop.mock_orders at target/.lsp/compiled/jaffle_shop/snapshots/mock_orders.sql/mock_orders.sql
17:35:00.638450 [debug]: Compiled SQL for node model.jaffle_shop.stg_customers at target/.lsp/compiled/jaffle_shop/models/staging/jaffle_shop/stg_customers.sql
17:35:00.638467 [debug]: Finished rendering [  0.00s] analysis dbt_jbondoc.total_revenue [success]
17:35:00.638492 [info ]:  Succeeded [-------] analysis dbt_jbondoc.total_revenue (analysis)
17:35:00.638505 [debug]: Finished analyzing [  0.00s] model dbt_jbondoc.stg_orders [success]
17:35:00.638509 [info ]:  Succeeded [-------] model dbt_jbondoc.stg_orders (view)
17:35:00.638516 [debug]: Finished rendering [  0.00s] model dbt_jbondoc.int_orders__pivoted [success]
17:35:00.638522 [debug]: Started analyzing model dbt_jbondoc.int_orders__pivoted
17:35:00.638532 [debug]: Finished rendering [  0.00s] model dbt_jbondoc.stg_customers [success]
17:35:00.638540 [debug]: Started analyzing model dbt_jbondoc.stg_customers
17:35:00.638546 [debug]: Finished rendering [  0.00s] snapshot dbt_jbondoc_snapshot.mock_orders [success]
17:35:00.638554 [debug]: Started analyzing snapshot dbt_jbondoc_snapshot.mock_orders
17:35:00.638558 [debug]: Finished analyzing [  0.00s] model dbt_jbondoc.stg_payments [success]
17:35:00.638562 [info ]:  Succeeded [-------] model dbt_jbondoc.stg_payments (view)
17:35:00.638570 [debug]: Compiled SQL for node model.jaffle_shop.dim_customers at target/.lsp/compiled/jaffle_shop/models/marts/core/dim_customers.sql
17:35:00.638590 [debug]: Finished rendering [  0.00s] model dbt_jbondoc.dim_customers [success]
17:35:00.638587 [debug]: Compiled SQL for node model.jaffle_shop.stg_page_views at target/.lsp/compiled/jaffle_shop/models/staging/snowplow/stg_page_views.sql
17:35:00.638597 [debug]: Started analyzing model dbt_jbondoc.dim_customers
17:35:00.638603 [debug]: Compiled SQL for node model.jaffle_shop.all_dates at target/.lsp/compiled/jaffle_shop/models/all_dates.sql
17:35:00.638657 [debug]: Finished rendering [  0.00s] model dbt_jbondoc.stg_page_views [success]
17:35:00.638668 [debug]: Started analyzing model dbt_jbondoc.stg_page_views
17:35:00.638679 [debug]: Finished analyzing [  0.00s] model dbt_jbondoc.stg_customers [success]
17:35:00.638683 [info ]:  Succeeded [-------] model dbt_jbondoc.stg_customers (view)
17:35:00.638690 [debug]: Finished rendering [  0.00s] model dbt_jbondoc.all_dates [success]
17:35:00.638693 [info ]: Finished rendering [  0.00s] (10 nodes, 0 skipped, 0 errors)
17:35:00.638696 [debug]: Started analyzing model dbt_jbondoc.all_dates
17:35:00.638710 [debug]: Finished analyzing [  0.00s] snapshot dbt_jbondoc_snapshot.mock_orders [success]
17:35:00.638714 [info ]:  Succeeded [-------] snapshot dbt_jbondoc_snapshot.mock_orders (snapshot)
17:35:00.638719 [debug]: Finished analyzing [  0.00s] model dbt_jbondoc.fct_orders [success]
17:35:00.638722 [info ]:  Succeeded [-------] model dbt_jbondoc.fct_orders (table)
17:35:00.638844 [debug]: Finished analyzing [  0.00s] model dbt_jbondoc.dim_customers [success]
17:35:00.638852 [info ]:  Succeeded [-------] model dbt_jbondoc.dim_customers (table)
17:35:00.638904 [debug]: Finished analyzing [  0.00s] model dbt_jbondoc.int_orders__pivoted [success]
17:35:00.638911 [info ]:  Succeeded [-------] model dbt_jbondoc.int_orders__pivoted (table)
17:35:00.638967 [debug]: Finished analyzing [  0.00s] model dbt_jbondoc.stg_page_views [success]
17:35:00.638972 [info ]:  Succeeded [-------] model dbt_jbondoc.stg_page_views (incremental)
17:35:00.640169 [debug]: Finished analyzing [  0.00s] model dbt_jbondoc.all_dates [success]
17:35:00.640175 [info ]: Finished analyzing [  0.00s] (9 nodes, 0 skipped, 0 errors)
17:35:00.640179 [info ]:  Succeeded [  0.00s] model dbt_jbondoc.all_dates (table)
17:35:00.641802 [info ]: Started scheduling
17:35:00.641835 [info ]: Finished scheduling [  0.00s]
17:35:00.642057 [info ]: Cached model count updated: 8 models (accurate)
17:35:23.594545 [info ]: Started loading project
17:35:23.594905 [info ]: Loading ~/.dbt/profiles.yml
17:35:23.603171 [info ]: Started parsing
17:35:23.627980 [info ]: Finished loading project [  0.03s]
17:35:23.630083 [error]: [SerializationError (dbt1013)]: YAML error: mapping values are not allowed in this context at line 29 column 23
  --> models/marts/core/fct_orders.yml:29:23
17:35:23.630416 [debug]: Finished parsing models/marts/core/fct_orders.yml [  0.00s]
17:35:23.630711 [debug]: Finished parsing snapshots/mock_orders.sql [  0.00s]
17:35:23.677225 [info ]: Finished parsing [  0.07s]
17:35:23.678841 [info ]: Cached model count updated: 8 models (estimate)
17:35:23.678851 [info ]: Cached model count updated: 8 models (accurate)
17:35:23.678873 [info ]: Started scheduling
17:35:23.678902 [info ]: Finished scheduling [  0.00s]
17:35:23.678908 [debug]: Compilation - 0 nodes selected: {}
17:35:23.678930 [warn ]: [NoNodesForSelectionCriteria (dbt1092)]: The selection criterion '' does not match any enabled nodes
17:35:23.678937 [warn ]: [NoNodesSelected (dbt1601)]: Nothing to do. Try checking your model configs and model specification args
17:35:23.704640 [info ]: Started building task graph
17:35:23.704655 [info ]: Finished building task graph [  0.00s]
17:35:23.733013 [info ]: Started scheduling
17:35:23.733046 [info ]: Finished scheduling [  0.00s]
17:35:23.733494 [info ]: Cached model count updated: 8 models (accurate)
17:35:24.911731 [info ]: Started loading project
17:35:24.912057 [info ]: Loading ~/.dbt/profiles.yml
17:35:24.929455 [info ]: Cached model count updated: 8 models (estimate)
17:35:24.929468 [info ]: Cached model count updated: 8 models (accurate)
17:35:24.929493 [info ]: Started scheduling
17:35:24.929568 [info ]: Finished scheduling [  0.00s]
17:35:24.929578 [debug]: Compilation - 12 nodes selected: {"analysis.jaffle_shop.total_revenue", "exposure.jaffle_shop.customers_data", "exposure.jaffle_shop.orders_data", "model.jaffle_shop.all_dates", "model.jaffle_shop.dim_customers", "model.jaffle_shop.fct_orders", "model.jaffle_shop.int_orders__pivoted", "model.jaffle_shop.stg_customers", "model.jaffle_shop.stg_orders", "model.jaffle_shop.stg_page_views", "model.jaffle_shop.stg_payments", "snapshot.jaffle_shop.mock_orders"}
17:35:24.930120 [debug]:    Started downloading relations (1 items)
17:35:24.930156 [info ]: Finished loading project [  0.02s]
17:35:26.053760 [debug]: Query executed on node unknown:
SHOW OBJECTS IN SCHEMA "ANALYTICS"."DBT_JBONDOC" LIMIT 10000
17:35:26.053950 [debug]:   Finished [  1.12s] downloading relations (1 items)
17:35:26.085316 [info ]: Started building task graph
17:35:26.085391 [info ]: Finished building task graph [  0.00s]
17:35:26.112950 [info ]: Started rendering (10 nodes)
17:35:26.112985 [info ]: Started snapshot dbt_jbondoc_snapshot.mock_orders
17:35:26.112991 [debug]: Started rendering snapshot dbt_jbondoc_snapshot.mock_orders
17:35:26.113004 [info ]: Started model dbt_jbondoc.stg_page_views
17:35:26.113008 [debug]: Started rendering model dbt_jbondoc.stg_page_views
17:35:26.113013 [info ]: Started model dbt_jbondoc.int_orders__pivoted
17:35:26.113016 [debug]: Started rendering model dbt_jbondoc.int_orders__pivoted
17:35:26.113021 [info ]: Started model dbt_jbondoc.all_dates
17:35:26.113030 [debug]: Started rendering model dbt_jbondoc.all_dates
17:35:26.113041 [info ]: Started model dbt_jbondoc.dim_customers
17:35:26.113044 [debug]: Started rendering model dbt_jbondoc.dim_customers
17:35:26.113048 [info ]: Started model dbt_jbondoc.stg_customers
17:35:26.113052 [debug]: Started rendering model dbt_jbondoc.stg_customers
17:35:26.113056 [info ]: Started model dbt_jbondoc.fct_orders
17:35:26.113059 [debug]: Started rendering model dbt_jbondoc.fct_orders
17:35:26.113063 [info ]: Started model dbt_jbondoc.stg_orders
17:35:26.113073 [debug]: Started rendering model dbt_jbondoc.stg_orders
17:35:26.113079 [info ]: Started analysis dbt_jbondoc.total_revenue
17:35:26.113082 [debug]: Started rendering analysis dbt_jbondoc.total_revenue
17:35:26.113086 [info ]: Started model dbt_jbondoc.stg_payments
17:35:26.113089 [debug]: Started rendering model dbt_jbondoc.stg_payments
17:35:26.115631 [debug]: Compiled SQL for node model.jaffle_shop.int_orders__pivoted at target/.lsp/compiled/jaffle_shop/models/marts/core/int_orders__pivoted.sql
17:35:26.115628 [debug]: Compiled SQL for node snapshot.jaffle_shop.mock_orders at target/.lsp/compiled/jaffle_shop/snapshots/mock_orders.sql/mock_orders.sql
17:35:26.115669 [debug]: Finished rendering [  0.00s] snapshot dbt_jbondoc_snapshot.mock_orders [success]
17:35:26.115671 [debug]: Compiled SQL for node analysis.jaffle_shop.total_revenue at target/.lsp/compiled/jaffle_shop/analysis/total_revenue.sql
17:35:26.115671 [debug]: Compiled SQL for node model.jaffle_shop.all_dates at target/.lsp/compiled/jaffle_shop/models/all_dates.sql
17:35:26.115692 [info ]: Started analyzing (9 nodes)
17:35:26.115699 [debug]: Started analyzing snapshot dbt_jbondoc_snapshot.mock_orders
17:35:26.115711 [debug]: Finished rendering [  0.00s] model dbt_jbondoc.int_orders__pivoted [success]
17:35:26.115717 [debug]: Started analyzing model dbt_jbondoc.int_orders__pivoted
17:35:26.115713 [debug]: Compiled SQL for node model.jaffle_shop.stg_page_views at target/.lsp/compiled/jaffle_shop/models/staging/snowplow/stg_page_views.sql
17:35:26.115724 [debug]: Finished rendering [  0.00s] analysis dbt_jbondoc.total_revenue [success]
17:35:26.115727 [debug]: Compiled SQL for node model.jaffle_shop.stg_payments at target/.lsp/compiled/jaffle_shop/models/staging/stripe/stg_payments.sql
17:35:26.115746 [info ]:  Succeeded [  0.00s] analysis dbt_jbondoc.total_revenue (analysis)
17:35:26.115780 [debug]: Finished rendering [  0.00s] model dbt_jbondoc.all_dates [success]
17:35:26.115787 [debug]: Compiled SQL for node model.jaffle_shop.stg_customers at target/.lsp/compiled/jaffle_shop/models/staging/jaffle_shop/stg_customers.sql
17:35:26.115790 [debug]: Compiled SQL for node model.jaffle_shop.dim_customers at target/.lsp/compiled/jaffle_shop/models/marts/core/dim_customers.sql
17:35:26.115792 [debug]: Started analyzing model dbt_jbondoc.all_dates
17:35:26.115803 [debug]: Finished rendering [  0.00s] model dbt_jbondoc.stg_page_views [success]
17:35:26.115805 [debug]: Compiled SQL for node model.jaffle_shop.fct_orders at target/.lsp/compiled/jaffle_shop/models/marts/core/fct_orders.sql
17:35:26.115809 [debug]: Started analyzing model dbt_jbondoc.stg_page_views
17:35:26.115829 [debug]: Finished rendering [  0.00s] model dbt_jbondoc.stg_payments [success]
17:35:26.115833 [debug]: Started analyzing model dbt_jbondoc.stg_payments
17:35:26.115837 [debug]: Finished rendering [  0.00s] model dbt_jbondoc.stg_customers [success]
17:35:26.115840 [debug]: Started analyzing model dbt_jbondoc.stg_customers
17:35:26.115846 [debug]: Finished rendering [  0.00s] model dbt_jbondoc.dim_customers [success]
17:35:26.115800 [debug]: Compiled SQL for node model.jaffle_shop.stg_orders at target/.lsp/compiled/jaffle_shop/models/staging/jaffle_shop/stg_orders.sql
17:35:26.115850 [debug]: Started analyzing model dbt_jbondoc.dim_customers
17:35:26.115857 [debug]: Finished rendering [  0.00s] model dbt_jbondoc.fct_orders [success]
17:35:26.115861 [debug]: Started analyzing model dbt_jbondoc.fct_orders
17:35:26.115868 [debug]: Finished rendering [  0.00s] model dbt_jbondoc.stg_orders [success]
17:35:26.115871 [info ]: Finished rendering [  0.00s] (10 nodes, 0 skipped, 0 errors)
17:35:26.115875 [debug]: Started analyzing model dbt_jbondoc.stg_orders
17:35:26.116297 [debug]: Finished analyzing [  0.00s] model dbt_jbondoc.stg_orders [success]
17:35:26.116305 [info ]:  Succeeded [  0.00s] model dbt_jbondoc.stg_orders (view)
17:35:26.116313 [debug]: Finished analyzing [  0.00s] model dbt_jbondoc.stg_customers [success]
17:35:26.116316 [info ]:  Succeeded [  0.00s] model dbt_jbondoc.stg_customers (view)
17:35:26.116321 [debug]: Finished analyzing [  0.00s] snapshot dbt_jbondoc_snapshot.mock_orders [success]
17:35:26.116326 [info ]:  Succeeded [  0.00s] snapshot dbt_jbondoc_snapshot.mock_orders (snapshot)
17:35:26.116340 [debug]: Finished analyzing [  0.00s] model dbt_jbondoc.stg_payments [success]
17:35:26.116345 [info ]:  Succeeded [  0.00s] model dbt_jbondoc.stg_payments (view)
17:35:26.116491 [debug]: Finished analyzing [  0.00s] model dbt_jbondoc.dim_customers [success]
17:35:26.116499 [info ]:  Succeeded [  0.00s] model dbt_jbondoc.dim_customers (table)
17:35:26.116514 [debug]: Finished analyzing [  0.00s] model dbt_jbondoc.stg_page_views [success]
17:35:26.116521 [info ]:  Succeeded [  0.00s] model dbt_jbondoc.stg_page_views (incremental)
17:35:26.116591 [debug]: Finished analyzing [  0.00s] model dbt_jbondoc.int_orders__pivoted [success]
17:35:26.116596 [info ]:  Succeeded [  0.00s] model dbt_jbondoc.int_orders__pivoted (table)
17:35:26.117225 [debug]: Finished analyzing [  0.00s] model dbt_jbondoc.fct_orders [success]
17:35:26.117229 [info ]:  Succeeded [  0.00s] model dbt_jbondoc.fct_orders (table)
17:35:26.117763 [debug]: Finished analyzing [  0.00s] model dbt_jbondoc.all_dates [success]
17:35:26.117767 [info ]: Finished analyzing [  0.00s] (9 nodes, 0 skipped, 0 errors)
17:35:26.117770 [info ]:  Succeeded [  0.00s] model dbt_jbondoc.all_dates (table)
17:35:26.119344 [info ]: Started scheduling
17:35:26.119374 [info ]: Finished scheduling [  0.00s]
17:35:26.119576 [info ]: Cached model count updated: 8 models (accurate)
17:35:38.238502 [info ]: Started loading project
17:35:38.238813 [info ]: Loading ~/.dbt/profiles.yml
17:35:38.246840 [info ]: Started parsing
17:35:38.269999 [info ]: Finished loading project [  0.03s]
17:35:38.271931 [debug]: Finished parsing models/marts/core/fct_orders.yml [  0.00s]
17:35:38.273843 [debug]: Finished parsing snapshots/mock_orders.sql [  0.00s]
17:35:38.274700 [debug]: Finished parsing models/marts/core/fct_orders.sql [  0.00s]
17:35:38.322441 [info ]: Finished parsing [  0.08s]
17:35:38.323873 [info ]: Cached model count updated: 8 models (estimate)
17:35:38.323882 [info ]: Cached model count updated: 8 models (accurate)
17:35:38.323902 [info ]: Started scheduling
17:35:38.323926 [info ]: Finished scheduling [  0.00s]
17:35:38.323931 [debug]: Compilation - 0 nodes selected: {}
17:35:38.323942 [warn ]: [NoNodesForSelectionCriteria (dbt1092)]: The selection criterion '' does not match any enabled nodes
17:35:38.323950 [warn ]: [NoNodesSelected (dbt1601)]: Nothing to do. Try checking your model configs and model specification args
17:35:38.349909 [info ]: Started building task graph
17:35:38.349924 [info ]: Finished building task graph [  0.00s]
17:35:38.374906 [info ]: Started scheduling
17:35:38.374971 [info ]: Finished scheduling [  0.00s]
17:35:38.375986 [info ]: Cached model count updated: 8 models (accurate)
17:35:38.795474 [info ]: Started loading project
17:35:38.795970 [info ]: Loading ~/.dbt/profiles.yml
17:35:38.815226 [info ]: Cached model count updated: 8 models (estimate)
17:35:38.815240 [info ]: Cached model count updated: 8 models (accurate)
17:35:38.815264 [info ]: Started scheduling
17:35:38.815344 [info ]: Finished scheduling [  0.00s]
17:35:38.815352 [debug]: Compilation - 4 nodes selected: {"exposure.jaffle_shop.jaffle_shop_weekly_metrics", "model.jaffle_shop.fct_orders", "model.jaffle_shop.stg_orders", "model.jaffle_shop.stg_payments"}
17:35:38.839369 [info ]: Started building task graph
17:35:38.839401 [info ]: Finished building task graph [  0.00s]
17:35:38.865282 [info ]: Started rendering (3 nodes)
17:35:38.865298 [info ]: Started model dbt_jbondoc.fct_orders
17:35:38.865304 [debug]: Started rendering model dbt_jbondoc.fct_orders
17:35:38.865315 [info ]: Started model dbt_jbondoc.stg_payments
17:35:38.865319 [debug]: Started rendering model dbt_jbondoc.stg_payments
17:35:38.865324 [info ]: Started model dbt_jbondoc.stg_orders
17:35:38.865327 [debug]: Started rendering model dbt_jbondoc.stg_orders
17:35:38.865328 [info ]: Finished loading project [  0.07s]
17:35:38.865847 [debug]: Compiled SQL for node model.jaffle_shop.fct_orders at target/.lsp/compiled/jaffle_shop/models/marts/core/fct_orders.sql
17:35:38.865886 [debug]: Finished rendering [  0.00s] model dbt_jbondoc.fct_orders [success]
17:35:38.865897 [info ]: Started analyzing (3 nodes)
17:35:38.865900 [debug]: Started analyzing model dbt_jbondoc.fct_orders
17:35:38.866184 [debug]: Finished analyzing [  0.00s] model dbt_jbondoc.fct_orders [success]
17:35:38.866189 [info ]:  Succeeded [-------] model dbt_jbondoc.fct_orders (table)
17:35:38.867790 [debug]: Compiled SQL for node model.jaffle_shop.stg_payments at target/.lsp/compiled/jaffle_shop/models/staging/stripe/stg_payments.sql
17:35:38.867816 [debug]: Finished rendering [  0.00s] model dbt_jbondoc.stg_payments [success]
17:35:38.867826 [debug]: Started analyzing model dbt_jbondoc.stg_payments
17:35:38.867845 [debug]: Compiled SQL for node model.jaffle_shop.stg_orders at target/.lsp/compiled/jaffle_shop/models/staging/jaffle_shop/stg_orders.sql
17:35:38.867863 [debug]: Finished rendering [  0.00s] model dbt_jbondoc.stg_orders [success]
17:35:38.867869 [info ]: Finished rendering [  0.00s] (3 nodes, 0 skipped, 0 errors)
17:35:38.867874 [debug]: Started analyzing model dbt_jbondoc.stg_orders
17:35:38.867899 [debug]: Finished analyzing [  0.00s] model dbt_jbondoc.stg_payments [success]
17:35:38.867904 [info ]:  Succeeded [  0.00s] model dbt_jbondoc.stg_payments (view)
17:35:38.867930 [debug]: Finished analyzing [  0.00s] model dbt_jbondoc.stg_orders [success]
17:35:38.867933 [info ]: Finished analyzing [  0.00s] (3 nodes, 0 skipped, 0 errors)
17:35:38.867935 [info ]:  Succeeded [  0.00s] model dbt_jbondoc.stg_orders (view)
17:35:38.869283 [info ]: Started scheduling
17:35:38.869311 [info ]: Finished scheduling [  0.00s]
17:35:38.869387 [info ]: Cached model count updated: 8 models (accurate)
17:35:40.046908 [info ]: Started loading project
17:35:40.047181 [info ]: Loading ~/.dbt/profiles.yml
17:35:40.062563 [info ]: Cached model count updated: 8 models (estimate)
17:35:40.062578 [info ]: Cached model count updated: 8 models (accurate)
17:35:40.062605 [info ]: Started scheduling
17:35:40.062684 [info ]: Finished scheduling [  0.00s]
17:35:40.062694 [debug]: Compilation - 13 nodes selected: {"analysis.jaffle_shop.total_revenue", "exposure.jaffle_shop.customers_data", "exposure.jaffle_shop.jaffle_shop_weekly_metrics", "exposure.jaffle_shop.orders_data", "model.jaffle_shop.all_dates", "model.jaffle_shop.dim_customers", "model.jaffle_shop.fct_orders", "model.jaffle_shop.int_orders__pivoted", "model.jaffle_shop.stg_customers", "model.jaffle_shop.stg_orders", "model.jaffle_shop.stg_page_views", "model.jaffle_shop.stg_payments", "snapshot.jaffle_shop.mock_orders"}
17:35:40.063311 [debug]:    Started downloading relations (1 items)
17:35:40.063349 [info ]: Finished loading project [  0.02s]
17:35:40.317654 [debug]: Query executed on node unknown:
SHOW OBJECTS IN SCHEMA "ANALYTICS"."DBT_JBONDOC" LIMIT 10000
17:35:40.317882 [debug]:   Finished [  0.25s] downloading relations (1 items)
17:35:40.352837 [info ]: Started building task graph
17:35:40.352945 [info ]: Finished building task graph [  0.00s]
17:35:40.382661 [info ]: Started rendering (10 nodes)
17:35:40.382680 [info ]: Started snapshot dbt_jbondoc_snapshot.mock_orders
17:35:40.382687 [debug]: Started rendering snapshot dbt_jbondoc_snapshot.mock_orders
17:35:40.382701 [info ]: Started model dbt_jbondoc.stg_page_views
17:35:40.382705 [debug]: Started rendering model dbt_jbondoc.stg_page_views
17:35:40.382710 [info ]: Started model dbt_jbondoc.int_orders__pivoted
17:35:40.382714 [debug]: Started rendering model dbt_jbondoc.int_orders__pivoted
17:35:40.382719 [info ]: Started model dbt_jbondoc.all_dates
17:35:40.382722 [debug]: Started rendering model dbt_jbondoc.all_dates
17:35:40.382728 [info ]: Started model dbt_jbondoc.dim_customers
17:35:40.382732 [debug]: Started rendering model dbt_jbondoc.dim_customers
17:35:40.382737 [info ]: Started model dbt_jbondoc.stg_customers
17:35:40.382739 [debug]: Started rendering model dbt_jbondoc.stg_customers
17:35:40.382744 [info ]: Started model dbt_jbondoc.fct_orders
17:35:40.382748 [debug]: Started rendering model dbt_jbondoc.fct_orders
17:35:40.382752 [info ]: Started model dbt_jbondoc.stg_orders
17:35:40.382754 [debug]: Started rendering model dbt_jbondoc.stg_orders
17:35:40.382760 [info ]: Started analysis dbt_jbondoc.total_revenue
17:35:40.382772 [debug]: Started rendering analysis dbt_jbondoc.total_revenue
17:35:40.382778 [info ]: Started model dbt_jbondoc.stg_payments
17:35:40.382781 [debug]: Started rendering model dbt_jbondoc.stg_payments
17:35:40.383155 [debug]: Compiled SQL for node model.jaffle_shop.stg_payments at target/.lsp/compiled/jaffle_shop/models/staging/stripe/stg_payments.sql
17:35:40.383220 [debug]: Finished rendering [  0.00s] model dbt_jbondoc.stg_payments [success]
17:35:40.383251 [info ]: Started analyzing (9 nodes)
17:35:40.383248 [debug]: Compiled SQL for node model.jaffle_shop.stg_orders at target/.lsp/compiled/jaffle_shop/models/staging/jaffle_shop/stg_orders.sql
17:35:40.383262 [debug]: Started analyzing model dbt_jbondoc.stg_payments
17:35:40.383289 [debug]: Finished rendering [  0.00s] model dbt_jbondoc.stg_orders [success]
17:35:40.383289 [debug]: Compiled SQL for node snapshot.jaffle_shop.mock_orders at target/.lsp/compiled/jaffle_shop/snapshots/mock_orders.sql/mock_orders.sql
17:35:40.383303 [debug]: Started analyzing model dbt_jbondoc.stg_orders
17:35:40.383314 [debug]: Compiled SQL for node model.jaffle_shop.stg_page_views at target/.lsp/compiled/jaffle_shop/models/staging/snowplow/stg_page_views.sql
17:35:40.383325 [debug]: Compiled SQL for node model.jaffle_shop.fct_orders at target/.lsp/compiled/jaffle_shop/models/marts/core/fct_orders.sql
17:35:40.383346 [debug]: Finished rendering [  0.00s] snapshot dbt_jbondoc_snapshot.mock_orders [success]
17:35:40.383349 [debug]: Compiled SQL for node analysis.jaffle_shop.total_revenue at target/.lsp/compiled/jaffle_shop/analysis/total_revenue.sql
17:35:40.383370 [debug]: Compiled SQL for node model.jaffle_shop.int_orders__pivoted at target/.lsp/compiled/jaffle_shop/models/marts/core/int_orders__pivoted.sql
17:35:40.383378 [debug]: Started analyzing snapshot dbt_jbondoc_snapshot.mock_orders
17:35:40.383391 [debug]: Finished rendering [  0.00s] model dbt_jbondoc.fct_orders [success]
17:35:40.383391 [debug]: Compiled SQL for node model.jaffle_shop.all_dates at target/.lsp/compiled/jaffle_shop/models/all_dates.sql
17:35:40.383399 [debug]: Started analyzing model dbt_jbondoc.fct_orders
17:35:40.383409 [debug]: Finished rendering [  0.00s] model dbt_jbondoc.stg_page_views [success]
17:35:40.383409 [debug]: Compiled SQL for node model.jaffle_shop.dim_customers at target/.lsp/compiled/jaffle_shop/models/marts/core/dim_customers.sql
17:35:40.383430 [debug]: Started analyzing model dbt_jbondoc.stg_page_views
17:35:40.383444 [debug]: Finished rendering [  0.00s] analysis dbt_jbondoc.total_revenue [success]
17:35:40.383435 [debug]: Compiled SQL for node model.jaffle_shop.stg_customers at target/.lsp/compiled/jaffle_shop/models/staging/jaffle_shop/stg_customers.sql
17:35:40.383452 [info ]:  Succeeded [-------] analysis dbt_jbondoc.total_revenue (analysis)
17:35:40.383462 [debug]: Finished rendering [  0.00s] model dbt_jbondoc.int_orders__pivoted [success]
17:35:40.383466 [debug]: Started analyzing model dbt_jbondoc.int_orders__pivoted
17:35:40.383472 [debug]: Finished analyzing [  0.00s] model dbt_jbondoc.stg_payments [success]
17:35:40.383475 [info ]:  Succeeded [-------] model dbt_jbondoc.stg_payments (view)
17:35:40.383480 [debug]: Finished analyzing [  0.00s] model dbt_jbondoc.stg_orders [success]
17:35:40.383484 [info ]:  Succeeded [-------] model dbt_jbondoc.stg_orders (view)
17:35:40.383488 [debug]: Finished rendering [  0.00s] model dbt_jbondoc.all_dates [success]
17:35:40.383492 [debug]: Started analyzing model dbt_jbondoc.all_dates
17:35:40.383500 [debug]: Finished rendering [  0.00s] model dbt_jbondoc.dim_customers [success]
17:35:40.383503 [debug]: Started analyzing model dbt_jbondoc.dim_customers
17:35:40.383508 [debug]: Finished analyzing [  0.00s] snapshot dbt_jbondoc_snapshot.mock_orders [success]
17:35:40.383512 [info ]:  Succeeded [-------] snapshot dbt_jbondoc_snapshot.mock_orders (snapshot)
17:35:40.383517 [debug]: Finished rendering [  0.00s] model dbt_jbondoc.stg_customers [success]
17:35:40.383520 [info ]: Finished rendering [  0.00s] (10 nodes, 0 skipped, 0 errors)
17:35:40.383523 [debug]: Started analyzing model dbt_jbondoc.stg_customers
17:35:40.383615 [debug]: Finished analyzing [  0.00s] model dbt_jbondoc.stg_customers [success]
17:35:40.383626 [info ]:  Succeeded [-------] model dbt_jbondoc.stg_customers (view)
17:35:40.383737 [debug]: Finished analyzing [  0.00s] model dbt_jbondoc.dim_customers [success]
17:35:40.383745 [info ]:  Succeeded [-------] model dbt_jbondoc.dim_customers (table)
17:35:40.383753 [debug]: Finished analyzing [  0.00s] model dbt_jbondoc.stg_page_views [success]
17:35:40.383756 [info ]:  Succeeded [-------] model dbt_jbondoc.stg_page_views (incremental)
17:35:40.383809 [debug]: Finished analyzing [  0.00s] model dbt_jbondoc.fct_orders [success]
17:35:40.383815 [info ]:  Succeeded [-------] model dbt_jbondoc.fct_orders (table)
17:35:40.383854 [debug]: Finished analyzing [  0.00s] model dbt_jbondoc.int_orders__pivoted [success]
17:35:40.383862 [info ]:  Succeeded [-------] model dbt_jbondoc.int_orders__pivoted (table)
17:35:40.385008 [debug]: Finished analyzing [  0.00s] model dbt_jbondoc.all_dates [success]
17:35:40.385014 [info ]: Finished analyzing [  0.00s] (9 nodes, 0 skipped, 0 errors)
17:35:40.385018 [info ]:  Succeeded [  0.00s] model dbt_jbondoc.all_dates (table)
17:35:40.386612 [info ]: Started scheduling
17:35:40.386642 [info ]: Finished scheduling [  0.00s]
17:35:40.386819 [info ]: Cached model count updated: 8 models (accurate)
17:35:56.862437 [info ]: Started loading project
17:35:56.862824 [info ]: Loading ~/.dbt/profiles.yml
17:35:56.871134 [info ]: Started parsing
17:35:56.897685 [info ]: Finished loading project [  0.04s]
17:35:56.899668 [debug]: Finished parsing models/marts/core/fct_orders.yml [  0.00s]
17:35:56.900306 [debug]: Finished parsing snapshots/mock_orders.sql [  0.00s]
17:35:56.901260 [debug]: Finished parsing models/marts/core/fct_orders.sql [  0.00s]
17:35:56.950643 [info ]: Finished parsing [  0.08s]
17:35:56.952183 [info ]: Cached model count updated: 8 models (estimate)
17:35:56.952194 [info ]: Cached model count updated: 8 models (accurate)
17:35:56.952217 [info ]: Started scheduling
17:35:56.952282 [info ]: Finished scheduling [  0.00s]
17:35:56.952288 [debug]: Compilation - 4 nodes selected: {"exposure.jaffle_shop.jaffle_shop_weekly_metrics", "model.jaffle_shop.fct_orders", "model.jaffle_shop.stg_orders", "model.jaffle_shop.stg_payments"}
17:35:56.977767 [info ]: Started building task graph
17:35:56.977807 [info ]: Finished building task graph [  0.00s]
17:35:57.004036 [info ]: Started rendering (3 nodes)
17:35:57.004050 [info ]: Started model dbt_jbondoc.fct_orders
17:35:57.004056 [debug]: Started rendering model dbt_jbondoc.fct_orders
17:35:57.004068 [info ]: Started model dbt_jbondoc.stg_payments
17:35:57.004072 [debug]: Started rendering model dbt_jbondoc.stg_payments
17:35:57.004077 [info ]: Started model dbt_jbondoc.stg_orders
17:35:57.004089 [debug]: Started rendering model dbt_jbondoc.stg_orders
17:35:57.004504 [debug]: Compiled SQL for node model.jaffle_shop.stg_payments at target/.lsp/compiled/jaffle_shop/models/staging/stripe/stg_payments.sql
17:35:57.004532 [debug]: Finished rendering [  0.00s] model dbt_jbondoc.stg_payments [success]
17:35:57.004545 [info ]: Started analyzing (3 nodes)
17:35:57.004550 [debug]: Started analyzing model dbt_jbondoc.stg_payments
17:35:57.004557 [debug]: Compiled SQL for node model.jaffle_shop.stg_orders at target/.lsp/compiled/jaffle_shop/models/staging/jaffle_shop/stg_orders.sql
17:35:57.004584 [debug]: Started analyzing model dbt_jbondoc.stg_orders
17:35:57.004588 [debug]: Finished rendering [  0.00s] model dbt_jbondoc.stg_orders [success]
17:35:57.004595 [debug]: Compiled SQL for node model.jaffle_shop.fct_orders at target/.lsp/compiled/jaffle_shop/models/marts/core/fct_orders.sql
17:35:57.004621 [debug]: Finished rendering [  0.00s] model dbt_jbondoc.fct_orders [success]
17:35:57.004625 [info ]: Finished rendering [  0.00s] (3 nodes, 0 skipped, 0 errors)
17:35:57.004630 [debug]: Started analyzing model dbt_jbondoc.fct_orders
17:35:57.004875 [debug]: Finished analyzing [  0.00s] model dbt_jbondoc.stg_orders [success]
17:35:57.004880 [info ]:  Succeeded [-------] model dbt_jbondoc.stg_orders (view)
17:35:57.004887 [debug]: Finished analyzing [  0.00s] model dbt_jbondoc.stg_payments [success]
17:35:57.004889 [info ]:  Succeeded [-------] model dbt_jbondoc.stg_payments (view)
17:35:57.005070 [debug]: Finished analyzing [  0.00s] model dbt_jbondoc.fct_orders [success]
17:35:57.005075 [info ]: Finished analyzing [  0.00s] (3 nodes, 0 skipped, 0 errors)
17:35:57.005077 [info ]:  Succeeded [-------] model dbt_jbondoc.fct_orders (table)
17:35:57.006611 [info ]: Started scheduling
17:35:57.006662 [info ]: Finished scheduling [  0.00s]
17:35:57.007094 [info ]: Cached model count updated: 8 models (accurate)
17:35:58.187634 [info ]: Started loading project
17:35:58.187906 [info ]: Loading ~/.dbt/profiles.yml
17:35:58.203030 [info ]: Cached model count updated: 8 models (estimate)
17:35:58.203044 [info ]: Cached model count updated: 8 models (accurate)
17:35:58.203069 [info ]: Started scheduling
17:35:58.203146 [info ]: Finished scheduling [  0.00s]
17:35:58.203156 [debug]: Compilation - 13 nodes selected: {"analysis.jaffle_shop.total_revenue", "exposure.jaffle_shop.customers_data", "exposure.jaffle_shop.jaffle_shop_weekly_metrics", "exposure.jaffle_shop.orders_data", "model.jaffle_shop.all_dates", "model.jaffle_shop.dim_customers", "model.jaffle_shop.fct_orders", "model.jaffle_shop.int_orders__pivoted", "model.jaffle_shop.stg_customers", "model.jaffle_shop.stg_orders", "model.jaffle_shop.stg_page_views", "model.jaffle_shop.stg_payments", "snapshot.jaffle_shop.mock_orders"}
17:35:58.203652 [debug]:    Started downloading relations (1 items)
17:35:58.203680 [info ]: Finished loading project [  0.02s]
17:35:58.688510 [debug]: Query executed on node unknown:
SHOW OBJECTS IN SCHEMA "ANALYTICS"."DBT_JBONDOC" LIMIT 10000
17:35:58.688728 [debug]:   Finished [  0.49s] downloading relations (1 items)
17:35:58.715916 [info ]: Started building task graph
17:35:58.715988 [info ]: Finished building task graph [  0.00s]
17:35:58.742369 [info ]: Started rendering (10 nodes)
17:35:58.742385 [info ]: Started snapshot dbt_jbondoc_snapshot.mock_orders
17:35:58.742391 [debug]: Started rendering snapshot dbt_jbondoc_snapshot.mock_orders
17:35:58.742413 [info ]: Started model dbt_jbondoc.stg_page_views
17:35:58.742418 [debug]: Started rendering model dbt_jbondoc.stg_page_views
17:35:58.742423 [info ]: Started model dbt_jbondoc.int_orders__pivoted
17:35:58.742426 [debug]: Started rendering model dbt_jbondoc.int_orders__pivoted
17:35:58.742430 [info ]: Started model dbt_jbondoc.all_dates
17:35:58.742439 [debug]: Started rendering model dbt_jbondoc.all_dates
17:35:58.742446 [info ]: Started model dbt_jbondoc.dim_customers
17:35:58.742450 [debug]: Started rendering model dbt_jbondoc.dim_customers
17:35:58.742455 [info ]: Started model dbt_jbondoc.stg_customers
17:35:58.742457 [debug]: Started rendering model dbt_jbondoc.stg_customers
17:35:58.742461 [info ]: Started model dbt_jbondoc.fct_orders
17:35:58.742463 [debug]: Started rendering model dbt_jbondoc.fct_orders
17:35:58.742467 [info ]: Started model dbt_jbondoc.stg_orders
17:35:58.742469 [debug]: Started rendering model dbt_jbondoc.stg_orders
17:35:58.742473 [info ]: Started analysis dbt_jbondoc.total_revenue
17:35:58.742475 [debug]: Started rendering analysis dbt_jbondoc.total_revenue
17:35:58.742480 [info ]: Started model dbt_jbondoc.stg_payments
17:35:58.742483 [debug]: Started rendering model dbt_jbondoc.stg_payments
17:35:58.742711 [debug]: Compiled SQL for node model.jaffle_shop.fct_orders at target/.lsp/compiled/jaffle_shop/models/marts/core/fct_orders.sql
17:35:58.742747 [debug]: Finished rendering [  0.00s] model dbt_jbondoc.fct_orders [success]
17:35:58.742758 [info ]: Started analyzing (9 nodes)
17:35:58.742763 [debug]: Started analyzing model dbt_jbondoc.fct_orders
17:35:58.742911 [debug]: Compiled SQL for node model.jaffle_shop.stg_payments at target/.lsp/compiled/jaffle_shop/models/staging/stripe/stg_payments.sql
17:35:58.742953 [debug]: Finished rendering [  0.00s] model dbt_jbondoc.stg_payments [success]
17:35:58.742974 [debug]: Started analyzing model dbt_jbondoc.stg_payments
17:35:58.742992 [debug]: Compiled SQL for node model.jaffle_shop.stg_orders at target/.lsp/compiled/jaffle_shop/models/staging/jaffle_shop/stg_orders.sql
17:35:58.743019 [debug]: Finished rendering [  0.00s] model dbt_jbondoc.stg_orders [success]
17:35:58.743027 [debug]: Compiled SQL for node analysis.jaffle_shop.total_revenue at target/.lsp/compiled/jaffle_shop/analysis/total_revenue.sql
17:35:58.743032 [debug]: Started analyzing model dbt_jbondoc.stg_orders
17:35:58.743044 [debug]: Compiled SQL for node model.jaffle_shop.int_orders__pivoted at target/.lsp/compiled/jaffle_shop/models/marts/core/int_orders__pivoted.sql
17:35:58.743047 [debug]: Finished rendering [  0.00s] analysis dbt_jbondoc.total_revenue [success]
17:35:58.743059 [info ]:  Succeeded [-------] analysis dbt_jbondoc.total_revenue (analysis)
17:35:58.743074 [debug]: Finished rendering [  0.00s] model dbt_jbondoc.int_orders__pivoted [success]
17:35:58.743047 [debug]: Compiled SQL for node snapshot.jaffle_shop.mock_orders at target/.lsp/compiled/jaffle_shop/snapshots/mock_orders.sql/mock_orders.sql
17:35:58.743082 [debug]: Started analyzing model dbt_jbondoc.int_orders__pivoted
17:35:58.743097 [debug]: Finished analyzing [  0.00s] model dbt_jbondoc.stg_payments [success]
17:35:58.743099 [debug]: Compiled SQL for node model.jaffle_shop.all_dates at target/.lsp/compiled/jaffle_shop/models/all_dates.sql
17:35:58.743107 [debug]: Compiled SQL for node model.jaffle_shop.stg_customers at target/.lsp/compiled/jaffle_shop/models/staging/jaffle_shop/stg_customers.sql
17:35:58.743117 [info ]:  Succeeded [-------] model dbt_jbondoc.stg_payments (view)
17:35:58.743131 [debug]: Finished rendering [  0.00s] snapshot dbt_jbondoc_snapshot.mock_orders [success]
17:35:58.743140 [debug]: Started analyzing snapshot dbt_jbondoc_snapshot.mock_orders
17:35:58.743149 [debug]: Finished rendering [  0.00s] model dbt_jbondoc.stg_customers [success]
17:35:58.743156 [debug]: Started analyzing model dbt_jbondoc.stg_customers
17:35:58.743156 [debug]: Compiled SQL for node model.jaffle_shop.dim_customers at target/.lsp/compiled/jaffle_shop/models/marts/core/dim_customers.sql
17:35:58.743152 [debug]: Compiled SQL for node model.jaffle_shop.stg_page_views at target/.lsp/compiled/jaffle_shop/models/staging/snowplow/stg_page_views.sql
17:35:58.743176 [debug]: Finished rendering [  0.00s] model dbt_jbondoc.all_dates [success]
17:35:58.743182 [debug]: Started analyzing model dbt_jbondoc.all_dates
17:35:58.743190 [debug]: Finished analyzing [  0.00s] model dbt_jbondoc.fct_orders [success]
17:35:58.743194 [info ]:  Succeeded [-------] model dbt_jbondoc.fct_orders (table)
17:35:58.743200 [debug]: Finished rendering [  0.00s] model dbt_jbondoc.dim_customers [success]
17:35:58.743204 [debug]: Started analyzing model dbt_jbondoc.dim_customers
17:35:58.743211 [debug]: Finished analyzing [  0.00s] snapshot dbt_jbondoc_snapshot.mock_orders [success]
17:35:58.743213 [info ]:  Succeeded [-------] snapshot dbt_jbondoc_snapshot.mock_orders (snapshot)
17:35:58.743218 [debug]: Finished rendering [  0.00s] model dbt_jbondoc.stg_page_views [success]
17:35:58.743221 [info ]: Finished rendering [  0.00s] (10 nodes, 0 skipped, 0 errors)
17:35:58.743224 [debug]: Started analyzing model dbt_jbondoc.stg_page_views
17:35:58.743229 [debug]: Finished analyzing [  0.00s] model dbt_jbondoc.stg_orders [success]
17:35:58.743233 [info ]:  Succeeded [-------] model dbt_jbondoc.stg_orders (view)
17:35:58.743302 [debug]: Finished analyzing [  0.00s] model dbt_jbondoc.stg_customers [success]
17:35:58.743309 [info ]:  Succeeded [-------] model dbt_jbondoc.stg_customers (view)
17:35:58.743445 [debug]: Finished analyzing [  0.00s] model dbt_jbondoc.int_orders__pivoted [success]
17:35:58.743453 [info ]:  Succeeded [-------] model dbt_jbondoc.int_orders__pivoted (table)
17:35:58.743459 [debug]: Finished analyzing [  0.00s] model dbt_jbondoc.dim_customers [success]
17:35:58.743462 [info ]:  Succeeded [-------] model dbt_jbondoc.dim_customers (table)
17:35:58.743524 [debug]: Finished analyzing [  0.00s] model dbt_jbondoc.stg_page_views [success]
17:35:58.743529 [info ]:  Succeeded [-------] model dbt_jbondoc.stg_page_views (incremental)
17:35:58.744696 [debug]: Finished analyzing [  0.00s] model dbt_jbondoc.all_dates [success]
17:35:58.744702 [info ]: Finished analyzing [  0.00s] (9 nodes, 0 skipped, 0 errors)
17:35:58.744706 [info ]:  Succeeded [  0.00s] model dbt_jbondoc.all_dates (table)
17:35:58.746326 [info ]: Started scheduling
17:35:58.746358 [info ]: Finished scheduling [  0.00s]
17:35:58.746578 [info ]: Cached model count updated: 8 models (accurate)
17:36:56.298349 [info ]: Started loading project
17:36:56.299057 [info ]: Loading ~/.dbt/profiles.yml
17:36:56.311895 [info ]: Started parsing
17:36:56.345576 [info ]: Finished loading project [  0.05s]
17:36:56.347575 [error]: [SerializationError (dbt1013)]: YAML error: mapping values are not allowed in this context at line 20 column 25
  --> models/staging/jaffle_shop/src_jaffle_shop.yml:20:25
17:36:56.348159 [debug]: Finished parsing models/staging/jaffle_shop/stg_jaffle_shop.yml [  0.00s]
17:36:56.348653 [debug]: Finished parsing models/staging/jaffle_shop/src_jaffle_shop.yml [  0.00s]
17:36:56.348934 [debug]: Finished parsing snapshots/mock_orders.sql [  0.00s]
17:36:56.349892 [debug]: Finished parsing models/staging/jaffle_shop/stg_customers.sql [  0.00s]
17:36:56.350179 [debug]: Finished parsing models/staging/jaffle_shop/stg_orders.sql [  0.00s]
17:36:56.397959 [error]: [DependencyNotFound (dbt1048)]: Source 'jaffle_shop.customers' not found in project. Searched for 'customers'
  --> models/staging/jaffle_shop/stg_customers.sql:6:6
17:36:56.397982 [error]: [DependencyNotFound (dbt1048)]: Source 'jaffle_shop.orders' not found in project. Searched for 'orders'
  --> models/staging/jaffle_shop/stg_orders.sql:7:6
17:36:56.400375 [info ]: Cached model count updated: 8 models (estimate)
17:36:56.400386 [info ]: Cached model count updated: 8 models (accurate)
17:36:56.400409 [info ]: Started scheduling
17:36:56.400471 [info ]: Finished scheduling [  0.00s]
17:36:56.400478 [debug]: Compilation - 2 nodes selected: {"model.jaffle_shop.stg_customers", "model.jaffle_shop.stg_orders"}
17:36:56.426811 [info ]: Started building task graph
17:36:56.426850 [info ]: Finished building task graph [  0.00s]
17:36:56.462906 [info ]: Started rendering (2 nodes)
17:36:56.462922 [info ]: Started model dbt_jbondoc.stg_orders
17:36:56.462929 [debug]: Started rendering model dbt_jbondoc.stg_orders
17:36:56.462944 [info ]: Started model dbt_jbondoc.stg_customers
17:36:56.462949 [debug]: Started rendering model dbt_jbondoc.stg_customers
17:36:56.462964 [info ]: Finished parsing [  0.15s]
17:36:56.464072 [error]: [JinjaError (dbt1501)]: Failed to render SQL not a key type: Source not found for source name: jaffle_shop, table name: orders
(in models/staging/jaffle_shop/stg_orders.sql:7:6)
  --> models/staging/jaffle_shop/stg_orders.sql:7:6
17:36:56.464111 [info ]: Started analyzing (2 nodes)
17:36:56.464122 [debug]: Started analyzing model dbt_jbondoc.stg_orders
17:36:56.464130 [debug]: Finished analyzing [  0.00s] model dbt_jbondoc.stg_orders [skipped]
17:36:56.464135 [info ]:     Failed [  0.00s] model dbt_jbondoc.stg_orders (view)
17:36:56.464145 [error]: [JinjaError (dbt1501)]: Failed to render SQL not a key type: Source not found for source name: jaffle_shop, table name: customers
(in models/staging/jaffle_shop/stg_customers.sql:6:6)
  --> models/staging/jaffle_shop/stg_customers.sql:6:6
17:36:56.464155 [debug]: Started analyzing model dbt_jbondoc.stg_customers
17:36:56.464163 [debug]: Finished rendering [  0.00s] model dbt_jbondoc.stg_orders [error]
17:36:56.464167 [debug]: Finished analyzing [  0.00s] model dbt_jbondoc.stg_customers [skipped]
17:36:56.464171 [info ]: Finished analyzing [  0.00s] (2 nodes, 2 skipped, 0 errors)
17:36:56.464174 [info ]:     Failed [  0.00s] model dbt_jbondoc.stg_customers (view)
17:36:56.466085 [info ]: Started scheduling
17:36:56.466118 [info ]: Finished scheduling [  0.00s]
17:36:56.466578 [info ]: Cached model count updated: 8 models (accurate)
17:36:56.466591 [debug]: Finished rendering [  0.00s] model dbt_jbondoc.stg_customers [error]
17:36:56.466595 [info ]: Finished rendering [  0.00s] (2 nodes, 0 skipped, 2 errors)
17:36:57.647231 [info ]: Started loading project
17:36:57.647541 [info ]: Loading ~/.dbt/profiles.yml
17:36:57.664053 [info ]: Cached model count updated: 8 models (estimate)
17:36:57.664066 [info ]: Cached model count updated: 8 models (accurate)
17:36:57.664088 [info ]: Started scheduling
17:36:57.664157 [info ]: Finished scheduling [  0.00s]
17:36:57.664166 [debug]: Compilation - 13 nodes selected: {"analysis.jaffle_shop.total_revenue", "exposure.jaffle_shop.customers_data", "exposure.jaffle_shop.jaffle_shop_weekly_metrics", "exposure.jaffle_shop.orders_data", "model.jaffle_shop.all_dates", "model.jaffle_shop.dim_customers", "model.jaffle_shop.fct_orders", "model.jaffle_shop.int_orders__pivoted", "model.jaffle_shop.stg_customers", "model.jaffle_shop.stg_orders", "model.jaffle_shop.stg_page_views", "model.jaffle_shop.stg_payments", "snapshot.jaffle_shop.mock_orders"}
17:36:57.664619 [debug]:    Started downloading relations (1 items)
17:36:57.664654 [info ]: Finished loading project [  0.02s]
17:36:57.928013 [debug]: Query executed on node unknown:
SHOW OBJECTS IN SCHEMA "ANALYTICS"."DBT_JBONDOC" LIMIT 10000
17:36:57.928128 [debug]:   Finished [  0.26s] downloading relations (1 items)
17:36:57.953476 [info ]: Started building task graph
17:36:57.953542 [info ]: Finished building task graph [  0.00s]
17:36:57.978221 [info ]: Started rendering (10 nodes)
17:36:57.978237 [info ]: Started snapshot dbt_jbondoc_snapshot.mock_orders
17:36:57.978242 [debug]: Started rendering snapshot dbt_jbondoc_snapshot.mock_orders
17:36:57.978255 [info ]: Started model dbt_jbondoc.stg_page_views
17:36:57.978258 [debug]: Started rendering model dbt_jbondoc.stg_page_views
17:36:57.978262 [info ]: Started model dbt_jbondoc.int_orders__pivoted
17:36:57.978265 [debug]: Started rendering model dbt_jbondoc.int_orders__pivoted
17:36:57.978268 [info ]: Started model dbt_jbondoc.all_dates
17:36:57.978273 [debug]: Started rendering model dbt_jbondoc.all_dates
17:36:57.978277 [info ]: Started model dbt_jbondoc.dim_customers
17:36:57.978280 [debug]: Started rendering model dbt_jbondoc.dim_customers
17:36:57.978284 [info ]: Started model dbt_jbondoc.stg_customers
17:36:57.978286 [debug]: Started rendering model dbt_jbondoc.stg_customers
17:36:57.978290 [info ]: Started model dbt_jbondoc.fct_orders
17:36:57.978293 [debug]: Started rendering model dbt_jbondoc.fct_orders
17:36:57.978296 [info ]: Started model dbt_jbondoc.stg_orders
17:36:57.978298 [debug]: Started rendering model dbt_jbondoc.stg_orders
17:36:57.978303 [info ]: Started analysis dbt_jbondoc.total_revenue
17:36:57.978306 [debug]: Started rendering analysis dbt_jbondoc.total_revenue
17:36:57.978310 [info ]: Started model dbt_jbondoc.stg_payments
17:36:57.978313 [debug]: Started rendering model dbt_jbondoc.stg_payments
17:36:57.978782 [error]: [JinjaError (dbt1501)]: Failed to render SQL not a key type: Source not found for source name: jaffle_shop, table name: orders
(in models/staging/jaffle_shop/stg_orders.sql:7:6)
  --> models/staging/jaffle_shop/stg_orders.sql:7:6
17:36:57.978806 [info ]: Started analyzing (9 nodes)
17:36:57.978810 [debug]: Started analyzing model dbt_jbondoc.stg_orders
17:36:57.978817 [debug]: Finished analyzing [  0.00s] model dbt_jbondoc.stg_orders [skipped]
17:36:57.978824 [info ]:     Failed [-------] model dbt_jbondoc.stg_orders (view)
17:36:57.978833 [error]: [JinjaError (dbt1501)]: Failed to render SQL not a key type: Source not found for source name: jaffle_shop, table name: customers
(in models/staging/jaffle_shop/stg_customers.sql:6:6)
  --> models/staging/jaffle_shop/stg_customers.sql:6:6
17:36:57.978841 [debug]: Started analyzing model dbt_jbondoc.stg_customers
17:36:57.978845 [debug]: Finished analyzing [  0.00s] model dbt_jbondoc.stg_customers [skipped]
17:36:57.978849 [info ]:     Failed [-------] model dbt_jbondoc.stg_customers (view)
17:36:57.978848 [debug]: Finished rendering [  0.00s] model dbt_jbondoc.stg_orders [error]
17:36:57.978859 [debug]: Finished rendering [  0.00s] model dbt_jbondoc.stg_customers [error]
17:36:57.980809 [debug]: Compiled SQL for node model.jaffle_shop.stg_payments at target/.lsp/compiled/jaffle_shop/models/staging/stripe/stg_payments.sql
17:36:57.980817 [debug]: Compiled SQL for node model.jaffle_shop.stg_page_views at target/.lsp/compiled/jaffle_shop/models/staging/snowplow/stg_page_views.sql
17:36:57.980841 [debug]: Compiled SQL for node analysis.jaffle_shop.total_revenue at target/.lsp/compiled/jaffle_shop/analysis/total_revenue.sql
17:36:57.980873 [debug]: Compiled SQL for node model.jaffle_shop.int_orders__pivoted at target/.lsp/compiled/jaffle_shop/models/marts/core/int_orders__pivoted.sql
17:36:57.980911 [debug]: Compiled SQL for node model.jaffle_shop.fct_orders at target/.lsp/compiled/jaffle_shop/models/marts/core/fct_orders.sql
17:36:57.980940 [debug]: Started analyzing model dbt_jbondoc.fct_orders
17:36:57.980981 [debug]: Started analyzing model dbt_jbondoc.int_orders__pivoted
17:36:57.981106 [debug]: Compiled SQL for node snapshot.jaffle_shop.mock_orders at target/.lsp/compiled/jaffle_shop/snapshots/mock_orders.sql/mock_orders.sql
17:36:57.981113 [debug]: Started analyzing model dbt_jbondoc.stg_page_views
17:36:57.981144 [debug]: Started analyzing snapshot dbt_jbondoc_snapshot.mock_orders
17:36:57.981165 [debug]: Finished rendering [  0.00s] model dbt_jbondoc.stg_page_views [success]
17:36:57.981173 [debug]: Finished rendering [  0.00s] model dbt_jbondoc.int_orders__pivoted [success]
17:36:57.981174 [debug]: Compiled SQL for node model.jaffle_shop.dim_customers at target/.lsp/compiled/jaffle_shop/models/marts/core/dim_customers.sql
17:36:57.981182 [debug]: Compiled SQL for node model.jaffle_shop.all_dates at target/.lsp/compiled/jaffle_shop/models/all_dates.sql
17:36:57.981193 [debug]: Finished rendering [  0.00s] snapshot dbt_jbondoc_snapshot.mock_orders [success]
17:36:57.981235 [debug]: Finished rendering [  0.00s] model dbt_jbondoc.stg_payments [success]
17:36:57.981245 [debug]: Started analyzing model dbt_jbondoc.stg_payments
17:36:57.981219 [debug]: Finished rendering [  0.00s] model dbt_jbondoc.fct_orders [success]
17:36:57.981255 [debug]: Finished rendering [  0.00s] model dbt_jbondoc.all_dates [success]
17:36:57.981260 [debug]: Started analyzing model dbt_jbondoc.all_dates
17:36:57.981265 [debug]: Finished rendering [  0.00s] model dbt_jbondoc.dim_customers [success]
17:36:57.981267 [debug]: Started analyzing model dbt_jbondoc.dim_customers
17:36:57.981273 [debug]: Finished rendering [  0.00s] analysis dbt_jbondoc.total_revenue [success]
17:36:57.981276 [info ]: Finished rendering [  0.00s] (10 nodes, 0 skipped, 2 errors)
17:36:57.981279 [info ]:  Succeeded [  0.00s] analysis dbt_jbondoc.total_revenue (analysis)
17:36:57.982614 [debug]: Finished analyzing [  0.00s] snapshot dbt_jbondoc_snapshot.mock_orders [success]
17:36:57.982622 [info ]:  Succeeded [  0.00s] snapshot dbt_jbondoc_snapshot.mock_orders (snapshot)
17:36:57.982870 [debug]: Finished analyzing [  0.00s] model dbt_jbondoc.stg_payments [success]
17:36:57.982885 [info ]:  Succeeded [  0.00s] model dbt_jbondoc.stg_payments (view)
17:36:57.983301 [debug]: Finished analyzing [  0.00s] model dbt_jbondoc.dim_customers [success]
17:36:57.983311 [info ]:  Succeeded [  0.00s] model dbt_jbondoc.dim_customers (table)
17:36:57.983365 [debug]: Finished analyzing [  0.00s] model dbt_jbondoc.fct_orders [success]
17:36:57.983370 [info ]:  Succeeded [  0.00s] model dbt_jbondoc.fct_orders (table)
17:36:57.983394 [debug]: Finished analyzing [  0.00s] model dbt_jbondoc.stg_page_views [success]
17:36:57.983398 [info ]:  Succeeded [  0.00s] model dbt_jbondoc.stg_page_views (incremental)
17:36:57.983452 [debug]: Finished analyzing [  0.00s] model dbt_jbondoc.int_orders__pivoted [success]
17:36:57.983457 [info ]:  Succeeded [  0.00s] model dbt_jbondoc.int_orders__pivoted (table)
17:36:57.984554 [debug]: Finished analyzing [  0.00s] model dbt_jbondoc.all_dates [success]
17:36:57.984561 [info ]: Finished analyzing [  0.01s] (9 nodes, 2 skipped, 0 errors)
17:36:57.984564 [info ]:  Succeeded [  0.01s] model dbt_jbondoc.all_dates (table)
17:36:57.986883 [info ]: Started scheduling
17:36:57.986918 [info ]: Finished scheduling [  0.00s]
17:36:57.987141 [info ]: Cached model count updated: 8 models (accurate)
17:37:47.594302 [info ]: Started loading project
17:37:47.594670 [info ]: Loading ~/.dbt/profiles.yml
17:37:47.610995 [info ]: Started parsing
17:37:47.648620 [info ]: Finished loading project [  0.05s]
17:37:47.650418 [debug]: Finished parsing models/staging/jaffle_shop/src_jaffle_shop.yml [  0.00s]
17:37:47.650563 [debug]: Finished parsing models/staging/jaffle_shop/stg_jaffle_shop.yml [  0.00s]
17:37:47.651414 [debug]: Finished parsing snapshots/mock_orders.sql [  0.00s]
17:37:47.652327 [debug]: Finished parsing models/staging/jaffle_shop/stg_customers.sql [  0.00s]
17:37:47.652609 [debug]: Finished parsing models/staging/jaffle_shop/stg_orders.sql [  0.00s]
17:37:47.702314 [info ]: Finished parsing [  0.09s]
17:37:47.703921 [info ]: Cached model count updated: 8 models (estimate)
17:37:47.703930 [info ]: Cached model count updated: 8 models (accurate)
17:37:47.703952 [info ]: Started scheduling
17:37:47.703980 [info ]: Finished scheduling [  0.00s]
17:37:47.703985 [debug]: Compilation - 0 nodes selected: {}
17:37:47.704001 [warn ]: [NoNodesForSelectionCriteria (dbt1092)]: The selection criterion '' does not match any enabled nodes
17:37:47.704013 [warn ]: [NoNodesSelected (dbt1601)]: Nothing to do. Try checking your model configs and model specification args
17:37:47.737469 [info ]: Started building task graph
17:37:47.737489 [info ]: Finished building task graph [  0.00s]
17:37:47.813257 [info ]: Started scheduling
17:37:47.813337 [info ]: Finished scheduling [  0.00s]
17:37:47.814733 [info ]: Cached model count updated: 8 models (accurate)
17:37:48.988042 [info ]: Started loading project
17:37:48.988376 [info ]: Loading ~/.dbt/profiles.yml
17:37:49.005759 [info ]: Cached model count updated: 8 models (estimate)
17:37:49.005772 [info ]: Cached model count updated: 8 models (accurate)
17:37:49.005797 [info ]: Started scheduling
17:37:49.005874 [info ]: Finished scheduling [  0.00s]
17:37:49.005884 [debug]: Compilation - 13 nodes selected: {"analysis.jaffle_shop.total_revenue", "exposure.jaffle_shop.customers_data", "exposure.jaffle_shop.jaffle_shop_weekly_metrics", "exposure.jaffle_shop.orders_data", "model.jaffle_shop.all_dates", "model.jaffle_shop.dim_customers", "model.jaffle_shop.fct_orders", "model.jaffle_shop.int_orders__pivoted", "model.jaffle_shop.stg_customers", "model.jaffle_shop.stg_orders", "model.jaffle_shop.stg_page_views", "model.jaffle_shop.stg_payments", "snapshot.jaffle_shop.mock_orders"}
17:37:49.006334 [debug]:    Started downloading relations (1 items)
17:37:49.006373 [info ]: Finished loading project [  0.02s]
17:37:49.615568 [debug]: Query executed on node unknown:
SHOW OBJECTS IN SCHEMA "ANALYTICS"."DBT_JBONDOC" LIMIT 10000
17:37:49.615807 [debug]:   Finished [  0.61s] downloading relations (1 items)
17:37:49.651397 [info ]: Started building task graph
17:37:49.651483 [info ]: Finished building task graph [  0.00s]
17:37:49.678652 [info ]: Started rendering (10 nodes)
17:37:49.678681 [info ]: Started snapshot dbt_jbondoc_snapshot.mock_orders
17:37:49.678687 [debug]: Started rendering snapshot dbt_jbondoc_snapshot.mock_orders
17:37:49.678702 [info ]: Started model dbt_jbondoc.stg_page_views
17:37:49.678715 [debug]: Started rendering model dbt_jbondoc.stg_page_views
17:37:49.678720 [info ]: Started model dbt_jbondoc.int_orders__pivoted
17:37:49.678723 [debug]: Started rendering model dbt_jbondoc.int_orders__pivoted
17:37:49.678728 [info ]: Started model dbt_jbondoc.all_dates
17:37:49.678731 [debug]: Started rendering model dbt_jbondoc.all_dates
17:37:49.678748 [info ]: Started model dbt_jbondoc.dim_customers
17:37:49.678753 [debug]: Started rendering model dbt_jbondoc.dim_customers
17:37:49.678757 [info ]: Started model dbt_jbondoc.stg_customers
17:37:49.678760 [debug]: Started rendering model dbt_jbondoc.stg_customers
17:37:49.678767 [info ]: Started model dbt_jbondoc.fct_orders
17:37:49.678769 [debug]: Started rendering model dbt_jbondoc.fct_orders
17:37:49.678778 [info ]: Started model dbt_jbondoc.stg_orders
17:37:49.678784 [debug]: Started rendering model dbt_jbondoc.stg_orders
17:37:49.678790 [info ]: Started analysis dbt_jbondoc.total_revenue
17:37:49.678794 [debug]: Started rendering analysis dbt_jbondoc.total_revenue
17:37:49.678798 [info ]: Started model dbt_jbondoc.stg_payments
17:37:49.678801 [debug]: Started rendering model dbt_jbondoc.stg_payments
17:37:49.681209 [debug]: Compiled SQL for node analysis.jaffle_shop.total_revenue at target/.lsp/compiled/jaffle_shop/analysis/total_revenue.sql
17:37:49.681241 [debug]: Compiled SQL for node model.jaffle_shop.fct_orders at target/.lsp/compiled/jaffle_shop/models/marts/core/fct_orders.sql
17:37:49.681295 [debug]: Compiled SQL for node model.jaffle_shop.stg_payments at target/.lsp/compiled/jaffle_shop/models/staging/stripe/stg_payments.sql
17:37:49.681310 [debug]: Compiled SQL for node model.jaffle_shop.stg_orders at target/.lsp/compiled/jaffle_shop/models/staging/jaffle_shop/stg_orders.sql
17:37:49.681332 [debug]: Finished rendering [  0.00s] analysis dbt_jbondoc.total_revenue [success]
17:37:49.681336 [debug]: Compiled SQL for node snapshot.jaffle_shop.mock_orders at target/.lsp/compiled/jaffle_shop/snapshots/mock_orders.sql/mock_orders.sql
17:37:49.681346 [info ]:  Succeeded [  0.00s] analysis dbt_jbondoc.total_revenue (analysis)
17:37:49.681351 [debug]: Compiled SQL for node model.jaffle_shop.stg_customers at target/.lsp/compiled/jaffle_shop/models/staging/jaffle_shop/stg_customers.sql
17:37:49.681366 [debug]: Finished rendering [  0.00s] model dbt_jbondoc.fct_orders [success]
17:37:49.681345 [debug]: Compiled SQL for node model.jaffle_shop.stg_page_views at target/.lsp/compiled/jaffle_shop/models/staging/snowplow/stg_page_views.sql
17:37:49.681380 [info ]: Started analyzing (9 nodes)
17:37:49.681385 [debug]: Started analyzing model dbt_jbondoc.fct_orders
17:37:49.681388 [debug]: Compiled SQL for node model.jaffle_shop.dim_customers at target/.lsp/compiled/jaffle_shop/models/marts/core/dim_customers.sql
17:37:49.681397 [debug]: Finished rendering [  0.00s] model dbt_jbondoc.stg_orders [success]
17:37:49.681407 [debug]: Started analyzing model dbt_jbondoc.stg_orders
17:37:49.681418 [debug]: Finished rendering [  0.00s] model dbt_jbondoc.stg_payments [success]
17:37:49.681422 [debug]: Compiled SQL for node model.jaffle_shop.all_dates at target/.lsp/compiled/jaffle_shop/models/all_dates.sql
17:37:49.681426 [debug]: Started analyzing model dbt_jbondoc.stg_payments
17:37:49.681437 [debug]: Finished rendering [  0.00s] snapshot dbt_jbondoc_snapshot.mock_orders [success]
17:37:49.681446 [debug]: Compiled SQL for node model.jaffle_shop.int_orders__pivoted at target/.lsp/compiled/jaffle_shop/models/marts/core/int_orders__pivoted.sql
17:37:49.681461 [debug]: Started analyzing snapshot dbt_jbondoc_snapshot.mock_orders
17:37:49.681477 [debug]: Finished rendering [  0.00s] model dbt_jbondoc.stg_page_views [success]
17:37:49.681485 [debug]: Started analyzing model dbt_jbondoc.stg_page_views
17:37:49.681492 [debug]: Finished rendering [  0.00s] model dbt_jbondoc.stg_customers [success]
17:37:49.681498 [debug]: Started analyzing model dbt_jbondoc.stg_customers
17:37:49.681505 [debug]: Finished rendering [  0.00s] model dbt_jbondoc.dim_customers [success]
17:37:49.681508 [debug]: Started analyzing model dbt_jbondoc.dim_customers
17:37:49.681521 [debug]: Finished rendering [  0.00s] model dbt_jbondoc.all_dates [success]
17:37:49.681528 [debug]: Started analyzing model dbt_jbondoc.all_dates
17:37:49.681533 [debug]: Finished rendering [  0.00s] model dbt_jbondoc.int_orders__pivoted [success]
17:37:49.681536 [info ]: Finished rendering [  0.00s] (10 nodes, 0 skipped, 0 errors)
17:37:49.681539 [debug]: Started analyzing model dbt_jbondoc.int_orders__pivoted
17:37:49.682204 [debug]: Finished analyzing [  0.00s] model dbt_jbondoc.stg_orders [success]
17:37:49.682213 [info ]:  Succeeded [  0.00s] model dbt_jbondoc.stg_orders (view)
17:37:49.682222 [debug]: Finished analyzing [  0.00s] snapshot dbt_jbondoc_snapshot.mock_orders [success]
17:37:49.682225 [info ]:  Succeeded [  0.00s] snapshot dbt_jbondoc_snapshot.mock_orders (snapshot)
17:37:49.682231 [debug]: Finished analyzing [  0.00s] model dbt_jbondoc.stg_payments [success]
17:37:49.682233 [info ]:  Succeeded [  0.00s] model dbt_jbondoc.stg_payments (view)
17:37:49.682237 [debug]: Finished analyzing [  0.00s] model dbt_jbondoc.stg_customers [success]
17:37:49.682241 [info ]:  Succeeded [  0.00s] model dbt_jbondoc.stg_customers (view)
17:37:49.682516 [debug]: Finished analyzing [  0.00s] model dbt_jbondoc.dim_customers [success]
17:37:49.682523 [info ]:  Succeeded [  0.00s] model dbt_jbondoc.dim_customers (table)
17:37:49.682531 [debug]: Finished analyzing [  0.00s] model dbt_jbondoc.fct_orders [success]
17:37:49.682535 [info ]:  Succeeded [  0.00s] model dbt_jbondoc.fct_orders (table)
17:37:49.682543 [debug]: Finished analyzing [  0.00s] model dbt_jbondoc.stg_page_views [success]
17:37:49.682549 [info ]:  Succeeded [  0.00s] model dbt_jbondoc.stg_page_views (incremental)
17:37:49.682598 [debug]: Finished analyzing [  0.00s] model dbt_jbondoc.int_orders__pivoted [success]
17:37:49.682605 [info ]:  Succeeded [  0.00s] model dbt_jbondoc.int_orders__pivoted (table)
17:37:49.683796 [debug]: Finished analyzing [  0.00s] model dbt_jbondoc.all_dates [success]
17:37:49.683801 [info ]: Finished analyzing [  0.00s] (9 nodes, 0 skipped, 0 errors)
17:37:49.683804 [info ]:  Succeeded [  0.00s] model dbt_jbondoc.all_dates (table)
17:37:49.685440 [info ]: Started scheduling
17:37:49.685472 [info ]: Finished scheduling [  0.00s]
17:37:49.685670 [info ]: Cached model count updated: 8 models (accurate)
17:38:20.187070 [info ]: Started loading project
17:38:20.187860 [info ]: Loading ~/.dbt/profiles.yml
17:38:20.198267 [info ]: Started loading project
17:38:20.198532 [info ]: Loading ~/.dbt/profiles.yml
17:38:20.198555 [info ]: Finished loading project [  0.01s]
17:38:20.301599 [info ]: Loading packages.yml
17:38:20.301682 [debug]:    Started loading packages
17:38:20.307767 [debug]:     Loaded [  0.01s] packages
17:38:20.308097 [info ]: Finished loading project [  0.11s]
17:38:20.308210 [info ]: Started parsing
17:38:20.333728 [debug]: Finished parsing models/exposures/jaffle_exposures.yml [  0.00s]
17:38:20.333996 [debug]: Finished parsing models/marts/core/fct_orders.yml [  0.00s]
17:38:20.334244 [debug]: Finished parsing models/staging/jaffle_shop/src_jaffle_shop.yml [  0.00s]
17:38:20.334485 [debug]: Finished parsing models/staging/jaffle_shop/stg_jaffle_shop.yml [  0.00s]
17:38:20.334701 [debug]: Finished parsing models/staging/snowplow/src_snowplow.yml [  0.00s]
17:38:20.334884 [debug]: Finished parsing models/staging/stripe/src_stripe.yml [  0.00s]
17:38:20.335695 [debug]: Finished parsing snapshots/mock_orders.sql [  0.00s]
17:38:20.336623 [debug]: Finished parsing models/all_dates.sql [  0.00s]
17:38:20.336999 [debug]: Finished parsing models/marts/core/dim_customers.sql [  0.00s]
17:38:20.337273 [debug]: Finished parsing models/marts/core/fct_orders.sql [  0.00s]
17:38:20.337546 [debug]: Finished parsing models/marts/core/int_orders__pivoted.sql [  0.00s]
17:38:20.337820 [debug]: Finished parsing models/staging/jaffle_shop/stg_customers.sql [  0.00s]
17:38:20.338067 [debug]: Finished parsing models/staging/jaffle_shop/stg_orders.sql [  0.00s]
17:38:20.338334 [debug]: Finished parsing models/staging/snowplow/stg_page_views.sql [  0.00s]
17:38:20.338577 [debug]: Finished parsing models/staging/stripe/stg_payments.sql [  0.00s]
17:38:20.341380 [debug]: Finished parsing analysis/total_revenue.sql [  0.00s]
17:38:20.341559 [debug]: Finished parsing tests/assert_amount_average_is_greater_than_one.sql [  0.00s]
17:38:20.341874 [debug]: Finished parsing tests/assert_positive_value_for_total_amount.sql [  0.00s]
17:38:20.387265 [info ]: Finished parsing [  0.08s]
17:38:20.388116 [info ]: Cached model count updated: 8 models (estimate)
17:38:20.388124 [info ]: Cached model count updated: 8 models (accurate)
17:38:20.388147 [info ]: Started scheduling
17:38:20.388174 [info ]: Finished scheduling [  0.00s]
17:38:20.388178 [debug]: Compilation - 0 nodes selected: {}
17:38:20.388192 [warn ]: [NoNodesForSelectionCriteria (dbt1092)]: The selection criterion '' does not match any enabled nodes
17:38:20.388207 [warn ]: [NoNodesSelected (dbt1601)]: Nothing to do. Try checking your model configs and model specification args
17:38:20.388212 [info ]: Started scheduling
17:38:20.388271 [info ]: Finished scheduling [  0.00s]
17:38:20.388384 [debug]: Initializing schema store with entry: Selected("snapshot.jaffle_shop.mock_orders") and interval: None
17:38:20.388397 [debug]: Initializing schema store with entry: Frontier(CanonicalFqn { catalog: "RAW", schema: "JAFFLE_SHOP", table: "CUSTOMERS" }) and interval: None
17:38:20.388401 [debug]: Initializing schema store with entry: Frontier(CanonicalFqn { catalog: "RAW", schema: "SNOWPLOW", table: "EVENTS" }) and interval: None
17:38:20.388405 [debug]: Initializing schema store with entry: Frontier(CanonicalFqn { catalog: "RAW", schema: "JAFFLE_SHOP", table: "ORDERS" }) and interval: None
17:38:20.388408 [debug]: Initializing schema store with entry: Frontier(CanonicalFqn { catalog: "RAW", schema: "STRIPE", table: "PAYMENT" }) and interval: None
17:38:20.409847 [info ]: Started building task graph
17:38:20.409862 [info ]: Finished building task graph [  0.00s]
17:38:20.434505 [info ]: Started scheduling
17:38:20.434541 [info ]: Finished scheduling [  0.00s]
17:38:20.436062 [info ]: Cached model count updated: 8 models (accurate)
17:38:21.612348 [info ]: Started loading project
17:38:21.612718 [info ]: Loading ~/.dbt/profiles.yml
17:38:21.629483 [info ]: Cached model count updated: 8 models (estimate)
17:38:21.629502 [info ]: Cached model count updated: 8 models (accurate)
17:38:21.629537 [info ]: Started scheduling
17:38:21.629655 [info ]: Finished scheduling [  0.00s]
17:38:21.629668 [debug]: Compilation - 13 nodes selected: {"analysis.jaffle_shop.total_revenue", "exposure.jaffle_shop.customers_data", "exposure.jaffle_shop.jaffle_shop_weekly_metrics", "exposure.jaffle_shop.orders_data", "model.jaffle_shop.all_dates", "model.jaffle_shop.dim_customers", "model.jaffle_shop.fct_orders", "model.jaffle_shop.int_orders__pivoted", "model.jaffle_shop.stg_customers", "model.jaffle_shop.stg_orders", "model.jaffle_shop.stg_page_views", "model.jaffle_shop.stg_payments", "snapshot.jaffle_shop.mock_orders"}
17:38:21.630526 [debug]:    Started downloading relations (1 items)
17:38:21.630575 [info ]: Finished loading project [  0.02s]
17:38:23.615413 [debug]: Query executed on node unknown:
SHOW OBJECTS IN SCHEMA "ANALYTICS"."DBT_JBONDOC" LIMIT 10000
17:38:23.615677 [debug]:   Finished [  1.99s] downloading relations (1 items)
17:38:23.650959 [info ]: Started building task graph
17:38:23.651047 [info ]: Finished building task graph [  0.00s]
17:38:23.681117 [info ]: Started rendering (10 nodes)
17:38:23.681134 [info ]: Started snapshot dbt_jbondoc_snapshot.mock_orders
17:38:23.681142 [debug]: Started rendering snapshot dbt_jbondoc_snapshot.mock_orders
17:38:23.681160 [info ]: Started model dbt_jbondoc.stg_page_views
17:38:23.681165 [debug]: Started rendering model dbt_jbondoc.stg_page_views
17:38:23.681172 [info ]: Started model dbt_jbondoc.int_orders__pivoted
17:38:23.681175 [debug]: Started rendering model dbt_jbondoc.int_orders__pivoted
17:38:23.681180 [info ]: Started model dbt_jbondoc.all_dates
17:38:23.681183 [debug]: Started rendering model dbt_jbondoc.all_dates
17:38:23.681189 [info ]: Started model dbt_jbondoc.dim_customers
17:38:23.681206 [debug]: Started rendering model dbt_jbondoc.dim_customers
17:38:23.681215 [info ]: Started model dbt_jbondoc.stg_customers
17:38:23.681219 [debug]: Started rendering model dbt_jbondoc.stg_customers
17:38:23.681224 [info ]: Started model dbt_jbondoc.fct_orders
17:38:23.681227 [debug]: Started rendering model dbt_jbondoc.fct_orders
17:38:23.681231 [info ]: Started model dbt_jbondoc.stg_orders
17:38:23.681237 [debug]: Started rendering model dbt_jbondoc.stg_orders
17:38:23.681244 [info ]: Started analysis dbt_jbondoc.total_revenue
17:38:23.681247 [debug]: Started rendering analysis dbt_jbondoc.total_revenue
17:38:23.681253 [info ]: Started model dbt_jbondoc.stg_payments
17:38:23.681256 [debug]: Started rendering model dbt_jbondoc.stg_payments
17:38:23.682765 [debug]: Compiled SQL for node snapshot.jaffle_shop.mock_orders at target/.lsp/compiled/jaffle_shop/snapshots/mock_orders.sql/mock_orders.sql
17:38:23.683039 [debug]: Compiled SQL for node model.jaffle_shop.dim_customers at target/.lsp/compiled/jaffle_shop/models/marts/core/dim_customers.sql
17:38:23.682946 [debug]: Finished rendering [  0.00s] snapshot dbt_jbondoc_snapshot.mock_orders [success]
17:38:23.683080 [debug]: Compiled SQL for node model.jaffle_shop.int_orders__pivoted at target/.lsp/compiled/jaffle_shop/models/marts/core/int_orders__pivoted.sql
17:38:23.683096 [info ]: Started analyzing (9 nodes)
17:38:23.683105 [debug]: Started analyzing snapshot dbt_jbondoc_snapshot.mock_orders
17:38:23.683143 [debug]: Finished rendering [  0.00s] model dbt_jbondoc.dim_customers [success]
17:38:23.683149 [debug]: Compiled SQL for node analysis.jaffle_shop.total_revenue at target/.lsp/compiled/jaffle_shop/analysis/total_revenue.sql
17:38:23.683152 [debug]: Compiled SQL for node model.jaffle_shop.stg_orders at target/.lsp/compiled/jaffle_shop/models/staging/jaffle_shop/stg_orders.sql
17:38:23.683156 [debug]: Started analyzing model dbt_jbondoc.dim_customers
17:38:23.683284 [debug]: Finished rendering [  0.00s] model dbt_jbondoc.int_orders__pivoted [success]
17:38:23.683310 [debug]: Started analyzing model dbt_jbondoc.int_orders__pivoted
17:38:23.683310 [debug]: Compiled SQL for node model.jaffle_shop.stg_page_views at target/.lsp/compiled/jaffle_shop/models/staging/snowplow/stg_page_views.sql
17:38:23.683306 [debug]: Compiled SQL for node model.jaffle_shop.fct_orders at target/.lsp/compiled/jaffle_shop/models/marts/core/fct_orders.sql
17:38:23.683333 [debug]: Finished rendering [  0.00s] analysis dbt_jbondoc.total_revenue [success]
17:38:23.683340 [info ]:  Succeeded [  0.00s] analysis dbt_jbondoc.total_revenue (analysis)
17:38:23.683349 [debug]: Compiled SQL for node model.jaffle_shop.stg_payments at target/.lsp/compiled/jaffle_shop/models/staging/stripe/stg_payments.sql
17:38:23.683348 [debug]: Compiled SQL for node model.jaffle_shop.stg_customers at target/.lsp/compiled/jaffle_shop/models/staging/jaffle_shop/stg_customers.sql
17:38:23.683355 [debug]: Finished rendering [  0.00s] model dbt_jbondoc.stg_orders [success]
17:38:23.683361 [debug]: Started analyzing model dbt_jbondoc.stg_orders
17:38:23.683521 [debug]: Finished rendering [  0.00s] model dbt_jbondoc.fct_orders [success]
17:38:23.683549 [debug]: Started analyzing model dbt_jbondoc.fct_orders
17:38:23.683571 [debug]: Finished rendering [  0.00s] model dbt_jbondoc.stg_page_views [success]
17:38:23.683582 [debug]: Started analyzing model dbt_jbondoc.stg_page_views
17:38:23.683600 [debug]: Finished rendering [  0.00s] model dbt_jbondoc.stg_customers [success]
17:38:23.683608 [debug]: Started analyzing model dbt_jbondoc.stg_customers
17:38:23.683617 [debug]: Finished rendering [  0.00s] model dbt_jbondoc.stg_payments [success]
17:38:23.683624 [debug]: Started analyzing model dbt_jbondoc.stg_payments
17:38:23.683948 [debug]: Finished analyzing [  0.00s] model dbt_jbondoc.stg_customers [success]
17:38:23.683972 [info ]:  Succeeded [  0.00s] model dbt_jbondoc.stg_customers (view)
17:38:23.683990 [debug]: Finished analyzing [  0.00s] model dbt_jbondoc.stg_orders [success]
17:38:23.683996 [info ]:  Succeeded [  0.00s] model dbt_jbondoc.stg_orders (view)
17:38:23.684005 [debug]: Finished analyzing [  0.00s] snapshot dbt_jbondoc_snapshot.mock_orders [success]
17:38:23.684014 [info ]:  Succeeded [  0.00s] snapshot dbt_jbondoc_snapshot.mock_orders (snapshot)
17:38:23.684050 [debug]: Finished analyzing [  0.00s] model dbt_jbondoc.stg_payments [success]
17:38:23.684069 [info ]:  Succeeded [  0.00s] model dbt_jbondoc.stg_payments (view)
17:38:23.684310 [debug]: Finished analyzing [  0.00s] model dbt_jbondoc.dim_customers [success]
17:38:23.684324 [info ]:  Succeeded [  0.00s] model dbt_jbondoc.dim_customers (table)
17:38:23.684351 [debug]: Finished analyzing [  0.00s] model dbt_jbondoc.fct_orders [success]
17:38:23.684360 [info ]:  Succeeded [  0.00s] model dbt_jbondoc.fct_orders (table)
17:38:23.684368 [debug]: Finished analyzing [  0.00s] model dbt_jbondoc.stg_page_views [success]
17:38:23.684372 [info ]:  Succeeded [  0.00s] model dbt_jbondoc.stg_page_views (incremental)
17:38:23.684379 [debug]: Finished analyzing [  0.00s] model dbt_jbondoc.int_orders__pivoted [success]
17:38:23.684383 [info ]:  Succeeded [  0.00s] model dbt_jbondoc.int_orders__pivoted (table)
17:38:24.978781 [debug]: Query executed on node model.jaffle_shop.all_dates:
select datediff(
        day,
        to_date('01/01/2020', 'mm/dd/yyyy'),
        to_date('01/01/2021', 'mm/dd/yyyy')
        )
/* {"app": "dbt", "connection_name": "", "dbt_version": "2.0.0", "profile_name": "default", "target_name": "dev"} */
17:38:24.981130 [debug]: Compiled SQL for node model.jaffle_shop.all_dates at target/.lsp/compiled/jaffle_shop/models/all_dates.sql
17:38:24.981323 [debug]: Finished rendering [  1.30s] model dbt_jbondoc.all_dates [success]
17:38:24.981347 [info ]: Finished rendering [  1.30s] (10 nodes, 0 skipped, 0 errors)
17:38:24.981378 [debug]: Started analyzing model dbt_jbondoc.all_dates
17:38:24.985333 [debug]: Finished analyzing [  0.00s] model dbt_jbondoc.all_dates [success]
17:38:24.985358 [info ]: Finished analyzing [  1.30s] (9 nodes, 0 skipped, 0 errors)
17:38:24.985366 [info ]:  Succeeded [  1.30s] model dbt_jbondoc.all_dates (table)
17:38:24.989581 [info ]: Started scheduling
17:38:24.989667 [info ]: Finished scheduling [  0.00s]
17:38:24.990057 [info ]: Cached model count updated: 8 models (accurate)
17:39:35.251247 [info ]: Started loading project
17:39:35.252565 [info ]: Loading ~/.dbt/profiles.yml
17:39:35.268722 [info ]: Started parsing
17:39:35.294810 [info ]: Finished loading project [  0.04s]
17:39:35.297299 [debug]: Finished parsing snapshots/mock_orders.sql [  0.00s]
17:39:35.298112 [debug]: Finished parsing models/staging/snowplow/stg_page_views.sql [  0.00s]
17:39:35.345162 [info ]: Finished parsing [  0.08s]
17:39:35.346732 [info ]: Cached model count updated: 8 models (estimate)
17:39:35.346740 [info ]: Cached model count updated: 7 models (accurate)
17:39:35.346762 [info ]: Started scheduling
17:39:35.346795 [info ]: Finished scheduling [  0.00s]
17:39:35.346800 [debug]: Compilation - 0 nodes selected: {}
17:39:35.346818 [warn ]: [NoNodesForSelectionCriteria (dbt1092)]: The selection criterion '' does not match any enabled nodes
17:39:35.346827 [warn ]: [NoNodesSelected (dbt1601)]: Nothing to do. Try checking your model configs and model specification args
17:39:35.373754 [info ]: Started building task graph
17:39:35.373770 [info ]: Finished building task graph [  0.00s]
17:39:35.413746 [info ]: Started scheduling
17:39:35.413780 [info ]: Finished scheduling [  0.00s]
17:39:35.414886 [info ]: Cached model count updated: 7 models (accurate)
17:39:36.592264 [info ]: Started loading project
17:39:36.592600 [info ]: Loading ~/.dbt/profiles.yml
17:39:36.609102 [info ]: Cached model count updated: 8 models (estimate)
17:39:36.609116 [info ]: Cached model count updated: 7 models (accurate)
17:39:36.609141 [info ]: Started scheduling
17:39:36.609224 [info ]: Finished scheduling [  0.00s]
17:39:36.609234 [debug]: Compilation - 12 nodes selected: {"analysis.jaffle_shop.total_revenue", "exposure.jaffle_shop.customers_data", "exposure.jaffle_shop.jaffle_shop_weekly_metrics", "exposure.jaffle_shop.orders_data", "model.jaffle_shop.all_dates", "model.jaffle_shop.dim_customers", "model.jaffle_shop.fct_orders", "model.jaffle_shop.int_orders__pivoted", "model.jaffle_shop.stg_customers", "model.jaffle_shop.stg_orders", "model.jaffle_shop.stg_payments", "snapshot.jaffle_shop.mock_orders"}
17:39:36.633159 [info ]: Started building task graph
17:39:36.633221 [info ]: Finished building task graph [  0.00s]
17:39:36.659231 [info ]: Started rendering (9 nodes)
17:39:36.659241 [info ]: Started snapshot dbt_jbondoc_snapshot.mock_orders
17:39:36.659246 [debug]: Started rendering snapshot dbt_jbondoc_snapshot.mock_orders
17:39:36.659257 [info ]: Started model dbt_jbondoc.int_orders__pivoted
17:39:36.659261 [debug]: Started rendering model dbt_jbondoc.int_orders__pivoted
17:39:36.659265 [info ]: Started model dbt_jbondoc.all_dates
17:39:36.659267 [debug]: Started rendering model dbt_jbondoc.all_dates
17:39:36.659270 [info ]: Started model dbt_jbondoc.dim_customers
17:39:36.659274 [debug]: Started rendering model dbt_jbondoc.dim_customers
17:39:36.659274 [info ]: Finished loading project [  0.07s]
17:39:36.659279 [info ]: Started model dbt_jbondoc.stg_customers
17:39:36.659282 [debug]: Started rendering model dbt_jbondoc.stg_customers
17:39:36.659286 [info ]: Started model dbt_jbondoc.fct_orders
17:39:36.659291 [debug]: Started rendering model dbt_jbondoc.fct_orders
17:39:36.659295 [info ]: Started model dbt_jbondoc.stg_orders
17:39:36.659297 [debug]: Started rendering model dbt_jbondoc.stg_orders
17:39:36.659302 [info ]: Started analysis dbt_jbondoc.total_revenue
17:39:36.659304 [debug]: Started rendering analysis dbt_jbondoc.total_revenue
17:39:36.659309 [info ]: Started model dbt_jbondoc.stg_payments
17:39:36.659321 [debug]: Started rendering model dbt_jbondoc.stg_payments
17:39:36.661991 [debug]: Compiled SQL for node model.jaffle_shop.stg_customers at target/.lsp/compiled/jaffle_shop/models/staging/jaffle_shop/stg_customers.sql
17:39:36.662001 [debug]: Compiled SQL for node analysis.jaffle_shop.total_revenue at target/.lsp/compiled/jaffle_shop/analysis/total_revenue.sql
17:39:36.662008 [debug]: Compiled SQL for node model.jaffle_shop.fct_orders at target/.lsp/compiled/jaffle_shop/models/marts/core/fct_orders.sql
17:39:36.662020 [debug]: Compiled SQL for node model.jaffle_shop.all_dates at target/.lsp/compiled/jaffle_shop/models/all_dates.sql
17:39:36.662037 [debug]: Compiled SQL for node model.jaffle_shop.int_orders__pivoted at target/.lsp/compiled/jaffle_shop/models/marts/core/int_orders__pivoted.sql
17:39:36.662041 [debug]: Finished rendering [  0.00s] model dbt_jbondoc.stg_customers [success]
17:39:36.662042 [debug]: Compiled SQL for node model.jaffle_shop.stg_orders at target/.lsp/compiled/jaffle_shop/models/staging/jaffle_shop/stg_orders.sql
17:39:36.662049 [debug]: Compiled SQL for node model.jaffle_shop.stg_payments at target/.lsp/compiled/jaffle_shop/models/staging/stripe/stg_payments.sql
17:39:36.662051 [debug]: Compiled SQL for node snapshot.jaffle_shop.mock_orders at target/.lsp/compiled/jaffle_shop/snapshots/mock_orders.sql/mock_orders.sql
17:39:36.662055 [info ]: Started analyzing (8 nodes)
17:39:36.662060 [debug]: Started analyzing model dbt_jbondoc.stg_customers
17:39:36.662092 [debug]: Finished rendering [  0.00s] analysis dbt_jbondoc.total_revenue [success]
17:39:36.662104 [debug]: Compiled SQL for node model.jaffle_shop.dim_customers at target/.lsp/compiled/jaffle_shop/models/marts/core/dim_customers.sql
17:39:36.662108 [info ]:  Succeeded [  0.00s] analysis dbt_jbondoc.total_revenue (analysis)
17:39:36.662135 [debug]: Finished rendering [  0.00s] model dbt_jbondoc.fct_orders [success]
17:39:36.662141 [debug]: Started analyzing model dbt_jbondoc.fct_orders
17:39:36.662153 [debug]: Finished rendering [  0.00s] model dbt_jbondoc.all_dates [success]
17:39:36.662158 [debug]: Started analyzing model dbt_jbondoc.all_dates
17:39:36.662163 [debug]: Finished rendering [  0.00s] model dbt_jbondoc.stg_orders [success]
17:39:36.662166 [debug]: Started analyzing model dbt_jbondoc.stg_orders
17:39:36.662170 [debug]: Finished rendering [  0.00s] snapshot dbt_jbondoc_snapshot.mock_orders [success]
17:39:36.662179 [debug]: Started analyzing snapshot dbt_jbondoc_snapshot.mock_orders
17:39:36.662188 [debug]: Finished rendering [  0.00s] model dbt_jbondoc.int_orders__pivoted [success]
17:39:36.662191 [debug]: Started analyzing model dbt_jbondoc.int_orders__pivoted
17:39:36.662194 [debug]: Finished rendering [  0.00s] model dbt_jbondoc.stg_payments [success]
17:39:36.662197 [debug]: Started analyzing model dbt_jbondoc.stg_payments
17:39:36.662201 [debug]: Finished rendering [  0.00s] model dbt_jbondoc.dim_customers [success]
17:39:36.662203 [info ]: Finished rendering [  0.00s] (9 nodes, 0 skipped, 0 errors)
17:39:36.662205 [debug]: Started analyzing model dbt_jbondoc.dim_customers
17:39:36.662492 [debug]: Finished analyzing [  0.00s] snapshot dbt_jbondoc_snapshot.mock_orders [success]
17:39:36.662498 [info ]:  Succeeded [  0.00s] snapshot dbt_jbondoc_snapshot.mock_orders (snapshot)
17:39:36.662505 [debug]: Finished analyzing [  0.00s] model dbt_jbondoc.stg_orders [success]
17:39:36.662508 [info ]:  Succeeded [  0.00s] model dbt_jbondoc.stg_orders (view)
17:39:36.662512 [debug]: Finished analyzing [  0.00s] model dbt_jbondoc.stg_customers [success]
17:39:36.662515 [info ]:  Succeeded [  0.00s] model dbt_jbondoc.stg_customers (view)
17:39:36.662546 [debug]: Finished analyzing [  0.00s] model dbt_jbondoc.stg_payments [success]
17:39:36.662552 [info ]:  Succeeded [  0.00s] model dbt_jbondoc.stg_payments (view)
17:39:36.662640 [debug]: Finished analyzing [  0.00s] model dbt_jbondoc.dim_customers [success]
17:39:36.662646 [info ]:  Succeeded [  0.00s] model dbt_jbondoc.dim_customers (table)
17:39:36.662676 [debug]: Finished analyzing [  0.00s] model dbt_jbondoc.fct_orders [success]
17:39:36.662682 [info ]:  Succeeded [  0.00s] model dbt_jbondoc.fct_orders (table)
17:39:36.662736 [debug]: Finished analyzing [  0.00s] model dbt_jbondoc.int_orders__pivoted [success]
17:39:36.662741 [info ]:  Succeeded [  0.00s] model dbt_jbondoc.int_orders__pivoted (table)
17:39:36.663778 [debug]: Finished analyzing [  0.00s] model dbt_jbondoc.all_dates [success]
17:39:36.663782 [info ]: Finished analyzing [  0.00s] (8 nodes, 0 skipped, 0 errors)
17:39:36.663785 [info ]:  Succeeded [  0.00s] model dbt_jbondoc.all_dates (table)
17:39:36.665213 [info ]: Started scheduling
17:39:36.665240 [info ]: Finished scheduling [  0.00s]
17:39:36.665395 [info ]: Cached model count updated: 7 models (accurate)
17:39:38.897731 [info ]: Started loading project
17:39:38.898115 [info ]: Loading ~/.dbt/profiles.yml
17:39:38.903980 [info ]: Started loading project
17:39:38.904207 [info ]: Loading ~/.dbt/profiles.yml
17:39:38.904226 [info ]: Finished loading project [  0.01s]
17:39:39.001599 [info ]: Loading packages.yml
17:39:39.001646 [debug]:    Started loading packages
17:39:39.007955 [debug]:     Loaded [  0.01s] packages
17:39:39.008264 [info ]: Finished loading project [  0.10s]
17:39:39.008366 [info ]: Started parsing
17:39:39.025114 [debug]: Finished parsing models/exposures/jaffle_exposures.yml [  0.00s]
17:39:39.025470 [debug]: Finished parsing models/marts/core/fct_orders.yml [  0.00s]
17:39:39.025795 [debug]: Finished parsing models/staging/jaffle_shop/src_jaffle_shop.yml [  0.00s]
17:39:39.026093 [debug]: Finished parsing models/staging/jaffle_shop/stg_jaffle_shop.yml [  0.00s]
17:39:39.026293 [debug]: Finished parsing models/staging/snowplow/src_snowplow.yml [  0.00s]
17:39:39.026489 [debug]: Finished parsing models/staging/stripe/src_stripe.yml [  0.00s]
17:39:39.027115 [debug]: Finished parsing snapshots/mock_orders.sql [  0.00s]
17:39:39.027921 [debug]: Finished parsing models/all_dates.sql [  0.00s]
17:39:39.028301 [debug]: Finished parsing models/marts/core/dim_customers.sql [  0.00s]
17:39:39.028571 [debug]: Finished parsing models/marts/core/fct_orders.sql [  0.00s]
17:39:39.028844 [debug]: Finished parsing models/marts/core/int_orders__pivoted.sql [  0.00s]
17:39:39.029142 [debug]: Finished parsing models/staging/jaffle_shop/stg_customers.sql [  0.00s]
17:39:39.029339 [debug]: Finished parsing models/staging/jaffle_shop/stg_orders.sql [  0.00s]
17:39:39.029534 [debug]: Finished parsing models/staging/snowplow/stg_page_views.sql [  0.00s]
17:39:39.029849 [debug]: Finished parsing models/staging/stripe/stg_payments.sql [  0.00s]
17:39:39.032527 [debug]: Finished parsing analysis/total_revenue.sql [  0.00s]
17:39:39.032845 [debug]: Finished parsing tests/assert_amount_average_is_greater_than_one.sql [  0.00s]
17:39:39.033100 [debug]: Finished parsing tests/assert_positive_value_for_total_amount.sql [  0.00s]
17:39:39.077294 [info ]: Finished parsing [  0.07s]
17:39:39.078191 [info ]: Cached model count updated: 8 models (estimate)
17:39:39.078200 [info ]: Cached model count updated: 7 models (accurate)
17:39:39.078218 [info ]: Started scheduling
17:39:39.078241 [info ]: Finished scheduling [  0.00s]
17:39:39.078246 [debug]: Compilation - 0 nodes selected: {}
17:39:39.078257 [warn ]: [NoNodesForSelectionCriteria (dbt1092)]: The selection criterion '' does not match any enabled nodes
17:39:39.078264 [warn ]: [NoNodesSelected (dbt1601)]: Nothing to do. Try checking your model configs and model specification args
17:39:39.078268 [info ]: Started scheduling
17:39:39.078314 [info ]: Finished scheduling [  0.00s]
17:39:39.078379 [debug]: Initializing schema store with entry: Frontier(CanonicalFqn { catalog: "RAW", schema: "JAFFLE_SHOP", table: "CUSTOMERS" }) and interval: None
17:39:39.078387 [debug]: Initializing schema store with entry: Frontier(CanonicalFqn { catalog: "RAW", schema: "JAFFLE_SHOP", table: "ORDERS" }) and interval: None
17:39:39.078391 [debug]: Initializing schema store with entry: Frontier(CanonicalFqn { catalog: "RAW", schema: "STRIPE", table: "PAYMENT" }) and interval: None
17:39:39.098906 [info ]: Started building task graph
17:39:39.098922 [info ]: Finished building task graph [  0.00s]
17:39:39.125389 [info ]: Started scheduling
17:39:39.125423 [info ]: Finished scheduling [  0.00s]
17:39:39.126282 [info ]: Cached model count updated: 7 models (accurate)
17:39:40.304822 [info ]: Started loading project
17:39:40.305346 [info ]: Loading ~/.dbt/profiles.yml
17:39:40.323725 [info ]: Cached model count updated: 8 models (estimate)
17:39:40.323741 [info ]: Cached model count updated: 7 models (accurate)
17:39:40.323768 [info ]: Started scheduling
17:39:40.323855 [info ]: Finished scheduling [  0.00s]
17:39:40.323865 [debug]: Compilation - 11 nodes selected: {"analysis.jaffle_shop.total_revenue", "exposure.jaffle_shop.customers_data", "exposure.jaffle_shop.jaffle_shop_weekly_metrics", "exposure.jaffle_shop.orders_data", "model.jaffle_shop.all_dates", "model.jaffle_shop.dim_customers", "model.jaffle_shop.fct_orders", "model.jaffle_shop.int_orders__pivoted", "model.jaffle_shop.stg_customers", "model.jaffle_shop.stg_orders", "model.jaffle_shop.stg_payments"}
17:39:40.350490 [info ]: Started building task graph
17:39:40.350545 [info ]: Finished building task graph [  0.00s]
17:39:40.377432 [info ]: Started rendering (8 nodes)
17:39:40.377443 [info ]: Started model dbt_jbondoc.int_orders__pivoted
17:39:40.377449 [debug]: Started rendering model dbt_jbondoc.int_orders__pivoted
17:39:40.377470 [info ]: Started model dbt_jbondoc.all_dates
17:39:40.377475 [debug]: Started rendering model dbt_jbondoc.all_dates
17:39:40.377479 [info ]: Started model dbt_jbondoc.dim_customers
17:39:40.377482 [debug]: Started rendering model dbt_jbondoc.dim_customers
17:39:40.377486 [info ]: Started model dbt_jbondoc.stg_customers
17:39:40.377490 [debug]: Started rendering model dbt_jbondoc.stg_customers
17:39:40.377489 [info ]: Finished loading project [  0.07s]
17:39:40.377497 [info ]: Started model dbt_jbondoc.fct_orders
17:39:40.377500 [debug]: Started rendering model dbt_jbondoc.fct_orders
17:39:40.377505 [info ]: Started model dbt_jbondoc.stg_orders
17:39:40.377507 [debug]: Started rendering model dbt_jbondoc.stg_orders
17:39:40.377512 [info ]: Started analysis dbt_jbondoc.total_revenue
17:39:40.377514 [debug]: Started rendering analysis dbt_jbondoc.total_revenue
17:39:40.377519 [info ]: Started model dbt_jbondoc.stg_payments
17:39:40.377523 [debug]: Started rendering model dbt_jbondoc.stg_payments
17:39:40.378387 [debug]: Compiled SQL for node model.jaffle_shop.stg_customers at target/.lsp/compiled/jaffle_shop/models/staging/jaffle_shop/stg_customers.sql
17:39:40.378513 [debug]: Finished rendering [  0.00s] model dbt_jbondoc.stg_customers [success]
17:39:40.378584 [info ]: Started analyzing (7 nodes)
17:39:40.378592 [debug]: Started analyzing model dbt_jbondoc.stg_customers
17:39:40.378655 [debug]: Compiled SQL for node analysis.jaffle_shop.total_revenue at target/.lsp/compiled/jaffle_shop/analysis/total_revenue.sql
17:39:40.378702 [debug]: Finished rendering [  0.00s] analysis dbt_jbondoc.total_revenue [success]
17:39:40.378709 [info ]:  Succeeded [  0.00s] analysis dbt_jbondoc.total_revenue (analysis)
17:39:40.378750 [debug]: Finished analyzing [  0.00s] model dbt_jbondoc.stg_customers [success]
17:39:40.378776 [debug]: Compiled SQL for node model.jaffle_shop.fct_orders at target/.lsp/compiled/jaffle_shop/models/marts/core/fct_orders.sql
17:39:40.378757 [info ]:  Succeeded [  0.00s] model dbt_jbondoc.stg_customers (view)
17:39:40.378799 [debug]: Compiled SQL for node model.jaffle_shop.stg_payments at target/.lsp/compiled/jaffle_shop/models/staging/stripe/stg_payments.sql
17:39:40.378803 [debug]: Compiled SQL for node model.jaffle_shop.dim_customers at target/.lsp/compiled/jaffle_shop/models/marts/core/dim_customers.sql
17:39:40.378811 [debug]: Compiled SQL for node model.jaffle_shop.int_orders__pivoted at target/.lsp/compiled/jaffle_shop/models/marts/core/int_orders__pivoted.sql
17:39:40.378830 [debug]: Compiled SQL for node model.jaffle_shop.stg_orders at target/.lsp/compiled/jaffle_shop/models/staging/jaffle_shop/stg_orders.sql
17:39:40.378836 [debug]: Finished rendering [  0.00s] model dbt_jbondoc.fct_orders [success]
17:39:40.378842 [debug]: Started analyzing model dbt_jbondoc.fct_orders
17:39:40.378878 [debug]: Finished rendering [  0.00s] model dbt_jbondoc.stg_payments [success]
17:39:40.378891 [debug]: Started analyzing model dbt_jbondoc.stg_payments
17:39:40.378903 [debug]: Finished rendering [  0.00s] model dbt_jbondoc.dim_customers [success]
17:39:40.378906 [debug]: Started analyzing model dbt_jbondoc.dim_customers
17:39:40.378922 [debug]: Finished rendering [  0.00s] model dbt_jbondoc.int_orders__pivoted [success]
17:39:40.378925 [debug]: Started analyzing model dbt_jbondoc.int_orders__pivoted
17:39:40.378930 [debug]: Finished rendering [  0.00s] model dbt_jbondoc.stg_orders [success]
17:39:40.378933 [debug]: Started analyzing model dbt_jbondoc.stg_orders
17:39:40.378994 [debug]: Finished analyzing [  0.00s] model dbt_jbondoc.stg_payments [success]
17:39:40.379002 [info ]:  Succeeded [  0.00s] model dbt_jbondoc.stg_payments (view)
17:39:40.379043 [debug]: Finished analyzing [  0.00s] model dbt_jbondoc.stg_orders [success]
17:39:40.379055 [info ]:  Succeeded [  0.00s] model dbt_jbondoc.stg_orders (view)
17:39:40.379098 [debug]: Finished analyzing [  0.00s] model dbt_jbondoc.fct_orders [success]
17:39:40.379104 [info ]:  Succeeded [  0.00s] model dbt_jbondoc.fct_orders (table)
17:39:40.379175 [debug]: Finished analyzing [  0.00s] model dbt_jbondoc.dim_customers [success]
17:39:40.379181 [info ]:  Succeeded [  0.00s] model dbt_jbondoc.dim_customers (table)
17:39:40.379212 [debug]: Finished analyzing [  0.00s] model dbt_jbondoc.int_orders__pivoted [success]
17:39:40.379218 [info ]:  Succeeded [  0.00s] model dbt_jbondoc.int_orders__pivoted (table)
17:39:41.462121 [debug]: Query executed on node model.jaffle_shop.all_dates:
select datediff(
        day,
        to_date('01/01/2020', 'mm/dd/yyyy'),
        to_date('01/01/2021', 'mm/dd/yyyy')
        )
/* {"app": "dbt", "connection_name": "", "dbt_version": "2.0.0", "profile_name": "default", "target_name": "dev"} */
17:39:41.463194 [debug]: Compiled SQL for node model.jaffle_shop.all_dates at target/.lsp/compiled/jaffle_shop/models/all_dates.sql
17:39:41.463278 [debug]: Finished rendering [  1.09s] model dbt_jbondoc.all_dates [success]
17:39:41.463291 [info ]: Finished rendering [  1.09s] (8 nodes, 0 skipped, 0 errors)
17:39:41.463309 [debug]: Started analyzing model dbt_jbondoc.all_dates
17:39:41.465430 [debug]: Finished analyzing [  0.00s] model dbt_jbondoc.all_dates [success]
17:39:41.465441 [info ]: Finished analyzing [  1.09s] (7 nodes, 0 skipped, 0 errors)
17:39:41.465445 [info ]:  Succeeded [  1.09s] model dbt_jbondoc.all_dates (table)
17:39:41.467408 [info ]: Started scheduling
17:39:41.467447 [info ]: Finished scheduling [  0.00s]
17:39:41.467661 [info ]: Cached model count updated: 7 models (accurate)
17:40:19.556809 [info ]: Started loading project
17:40:19.557260 [info ]: Loading ~/.dbt/profiles.yml
17:40:19.567881 [info ]: Started parsing
17:40:19.590216 [info ]: Finished loading project [  0.03s]
17:40:19.593138 [debug]: Finished parsing models/marts/core/fct_orders.yml [  0.00s]
17:40:19.594232 [debug]: Finished parsing snapshots/mock_orders.sql [  0.00s]
17:40:19.595643 [debug]: Finished parsing models/marts/core/fct_orders.sql [  0.00s]
17:40:19.653618 [info ]: Finished parsing [  0.09s]
17:40:19.655262 [info ]: Cached model count updated: 8 models (estimate)
17:40:19.655272 [info ]: Cached model count updated: 7 models (accurate)
17:40:19.655304 [info ]: Started scheduling
17:40:19.655405 [info ]: Finished scheduling [  0.00s]
17:40:19.655414 [debug]: Compilation - 4 nodes selected: {"exposure.jaffle_shop.jaffle_shop_weekly_metrics", "model.jaffle_shop.fct_orders", "model.jaffle_shop.stg_orders", "model.jaffle_shop.stg_payments"}
17:40:19.685397 [info ]: Started building task graph
17:40:19.685595 [info ]: Finished building task graph [  0.00s]
17:40:19.713418 [info ]: Started rendering (3 nodes)
17:40:19.713438 [info ]: Started model dbt_jbondoc.fct_orders
17:40:19.713445 [debug]: Started rendering model dbt_jbondoc.fct_orders
17:40:19.713456 [info ]: Started model dbt_jbondoc.stg_payments
17:40:19.713459 [debug]: Started rendering model dbt_jbondoc.stg_payments
17:40:19.713463 [info ]: Started model dbt_jbondoc.stg_orders
17:40:19.713466 [debug]: Started rendering model dbt_jbondoc.stg_orders
17:40:19.714136 [debug]: Compiled SQL for node model.jaffle_shop.stg_orders at target/.lsp/compiled/jaffle_shop/models/staging/jaffle_shop/stg_orders.sql
17:40:19.714169 [debug]: Compiled SQL for node model.jaffle_shop.stg_payments at target/.lsp/compiled/jaffle_shop/models/staging/stripe/stg_payments.sql
17:40:19.714205 [debug]: Finished rendering [  0.00s] model dbt_jbondoc.stg_orders [success]
17:40:19.714237 [info ]: Started analyzing (3 nodes)
17:40:19.714243 [debug]: Started analyzing model dbt_jbondoc.stg_orders
17:40:19.714256 [debug]: Finished rendering [  0.00s] model dbt_jbondoc.stg_payments [success]
17:40:19.714260 [debug]: Started analyzing model dbt_jbondoc.stg_payments
17:40:19.714600 [debug]: Compiled SQL for node model.jaffle_shop.fct_orders at target/.lsp/compiled/jaffle_shop/models/marts/core/fct_orders.sql
17:40:19.714696 [debug]: Finished rendering [  0.00s] model dbt_jbondoc.fct_orders [success]
17:40:19.714705 [info ]: Finished rendering [  0.00s] (3 nodes, 0 skipped, 0 errors)
17:40:19.714712 [debug]: Started analyzing model dbt_jbondoc.fct_orders
17:40:19.715150 [debug]: Finished analyzing [  0.00s] model dbt_jbondoc.stg_orders [success]
17:40:19.715160 [info ]:  Succeeded [-------] model dbt_jbondoc.stg_orders (view)
17:40:19.715171 [debug]: Finished analyzing [  0.00s] model dbt_jbondoc.stg_payments [success]
17:40:19.715173 [info ]:  Succeeded [-------] model dbt_jbondoc.stg_payments (view)
17:40:19.715570 [debug]: Finished analyzing [  0.00s] model dbt_jbondoc.fct_orders [success]
17:40:19.715578 [info ]: Finished analyzing [  0.00s] (3 nodes, 0 skipped, 0 errors)
17:40:19.715581 [info ]:  Succeeded [  0.00s] model dbt_jbondoc.fct_orders (table)
17:40:19.720532 [info ]: Started scheduling
17:40:19.720595 [info ]: Finished scheduling [  0.00s]
17:40:19.721154 [info ]: Cached model count updated: 7 models (accurate)
17:40:20.901446 [info ]: Started loading project
17:40:20.901723 [info ]: Loading ~/.dbt/profiles.yml
17:40:20.915949 [info ]: Cached model count updated: 8 models (estimate)
17:40:20.915962 [info ]: Cached model count updated: 7 models (accurate)
17:40:20.915986 [info ]: Started scheduling
17:40:20.916062 [info ]: Finished scheduling [  0.00s]
17:40:20.916073 [debug]: Compilation - 11 nodes selected: {"analysis.jaffle_shop.total_revenue", "exposure.jaffle_shop.customers_data", "exposure.jaffle_shop.jaffle_shop_weekly_metrics", "exposure.jaffle_shop.orders_data", "model.jaffle_shop.all_dates", "model.jaffle_shop.dim_customers", "model.jaffle_shop.fct_orders", "model.jaffle_shop.int_orders__pivoted", "model.jaffle_shop.stg_customers", "model.jaffle_shop.stg_orders", "model.jaffle_shop.stg_payments"}
17:40:20.938094 [info ]: Started building task graph
17:40:20.938147 [info ]: Finished building task graph [  0.00s]
17:40:20.955040 [info ]: Started rendering (8 nodes)
17:40:20.955054 [info ]: Started model dbt_jbondoc.int_orders__pivoted
17:40:20.955060 [debug]: Started rendering model dbt_jbondoc.int_orders__pivoted
17:40:20.955070 [info ]: Started model dbt_jbondoc.all_dates
17:40:20.955074 [debug]: Started rendering model dbt_jbondoc.all_dates
17:40:20.955078 [info ]: Started model dbt_jbondoc.dim_customers
17:40:20.955081 [debug]: Started rendering model dbt_jbondoc.dim_customers
17:40:20.955085 [info ]: Started model dbt_jbondoc.stg_customers
17:40:20.955084 [info ]: Finished loading project [  0.05s]
17:40:20.955089 [debug]: Started rendering model dbt_jbondoc.stg_customers
17:40:20.955094 [info ]: Started model dbt_jbondoc.fct_orders
17:40:20.955097 [debug]: Started rendering model dbt_jbondoc.fct_orders
17:40:20.955133 [info ]: Started model dbt_jbondoc.stg_orders
17:40:20.955137 [debug]: Started rendering model dbt_jbondoc.stg_orders
17:40:20.955143 [info ]: Started analysis dbt_jbondoc.total_revenue
17:40:20.955146 [debug]: Started rendering analysis dbt_jbondoc.total_revenue
17:40:20.955151 [info ]: Started model dbt_jbondoc.stg_payments
17:40:20.955153 [debug]: Started rendering model dbt_jbondoc.stg_payments
17:40:20.955476 [debug]: Compiled SQL for node model.jaffle_shop.stg_orders at target/.lsp/compiled/jaffle_shop/models/staging/jaffle_shop/stg_orders.sql
17:40:20.955483 [debug]: Compiled SQL for node model.jaffle_shop.fct_orders at target/.lsp/compiled/jaffle_shop/models/marts/core/fct_orders.sql
17:40:20.955496 [debug]: Compiled SQL for node model.jaffle_shop.stg_payments at target/.lsp/compiled/jaffle_shop/models/staging/stripe/stg_payments.sql
17:40:20.955547 [debug]: Finished rendering [  0.00s] model dbt_jbondoc.stg_orders [success]
17:40:20.955560 [info ]: Started analyzing (7 nodes)
17:40:20.955572 [debug]: Started analyzing model dbt_jbondoc.stg_orders
17:40:20.955587 [debug]: Finished rendering [  0.00s] model dbt_jbondoc.fct_orders [success]
17:40:20.955591 [debug]: Started analyzing model dbt_jbondoc.fct_orders
17:40:20.955594 [debug]: Compiled SQL for node model.jaffle_shop.all_dates at target/.lsp/compiled/jaffle_shop/models/all_dates.sql
17:40:20.955607 [debug]: Finished rendering [  0.00s] model dbt_jbondoc.stg_payments [success]
17:40:20.955615 [debug]: Started analyzing model dbt_jbondoc.stg_payments
17:40:20.955635 [debug]: Finished rendering [  0.00s] model dbt_jbondoc.all_dates [success]
17:40:20.955639 [debug]: Started analyzing model dbt_jbondoc.all_dates
17:40:20.955658 [debug]: Compiled SQL for node analysis.jaffle_shop.total_revenue at target/.lsp/compiled/jaffle_shop/analysis/total_revenue.sql
17:40:20.955699 [debug]: Finished rendering [  0.00s] analysis dbt_jbondoc.total_revenue [success]
17:40:20.955708 [info ]:  Succeeded [-------] analysis dbt_jbondoc.total_revenue (analysis)
17:40:20.955711 [debug]: Compiled SQL for node model.jaffle_shop.int_orders__pivoted at target/.lsp/compiled/jaffle_shop/models/marts/core/int_orders__pivoted.sql
17:40:20.955730 [debug]: Finished analyzing [  0.00s] model dbt_jbondoc.stg_payments [success]
17:40:20.955731 [debug]: Compiled SQL for node model.jaffle_shop.stg_customers at target/.lsp/compiled/jaffle_shop/models/staging/jaffle_shop/stg_customers.sql
17:40:20.955737 [info ]:  Succeeded [-------] model dbt_jbondoc.stg_payments (view)
17:40:20.955744 [debug]: Finished analyzing [  0.00s] model dbt_jbondoc.stg_orders [success]
17:40:20.955748 [info ]:  Succeeded [-------] model dbt_jbondoc.stg_orders (view)
17:40:20.955726 [debug]: Compiled SQL for node model.jaffle_shop.dim_customers at target/.lsp/compiled/jaffle_shop/models/marts/core/dim_customers.sql
17:40:20.955753 [debug]: Finished rendering [  0.00s] model dbt_jbondoc.int_orders__pivoted [success]
17:40:20.955763 [debug]: Started analyzing model dbt_jbondoc.int_orders__pivoted
17:40:20.955769 [debug]: Finished rendering [  0.00s] model dbt_jbondoc.stg_customers [success]
17:40:20.955775 [debug]: Started analyzing model dbt_jbondoc.stg_customers
17:40:20.955786 [debug]: Finished rendering [  0.00s] model dbt_jbondoc.dim_customers [success]
17:40:20.955790 [info ]: Finished rendering [  0.00s] (8 nodes, 0 skipped, 0 errors)
17:40:20.955793 [debug]: Started analyzing model dbt_jbondoc.dim_customers
17:40:20.955854 [debug]: Finished analyzing [  0.00s] model dbt_jbondoc.stg_customers [success]
17:40:20.955859 [info ]:  Succeeded [-------] model dbt_jbondoc.stg_customers (view)
17:40:20.956004 [debug]: Finished analyzing [  0.00s] model dbt_jbondoc.fct_orders [success]
17:40:20.956011 [info ]:  Succeeded [-------] model dbt_jbondoc.fct_orders (table)
17:40:20.956016 [debug]: Finished analyzing [  0.00s] model dbt_jbondoc.dim_customers [success]
17:40:20.956018 [info ]:  Succeeded [-------] model dbt_jbondoc.dim_customers (table)
17:40:20.956089 [debug]: Finished analyzing [  0.00s] model dbt_jbondoc.int_orders__pivoted [success]
17:40:20.956094 [info ]:  Succeeded [-------] model dbt_jbondoc.int_orders__pivoted (table)
17:40:20.957100 [debug]: Finished analyzing [  0.00s] model dbt_jbondoc.all_dates [success]
17:40:20.957104 [info ]: Finished analyzing [  0.00s] (7 nodes, 0 skipped, 0 errors)
17:40:20.957106 [info ]:  Succeeded [  0.00s] model dbt_jbondoc.all_dates (table)
17:40:20.958563 [info ]: Started scheduling
17:40:20.958595 [info ]: Finished scheduling [  0.00s]
17:40:20.958795 [info ]: Cached model count updated: 7 models (accurate)
21:05:44.823897 [info ]: Started loading project
21:05:44.836926 [info ]: Loading ~/.dbt/profiles.yml
21:05:44.889494 [info ]: Started parsing
21:05:44.929030 [info ]: Finished loading project [  0.11s]
21:05:44.946433 [debug]: Finished parsing models/staging/jaffle_shop/stg_jaffle_shop.yml [  0.00s]
21:05:44.957408 [debug]: Finished parsing snapshots/mock_orders.sql [  0.01s]
21:05:44.961401 [debug]: Finished parsing models/staging/jaffle_shop/stg_customers.sql [  0.00s]
21:05:44.962022 [debug]: Finished parsing models/staging/jaffle_shop/stg_orders.sql [  0.00s]
21:05:45.011831 [info ]: Finished parsing [  0.12s]
21:05:45.015460 [info ]: Cached model count updated: 8 models (estimate)
21:05:45.015658 [info ]: Cached model count updated: 7 models (accurate)
21:05:45.016675 [info ]: Started scheduling
21:05:45.018568 [info ]: Finished scheduling [  0.00s]
21:05:45.018699 [debug]: Compilation - 1 nodes selected: {"model.jaffle_shop.stg_orders"}
21:05:45.053762 [info ]: Started building task graph
21:05:45.055312 [info ]: Finished building task graph [  0.00s]
21:05:45.102529 [info ]: Started rendering (1 nodes)
21:05:45.102675 [info ]: Started model dbt_jbondoc.stg_orders
21:05:45.102693 [debug]: Started rendering model dbt_jbondoc.stg_orders
21:05:45.112894 [debug]: Compiled SQL for node model.jaffle_shop.stg_orders at target/.lsp/compiled/jaffle_shop/models/staging/jaffle_shop/stg_orders.sql
21:05:45.113006 [debug]: Finished rendering [  0.01s] model dbt_jbondoc.stg_orders [success]
21:05:45.113023 [info ]: Finished rendering [  0.01s] (1 nodes, 0 skipped, 0 errors)
21:05:45.113733 [info ]: Started analyzing (1 nodes)
21:05:45.113747 [debug]: Started analyzing model dbt_jbondoc.stg_orders
21:05:45.134525 [warn ]: [SyntaxInvalid (dbt0101)]: extraneous input 'select' expecting one of 'ABORT', 'ABSENT', 'ACCESS', 'ADD', 'ADMIN', 'AFTER', 'ANALYZE' ...
  --> models/staging/jaffle_shop/stg_orders.sql:8:1 (target/.lsp/compiled/jaffle_shop/models/staging/jaffle_shop/stg_orders.sql:8:1)
21:05:45.135411 [debug]: Finished analyzing [  0.02s] model dbt_jbondoc.stg_orders [success]
21:05:45.135420 [info ]: Finished analyzing [  0.02s] (1 nodes, 0 skipped, 0 errors)
21:05:45.135423 [info ]:  Succeeded [  0.03s] model dbt_jbondoc.stg_orders (view)
21:05:45.140039 [info ]: Started scheduling
21:05:45.140242 [info ]: Finished scheduling [  0.00s]
21:05:45.140948 [info ]: Cached model count updated: 7 models (accurate)
21:05:46.326771 [info ]: Started loading project
21:05:46.327081 [info ]: Loading ~/.dbt/profiles.yml
21:05:46.343717 [info ]: Cached model count updated: 8 models (estimate)
21:05:46.343732 [info ]: Cached model count updated: 7 models (accurate)
21:05:46.343758 [info ]: Started scheduling
21:05:46.343843 [info ]: Finished scheduling [  0.00s]
21:05:46.343853 [debug]: Compilation - 11 nodes selected: {"analysis.jaffle_shop.total_revenue", "exposure.jaffle_shop.customers_data", "exposure.jaffle_shop.jaffle_shop_weekly_metrics", "exposure.jaffle_shop.orders_data", "model.jaffle_shop.all_dates", "model.jaffle_shop.dim_customers", "model.jaffle_shop.fct_orders", "model.jaffle_shop.int_orders__pivoted", "model.jaffle_shop.stg_customers", "model.jaffle_shop.stg_orders", "model.jaffle_shop.stg_payments"}
21:05:46.366216 [info ]: Started building task graph
21:05:46.366288 [info ]: Finished building task graph [  0.00s]
21:05:46.385825 [info ]: Started rendering (8 nodes)
21:05:46.385841 [info ]: Started model dbt_jbondoc.int_orders__pivoted
21:05:46.385857 [debug]: Started rendering model dbt_jbondoc.int_orders__pivoted
21:05:46.385872 [info ]: Started model dbt_jbondoc.all_dates
21:05:46.385876 [debug]: Started rendering model dbt_jbondoc.all_dates
21:05:46.385880 [info ]: Started model dbt_jbondoc.dim_customers
21:05:46.385883 [debug]: Started rendering model dbt_jbondoc.dim_customers
21:05:46.385886 [info ]: Started model dbt_jbondoc.stg_customers
21:05:46.385889 [debug]: Started rendering model dbt_jbondoc.stg_customers
21:05:46.385890 [info ]: Finished loading project [  0.06s]
21:05:46.385893 [info ]: Started model dbt_jbondoc.fct_orders
21:05:46.385904 [debug]: Started rendering model dbt_jbondoc.fct_orders
21:05:46.385908 [info ]: Started model dbt_jbondoc.stg_orders
21:05:46.385910 [debug]: Started rendering model dbt_jbondoc.stg_orders
21:05:46.385914 [info ]: Started analysis dbt_jbondoc.total_revenue
21:05:46.385916 [debug]: Started rendering analysis dbt_jbondoc.total_revenue
21:05:46.385921 [info ]: Started model dbt_jbondoc.stg_payments
21:05:46.385923 [debug]: Started rendering model dbt_jbondoc.stg_payments
21:05:46.388588 [debug]: Compiled SQL for node model.jaffle_shop.fct_orders at target/.lsp/compiled/jaffle_shop/models/marts/core/fct_orders.sql
21:05:46.388594 [debug]: Compiled SQL for node model.jaffle_shop.stg_orders at target/.lsp/compiled/jaffle_shop/models/staging/jaffle_shop/stg_orders.sql
21:05:46.388630 [debug]: Finished rendering [  0.00s] model dbt_jbondoc.stg_orders [success]
21:05:46.388657 [info ]: Started analyzing (7 nodes)
21:05:46.388663 [debug]: Started analyzing model dbt_jbondoc.stg_orders
21:05:46.388666 [debug]: Compiled SQL for node analysis.jaffle_shop.total_revenue at target/.lsp/compiled/jaffle_shop/analysis/total_revenue.sql
21:05:46.388684 [debug]: Compiled SQL for node model.jaffle_shop.int_orders__pivoted at target/.lsp/compiled/jaffle_shop/models/marts/core/int_orders__pivoted.sql
21:05:46.388690 [debug]: Finished rendering [  0.00s] model dbt_jbondoc.fct_orders [success]
21:05:46.388702 [debug]: Compiled SQL for node model.jaffle_shop.all_dates at target/.lsp/compiled/jaffle_shop/models/all_dates.sql
21:05:46.388727 [debug]: Started analyzing model dbt_jbondoc.fct_orders
21:05:46.388751 [debug]: Compiled SQL for node model.jaffle_shop.stg_customers at target/.lsp/compiled/jaffle_shop/models/staging/jaffle_shop/stg_customers.sql
21:05:46.388745 [debug]: Compiled SQL for node model.jaffle_shop.stg_payments at target/.lsp/compiled/jaffle_shop/models/staging/stripe/stg_payments.sql
21:05:46.388750 [debug]: Compiled SQL for node model.jaffle_shop.dim_customers at target/.lsp/compiled/jaffle_shop/models/marts/core/dim_customers.sql
21:05:46.388755 [debug]: Finished rendering [  0.00s] model dbt_jbondoc.int_orders__pivoted [success]
21:05:46.388773 [debug]: Started analyzing model dbt_jbondoc.int_orders__pivoted
21:05:46.388788 [debug]: Finished rendering [  0.00s] model dbt_jbondoc.stg_customers [success]
21:05:46.388796 [debug]: Started analyzing model dbt_jbondoc.stg_customers
21:05:46.388807 [debug]: Finished rendering [  0.00s] model dbt_jbondoc.dim_customers [success]
21:05:46.388815 [debug]: Started analyzing model dbt_jbondoc.dim_customers
21:05:46.388824 [debug]: Finished rendering [  0.00s] model dbt_jbondoc.stg_payments [success]
21:05:46.388833 [debug]: Started analyzing model dbt_jbondoc.stg_payments
21:05:46.388842 [debug]: Finished rendering [  0.00s] analysis dbt_jbondoc.total_revenue [success]
21:05:46.388851 [info ]:  Succeeded [  0.00s] analysis dbt_jbondoc.total_revenue (analysis)
21:05:46.390307 [debug]: Finished rendering [  0.00s] model dbt_jbondoc.all_dates [success]
21:05:46.390320 [info ]: Finished rendering [  0.00s] (8 nodes, 0 skipped, 0 errors)
21:05:46.390325 [debug]: Started analyzing model dbt_jbondoc.all_dates
21:05:46.390662 [debug]: Finished analyzing [  0.00s] model dbt_jbondoc.stg_customers [success]
21:05:46.390669 [info ]:  Succeeded [  0.00s] model dbt_jbondoc.stg_customers (view)
21:05:46.390675 [debug]: Finished analyzing [  0.00s] model dbt_jbondoc.stg_payments [success]
21:05:46.390679 [info ]:  Succeeded [  0.00s] model dbt_jbondoc.stg_payments (view)
21:05:46.390689 [warn ]: [SyntaxInvalid (dbt0101)]: extraneous input 'select' expecting one of 'ABORT', 'ABSENT', 'ACCESS', 'ADD', 'ADMIN', 'AFTER', 'ANALYZE' ...
  --> models/staging/jaffle_shop/stg_orders.sql:8:1 (target/.lsp/compiled/jaffle_shop/models/staging/jaffle_shop/stg_orders.sql:8:1)
21:05:46.390713 [info ]:  Succeeded [  0.00s] model dbt_jbondoc.stg_orders (view)
21:05:46.390724 [debug]: Finished analyzing [  0.00s] model dbt_jbondoc.stg_orders [success]
21:05:46.391783 [debug]: Finished analyzing [  0.00s] model dbt_jbondoc.dim_customers [success]
21:05:46.391792 [info ]:  Succeeded [  0.00s] model dbt_jbondoc.dim_customers (table)
21:05:46.391799 [debug]: Finished analyzing [  0.00s] model dbt_jbondoc.fct_orders [success]
21:05:46.391802 [info ]:  Succeeded [  0.01s] model dbt_jbondoc.fct_orders (table)
21:05:46.391806 [debug]: Finished analyzing [  0.00s] model dbt_jbondoc.int_orders__pivoted [success]
21:05:46.391809 [info ]:  Succeeded [  0.01s] model dbt_jbondoc.int_orders__pivoted (table)
21:05:46.392156 [debug]: Finished analyzing [  0.00s] model dbt_jbondoc.all_dates [success]
21:05:46.392161 [info ]: Finished analyzing [  0.00s] (7 nodes, 0 skipped, 0 errors)
21:05:46.392164 [info ]:  Succeeded [  0.01s] model dbt_jbondoc.all_dates (table)
21:05:46.393631 [info ]: Started scheduling
21:05:46.393660 [info ]: Finished scheduling [  0.00s]
21:05:46.394570 [info ]: Cached model count updated: 7 models (accurate)
21:06:54.795149 [info ]: Started loading project
21:06:54.795697 [info ]: Loading ~/.dbt/profiles.yml
21:06:54.808487 [info ]: Started parsing
21:06:54.836014 [info ]: Finished loading project [  0.04s]
21:06:54.838196 [debug]: Finished parsing models/staging/jaffle_shop/stg_jaffle_shop.yml [  0.00s]
21:06:54.838890 [debug]: Finished parsing snapshots/mock_orders.sql [  0.00s]
21:06:54.839992 [debug]: Finished parsing models/staging/jaffle_shop/stg_customers.sql [  0.00s]
21:06:54.840207 [debug]: Finished parsing models/staging/jaffle_shop/stg_orders.sql [  0.00s]
21:06:54.888008 [info ]: Finished parsing [  0.08s]
21:06:54.889658 [info ]: Cached model count updated: 8 models (estimate)
21:06:54.889669 [info ]: Cached model count updated: 7 models (accurate)
21:06:54.889699 [info ]: Started scheduling
21:06:54.889769 [info ]: Finished scheduling [  0.00s]
21:06:54.889776 [debug]: Compilation - 1 nodes selected: {"model.jaffle_shop.stg_orders"}
21:06:54.916867 [info ]: Started building task graph
21:06:54.916913 [info ]: Finished building task graph [  0.00s]
21:06:54.947671 [info ]: Started rendering (1 nodes)
21:06:54.947688 [info ]: Started model dbt_jbondoc.stg_orders
21:06:54.947695 [debug]: Started rendering model dbt_jbondoc.stg_orders
21:06:54.948446 [debug]: Compiled SQL for node model.jaffle_shop.stg_orders at target/.lsp/compiled/jaffle_shop/models/staging/jaffle_shop/stg_orders.sql
21:06:54.948499 [debug]: Finished rendering [  0.00s] model dbt_jbondoc.stg_orders [success]
21:06:54.948507 [info ]: Finished rendering [  0.00s] (1 nodes, 0 skipped, 0 errors)
21:06:54.948523 [info ]: Started analyzing (1 nodes)
21:06:54.948528 [debug]: Started analyzing model dbt_jbondoc.stg_orders
21:06:54.951721 [warn ]: [SyntaxInvalid (dbt0101)]: no viable alternative at input 'staged as (
select
    id as order_id,
    user_id as customer_id,
    order_date,
    datediff('day', order_date, convert_timezone('UTC', current_timestamp()) }'
  --> models/staging/jaffle_shop/stg_orders.sql:13:63 (target/.lsp/compiled/jaffle_shop/models/staging/jaffle_shop/stg_orders.sql:13:78)
21:06:54.951761 [info ]:  Succeeded [  0.00s] model dbt_jbondoc.stg_orders (view)
21:06:54.951768 [debug]: Finished analyzing [  0.00s] model dbt_jbondoc.stg_orders [success]
21:06:54.951774 [info ]: Finished analyzing [  0.00s] (1 nodes, 0 skipped, 0 errors)
21:06:54.953284 [info ]: Started scheduling
21:06:54.953350 [info ]: Finished scheduling [  0.00s]
21:06:54.953766 [info ]: Cached model count updated: 7 models (accurate)
21:06:56.136917 [info ]: Started loading project
21:06:56.137228 [info ]: Loading ~/.dbt/profiles.yml
21:06:56.153689 [info ]: Cached model count updated: 8 models (estimate)
21:06:56.153704 [info ]: Cached model count updated: 7 models (accurate)
21:06:56.153729 [info ]: Started scheduling
21:06:56.153803 [info ]: Finished scheduling [  0.00s]
21:06:56.153812 [debug]: Compilation - 11 nodes selected: {"analysis.jaffle_shop.total_revenue", "exposure.jaffle_shop.customers_data", "exposure.jaffle_shop.jaffle_shop_weekly_metrics", "exposure.jaffle_shop.orders_data", "model.jaffle_shop.all_dates", "model.jaffle_shop.dim_customers", "model.jaffle_shop.fct_orders", "model.jaffle_shop.int_orders__pivoted", "model.jaffle_shop.stg_customers", "model.jaffle_shop.stg_orders", "model.jaffle_shop.stg_payments"}
21:06:56.178697 [info ]: Started building task graph
21:06:56.178755 [info ]: Finished building task graph [  0.00s]
21:06:56.199879 [info ]: Started rendering (8 nodes)
21:06:56.199892 [info ]: Started model dbt_jbondoc.int_orders__pivoted
21:06:56.199897 [debug]: Started rendering model dbt_jbondoc.int_orders__pivoted
21:06:56.199918 [info ]: Started model dbt_jbondoc.all_dates
21:06:56.199923 [debug]: Started rendering model dbt_jbondoc.all_dates
21:06:56.199927 [info ]: Started model dbt_jbondoc.dim_customers
21:06:56.199929 [debug]: Started rendering model dbt_jbondoc.dim_customers
21:06:56.199933 [info ]: Started model dbt_jbondoc.stg_customers
21:06:56.199936 [debug]: Started rendering model dbt_jbondoc.stg_customers
21:06:56.199941 [info ]: Started model dbt_jbondoc.fct_orders
21:06:56.199939 [info ]: Finished loading project [  0.06s]
21:06:56.199944 [debug]: Started rendering model dbt_jbondoc.fct_orders
21:06:56.199949 [info ]: Started model dbt_jbondoc.stg_orders
21:06:56.199951 [debug]: Started rendering model dbt_jbondoc.stg_orders
21:06:56.199955 [info ]: Started analysis dbt_jbondoc.total_revenue
21:06:56.199958 [debug]: Started rendering analysis dbt_jbondoc.total_revenue
21:06:56.199962 [info ]: Started model dbt_jbondoc.stg_payments
21:06:56.199965 [debug]: Started rendering model dbt_jbondoc.stg_payments
21:06:56.200293 [debug]: Compiled SQL for node model.jaffle_shop.stg_orders at target/.lsp/compiled/jaffle_shop/models/staging/jaffle_shop/stg_orders.sql
21:06:56.200396 [debug]: Finished rendering [  0.00s] model dbt_jbondoc.stg_orders [success]
21:06:56.200412 [info ]: Started analyzing (7 nodes)
21:06:56.200416 [debug]: Started analyzing model dbt_jbondoc.stg_orders
21:06:56.200428 [debug]: Compiled SQL for node model.jaffle_shop.all_dates at target/.lsp/compiled/jaffle_shop/models/all_dates.sql
21:06:56.200450 [debug]: Finished rendering [  0.00s] model dbt_jbondoc.all_dates [success]
21:06:56.200478 [debug]: Started analyzing model dbt_jbondoc.all_dates
21:06:56.200496 [debug]: Compiled SQL for node analysis.jaffle_shop.total_revenue at target/.lsp/compiled/jaffle_shop/analysis/total_revenue.sql
21:06:56.200530 [debug]: Finished rendering [  0.00s] analysis dbt_jbondoc.total_revenue [success]
21:06:56.200540 [info ]:  Succeeded [-------] analysis dbt_jbondoc.total_revenue (analysis)
21:06:56.200539 [debug]: Compiled SQL for node model.jaffle_shop.stg_customers at target/.lsp/compiled/jaffle_shop/models/staging/jaffle_shop/stg_customers.sql
21:06:56.200544 [debug]: Compiled SQL for node model.jaffle_shop.dim_customers at target/.lsp/compiled/jaffle_shop/models/marts/core/dim_customers.sql
21:06:56.200559 [debug]: Compiled SQL for node model.jaffle_shop.int_orders__pivoted at target/.lsp/compiled/jaffle_shop/models/marts/core/int_orders__pivoted.sql
21:06:56.200603 [debug]: Finished rendering [  0.00s] model dbt_jbondoc.stg_customers [success]
21:06:56.200602 [debug]: Compiled SQL for node model.jaffle_shop.stg_payments at target/.lsp/compiled/jaffle_shop/models/staging/stripe/stg_payments.sql
21:06:56.200616 [debug]: Started analyzing model dbt_jbondoc.stg_customers
21:06:56.200623 [debug]: Finished rendering [  0.00s] model dbt_jbondoc.int_orders__pivoted [success]
21:06:56.200627 [debug]: Started analyzing model dbt_jbondoc.int_orders__pivoted
21:06:56.200635 [debug]: Finished rendering [  0.00s] model dbt_jbondoc.dim_customers [success]
21:06:56.200640 [debug]: Started analyzing model dbt_jbondoc.dim_customers
21:06:56.200645 [debug]: Finished rendering [  0.00s] model dbt_jbondoc.stg_payments [success]
21:06:56.200650 [debug]: Started analyzing model dbt_jbondoc.stg_payments
21:06:56.200655 [debug]: Compiled SQL for node model.jaffle_shop.fct_orders at target/.lsp/compiled/jaffle_shop/models/marts/core/fct_orders.sql
21:06:56.200679 [debug]: Finished rendering [  0.00s] model dbt_jbondoc.fct_orders [success]
21:06:56.200690 [info ]: Finished rendering [  0.00s] (8 nodes, 0 skipped, 0 errors)
21:06:56.200700 [debug]: Started analyzing model dbt_jbondoc.fct_orders
21:06:56.200723 [debug]: Finished analyzing [  0.00s] model dbt_jbondoc.stg_customers [success]
21:06:56.200730 [info ]:  Succeeded [-------] model dbt_jbondoc.stg_customers (view)
21:06:56.200741 [debug]: Finished analyzing [  0.00s] model dbt_jbondoc.stg_payments [success]
21:06:56.200745 [info ]:  Succeeded [-------] model dbt_jbondoc.stg_payments (view)
21:06:56.200904 [warn ]: [SyntaxInvalid (dbt0101)]: no viable alternative at input 'staged as (
select
    id as order_id,
    user_id as customer_id,
    order_date,
    datediff('day', order_date, convert_timezone('UTC', current_timestamp()) }'
  --> models/staging/jaffle_shop/stg_orders.sql:13:63 (target/.lsp/compiled/jaffle_shop/models/staging/jaffle_shop/stg_orders.sql:13:78)
21:06:56.200931 [info ]:  Succeeded [-------] model dbt_jbondoc.stg_orders (view)
21:06:56.200949 [debug]: Finished analyzing [  0.00s] model dbt_jbondoc.dim_customers [success]
21:06:56.200949 [debug]: Finished analyzing [  0.00s] model dbt_jbondoc.stg_orders [success]
21:06:56.200955 [info ]:  Succeeded [-------] model dbt_jbondoc.dim_customers (table)
21:06:56.200985 [debug]: Finished analyzing [  0.00s] model dbt_jbondoc.fct_orders [success]
21:06:56.200990 [info ]:  Succeeded [-------] model dbt_jbondoc.fct_orders (table)
21:06:56.201087 [debug]: Finished analyzing [  0.00s] model dbt_jbondoc.int_orders__pivoted [success]
21:06:56.201093 [info ]:  Succeeded [-------] model dbt_jbondoc.int_orders__pivoted (table)
21:06:56.202011 [debug]: Finished analyzing [  0.00s] model dbt_jbondoc.all_dates [success]
21:06:56.202017 [info ]: Finished analyzing [  0.00s] (7 nodes, 0 skipped, 0 errors)
21:06:56.202020 [info ]:  Succeeded [  0.00s] model dbt_jbondoc.all_dates (table)
21:06:56.203608 [info ]: Started scheduling
21:06:56.203641 [info ]: Finished scheduling [  0.00s]
21:06:56.203831 [info ]: Cached model count updated: 7 models (accurate)
21:07:18.818624 [info ]: Started loading project
21:07:18.818966 [info ]: Loading ~/.dbt/profiles.yml
21:07:18.826901 [info ]: Started parsing
21:07:18.853420 [info ]: Finished loading project [  0.03s]
21:07:18.855473 [debug]: Finished parsing models/staging/jaffle_shop/stg_jaffle_shop.yml [  0.00s]
21:07:18.856048 [debug]: Finished parsing snapshots/mock_orders.sql [  0.00s]
21:07:18.856932 [debug]: Finished parsing models/staging/jaffle_shop/stg_customers.sql [  0.00s]
21:07:18.857180 [debug]: Finished parsing models/staging/jaffle_shop/stg_orders.sql [  0.00s]
21:07:18.903819 [info ]: Finished parsing [  0.08s]
21:07:18.905325 [info ]: Cached model count updated: 8 models (estimate)
21:07:18.905334 [info ]: Cached model count updated: 7 models (accurate)
21:07:18.905354 [info ]: Started scheduling
21:07:18.905381 [info ]: Finished scheduling [  0.00s]
21:07:18.905386 [debug]: Compilation - 0 nodes selected: {}
21:07:18.905728 [warn ]: [NoNodesForSelectionCriteria (dbt1092)]: The selection criterion '' does not match any enabled nodes
21:07:18.905740 [warn ]: [NoNodesSelected (dbt1601)]: Nothing to do. Try checking your model configs and model specification args
21:07:18.931417 [info ]: Started building task graph
21:07:18.931436 [info ]: Finished building task graph [  0.00s]
21:07:18.958735 [info ]: Started scheduling
21:07:18.958807 [info ]: Finished scheduling [  0.00s]
21:07:18.959807 [info ]: Cached model count updated: 7 models (accurate)
21:07:19.383755 [info ]: Started loading project
21:07:19.384798 [info ]: Loading ~/.dbt/profiles.yml
21:07:19.408506 [info ]: Cached model count updated: 8 models (estimate)
21:07:19.408521 [info ]: Cached model count updated: 7 models (accurate)
21:07:19.408548 [info ]: Started scheduling
21:07:19.408606 [info ]: Finished scheduling [  0.00s]
21:07:19.408617 [debug]: Compilation - 1 nodes selected: {"model.jaffle_shop.stg_orders"}
21:07:19.432685 [info ]: Started building task graph
21:07:19.432715 [info ]: Finished building task graph [  0.00s]
21:07:19.458794 [info ]: Started rendering (1 nodes)
21:07:19.458813 [info ]: Started model dbt_jbondoc.stg_orders
21:07:19.458820 [debug]: Started rendering model dbt_jbondoc.stg_orders
21:07:19.458858 [info ]: Finished loading project [  0.08s]
21:07:19.459566 [debug]: Compiled SQL for node model.jaffle_shop.stg_orders at target/.lsp/compiled/jaffle_shop/models/staging/jaffle_shop/stg_orders.sql
21:07:19.459610 [debug]: Finished rendering [  0.00s] model dbt_jbondoc.stg_orders [success]
21:07:19.459617 [info ]: Finished rendering [  0.00s] (1 nodes, 0 skipped, 0 errors)
21:07:19.459626 [info ]: Started analyzing (1 nodes)
21:07:19.459630 [debug]: Started analyzing model dbt_jbondoc.stg_orders
21:07:19.465903 [debug]: Finished analyzing [  0.01s] model dbt_jbondoc.stg_orders [success]
21:07:19.465911 [info ]: Finished analyzing [  0.01s] (1 nodes, 0 skipped, 0 errors)
21:07:19.465914 [info ]:  Succeeded [  0.01s] model dbt_jbondoc.stg_orders (view)
21:07:19.467319 [info ]: Started scheduling
21:07:19.467351 [info ]: Finished scheduling [  0.00s]
21:07:19.467420 [info ]: Cached model count updated: 7 models (accurate)
21:07:20.641518 [info ]: Started loading project
21:07:20.641817 [info ]: Loading ~/.dbt/profiles.yml
21:07:20.657886 [info ]: Cached model count updated: 8 models (estimate)
21:07:20.657901 [info ]: Cached model count updated: 7 models (accurate)
21:07:20.657927 [info ]: Started scheduling
21:07:20.658002 [info ]: Finished scheduling [  0.00s]
21:07:20.658011 [debug]: Compilation - 11 nodes selected: {"analysis.jaffle_shop.total_revenue", "exposure.jaffle_shop.customers_data", "exposure.jaffle_shop.jaffle_shop_weekly_metrics", "exposure.jaffle_shop.orders_data", "model.jaffle_shop.all_dates", "model.jaffle_shop.dim_customers", "model.jaffle_shop.fct_orders", "model.jaffle_shop.int_orders__pivoted", "model.jaffle_shop.stg_customers", "model.jaffle_shop.stg_orders", "model.jaffle_shop.stg_payments"}
21:07:20.681974 [info ]: Started building task graph
21:07:20.682031 [info ]: Finished building task graph [  0.00s]
21:07:20.708716 [info ]: Started rendering (8 nodes)
21:07:20.708732 [info ]: Started model dbt_jbondoc.int_orders__pivoted
21:07:20.708738 [debug]: Started rendering model dbt_jbondoc.int_orders__pivoted
21:07:20.708750 [info ]: Started model dbt_jbondoc.all_dates
21:07:20.708753 [debug]: Started rendering model dbt_jbondoc.all_dates
21:07:20.708757 [info ]: Started model dbt_jbondoc.dim_customers
21:07:20.708760 [debug]: Started rendering model dbt_jbondoc.dim_customers
21:07:20.708765 [info ]: Started model dbt_jbondoc.stg_customers
21:07:20.708768 [debug]: Started rendering model dbt_jbondoc.stg_customers
21:07:20.708766 [info ]: Finished loading project [  0.07s]
21:07:20.708774 [info ]: Started model dbt_jbondoc.fct_orders
21:07:20.708777 [debug]: Started rendering model dbt_jbondoc.fct_orders
21:07:20.708781 [info ]: Started model dbt_jbondoc.stg_orders
21:07:20.708785 [debug]: Started rendering model dbt_jbondoc.stg_orders
21:07:20.708793 [info ]: Started analysis dbt_jbondoc.total_revenue
21:07:20.708797 [debug]: Started rendering analysis dbt_jbondoc.total_revenue
21:07:20.708802 [info ]: Started model dbt_jbondoc.stg_payments
21:07:20.708809 [debug]: Started rendering model dbt_jbondoc.stg_payments
21:07:20.709183 [debug]: Compiled SQL for node model.jaffle_shop.stg_orders at target/.lsp/compiled/jaffle_shop/models/staging/jaffle_shop/stg_orders.sql
21:07:20.709208 [debug]: Finished rendering [  0.00s] model dbt_jbondoc.stg_orders [success]
21:07:20.709220 [info ]: Started analyzing (7 nodes)
21:07:20.709223 [debug]: Started analyzing model dbt_jbondoc.stg_orders
21:07:20.709478 [debug]: Finished analyzing [  0.00s] model dbt_jbondoc.stg_orders [success]
21:07:20.709483 [info ]:  Succeeded [-------] model dbt_jbondoc.stg_orders (view)
21:07:20.711170 [debug]: Compiled SQL for node model.jaffle_shop.fct_orders at target/.lsp/compiled/jaffle_shop/models/marts/core/fct_orders.sql
21:07:20.711194 [debug]: Finished rendering [  0.00s] model dbt_jbondoc.fct_orders [success]
21:07:20.711208 [debug]: Compiled SQL for node model.jaffle_shop.int_orders__pivoted at target/.lsp/compiled/jaffle_shop/models/marts/core/int_orders__pivoted.sql
21:07:20.711213 [debug]: Started analyzing model dbt_jbondoc.fct_orders
21:07:20.711219 [debug]: Compiled SQL for node analysis.jaffle_shop.total_revenue at target/.lsp/compiled/jaffle_shop/analysis/total_revenue.sql
21:07:20.711223 [debug]: Compiled SQL for node model.jaffle_shop.all_dates at target/.lsp/compiled/jaffle_shop/models/all_dates.sql
21:07:20.711229 [debug]: Started analyzing model dbt_jbondoc.int_orders__pivoted
21:07:20.711239 [debug]: Finished rendering [  0.00s] model dbt_jbondoc.int_orders__pivoted [success]
21:07:20.711258 [debug]: Finished rendering [  0.00s] model dbt_jbondoc.all_dates [success]
21:07:20.711253 [debug]: Compiled SQL for node model.jaffle_shop.stg_customers at target/.lsp/compiled/jaffle_shop/models/staging/jaffle_shop/stg_customers.sql
21:07:20.711258 [debug]: Compiled SQL for node model.jaffle_shop.stg_payments at target/.lsp/compiled/jaffle_shop/models/staging/stripe/stg_payments.sql
21:07:20.711265 [debug]: Started analyzing model dbt_jbondoc.all_dates
21:07:20.711274 [debug]: Finished rendering [  0.00s] analysis dbt_jbondoc.total_revenue [success]
21:07:20.711280 [debug]: Compiled SQL for node model.jaffle_shop.dim_customers at target/.lsp/compiled/jaffle_shop/models/marts/core/dim_customers.sql
21:07:20.711281 [info ]:  Succeeded [  0.00s] analysis dbt_jbondoc.total_revenue (analysis)
21:07:20.711290 [debug]: Finished rendering [  0.00s] model dbt_jbondoc.stg_customers [success]
21:07:20.711294 [debug]: Started analyzing model dbt_jbondoc.stg_customers
21:07:20.711300 [debug]: Finished rendering [  0.00s] model dbt_jbondoc.stg_payments [success]
21:07:20.711304 [debug]: Started analyzing model dbt_jbondoc.stg_payments
21:07:20.711318 [debug]: Finished rendering [  0.00s] model dbt_jbondoc.dim_customers [success]
21:07:20.711323 [info ]: Finished rendering [  0.00s] (8 nodes, 0 skipped, 0 errors)
21:07:20.711327 [debug]: Started analyzing model dbt_jbondoc.dim_customers
21:07:20.711389 [debug]: Finished analyzing [  0.00s] model dbt_jbondoc.stg_customers [success]
21:07:20.711406 [info ]:  Succeeded [  0.00s] model dbt_jbondoc.stg_customers (view)
21:07:20.711416 [debug]: Finished analyzing [  0.00s] model dbt_jbondoc.stg_payments [success]
21:07:20.711419 [info ]:  Succeeded [  0.00s] model dbt_jbondoc.stg_payments (view)
21:07:20.711478 [debug]: Finished analyzing [  0.00s] model dbt_jbondoc.fct_orders [success]
21:07:20.711485 [info ]:  Succeeded [  0.00s] model dbt_jbondoc.fct_orders (table)
21:07:20.711506 [debug]: Finished analyzing [  0.00s] model dbt_jbondoc.dim_customers [success]
21:07:20.711509 [info ]:  Succeeded [  0.00s] model dbt_jbondoc.dim_customers (table)
21:07:20.711627 [debug]: Finished analyzing [  0.00s] model dbt_jbondoc.int_orders__pivoted [success]
21:07:20.711634 [info ]:  Succeeded [  0.00s] model dbt_jbondoc.int_orders__pivoted (table)
21:07:20.712590 [debug]: Finished analyzing [  0.00s] model dbt_jbondoc.all_dates [success]
21:07:20.712596 [info ]: Finished analyzing [  0.00s] (7 nodes, 0 skipped, 0 errors)
21:07:20.712599 [info ]:  Succeeded [  0.00s] model dbt_jbondoc.all_dates (table)
21:07:20.714084 [info ]: Started scheduling
21:07:20.714113 [info ]: Finished scheduling [  0.00s]
21:07:20.714282 [info ]: Cached model count updated: 7 models (accurate)
21:07:26.280985 [info ]: Started loading project
21:07:26.281247 [info ]: Loading ~/.dbt/profiles.yml
21:07:26.295838 [info ]: Cached model count updated: 7 models (accurate)
21:07:26.295861 [info ]: Finished loading project [  0.01s]
21:07:30.088594 [debug]: Query executed on node unknown:
select * from (
with

source as (

    select * from raw.jaffle_shop.orders
),

staged as (

    select
    id as order_id,
    user_id as customer_id,
    order_date,
    datediff('day', order_date, convert_timezone('UTC', current_timestamp()) ) as days_since_ordered,
    status like '%pending%' as is_status_pending,
    case
        when status like '%pending%' then 'placed'
        when status like '%return%' then 'returned'
        else status
    end as status
from source

)
SELECT * FROM STAGED
) limit 1000
21:07:31.451088 [info ]: Started loading project
21:07:31.451815 [info ]: Loading ~/.dbt/profiles.yml
21:07:31.480372 [info ]: Cached model count updated: 8 models (estimate)
21:07:31.480400 [info ]: Cached model count updated: 7 models (accurate)
21:07:31.480476 [info ]: Started scheduling
21:07:31.480604 [info ]: Finished scheduling [  0.00s]
21:07:31.480627 [debug]: Compilation - 11 nodes selected: {"analysis.jaffle_shop.total_revenue", "exposure.jaffle_shop.customers_data", "exposure.jaffle_shop.jaffle_shop_weekly_metrics", "exposure.jaffle_shop.orders_data", "model.jaffle_shop.all_dates", "model.jaffle_shop.dim_customers", "model.jaffle_shop.fct_orders", "model.jaffle_shop.int_orders__pivoted", "model.jaffle_shop.stg_customers", "model.jaffle_shop.stg_orders", "model.jaffle_shop.stg_payments"}
21:07:31.514996 [info ]: Started building task graph
21:07:31.515050 [info ]: Finished building task graph [  0.00s]
21:07:31.542326 [info ]: Started rendering (8 nodes)
21:07:31.542343 [info ]: Started model dbt_jbondoc.int_orders__pivoted
21:07:31.542349 [debug]: Started rendering model dbt_jbondoc.int_orders__pivoted
21:07:31.542363 [info ]: Started model dbt_jbondoc.all_dates
21:07:31.542365 [debug]: Started rendering model dbt_jbondoc.all_dates
21:07:31.542372 [info ]: Started model dbt_jbondoc.dim_customers
21:07:31.542377 [debug]: Started rendering model dbt_jbondoc.dim_customers
21:07:31.542382 [info ]: Started model dbt_jbondoc.stg_customers
21:07:31.542382 [info ]: Finished loading project [  0.09s]
21:07:31.542385 [debug]: Started rendering model dbt_jbondoc.stg_customers
21:07:31.542391 [info ]: Started model dbt_jbondoc.fct_orders
21:07:31.542394 [debug]: Started rendering model dbt_jbondoc.fct_orders
21:07:31.542399 [info ]: Started model dbt_jbondoc.stg_orders
21:07:31.542402 [debug]: Started rendering model dbt_jbondoc.stg_orders
21:07:31.542407 [info ]: Started analysis dbt_jbondoc.total_revenue
21:07:31.542410 [debug]: Started rendering analysis dbt_jbondoc.total_revenue
21:07:31.542414 [info ]: Started model dbt_jbondoc.stg_payments
21:07:31.542418 [debug]: Started rendering model dbt_jbondoc.stg_payments
21:07:31.542785 [debug]: Compiled SQL for node model.jaffle_shop.stg_orders at target/.lsp/compiled/jaffle_shop/models/staging/jaffle_shop/stg_orders.sql
21:07:31.542828 [debug]: Finished rendering [  0.00s] model dbt_jbondoc.stg_orders [success]
21:07:31.542857 [info ]: Started analyzing (7 nodes)
21:07:31.542864 [debug]: Started analyzing model dbt_jbondoc.stg_orders
21:07:31.543055 [debug]: Compiled SQL for node model.jaffle_shop.stg_customers at target/.lsp/compiled/jaffle_shop/models/staging/jaffle_shop/stg_customers.sql
21:07:31.543059 [debug]: Compiled SQL for node analysis.jaffle_shop.total_revenue at target/.lsp/compiled/jaffle_shop/analysis/total_revenue.sql
21:07:31.543107 [debug]: Finished rendering [  0.00s] analysis dbt_jbondoc.total_revenue [success]
21:07:31.543119 [debug]: Compiled SQL for node model.jaffle_shop.int_orders__pivoted at target/.lsp/compiled/jaffle_shop/models/marts/core/int_orders__pivoted.sql
21:07:31.543133 [debug]: Compiled SQL for node model.jaffle_shop.stg_payments at target/.lsp/compiled/jaffle_shop/models/staging/stripe/stg_payments.sql
21:07:31.543114 [info ]:  Succeeded [-------] analysis dbt_jbondoc.total_revenue (analysis)
21:07:31.543121 [debug]: Compiled SQL for node model.jaffle_shop.all_dates at target/.lsp/compiled/jaffle_shop/models/all_dates.sql
21:07:31.543168 [debug]: Finished rendering [  0.00s] model dbt_jbondoc.stg_customers [success]
21:07:31.543168 [debug]: Compiled SQL for node model.jaffle_shop.dim_customers at target/.lsp/compiled/jaffle_shop/models/marts/core/dim_customers.sql
21:07:31.543175 [debug]: Compiled SQL for node model.jaffle_shop.fct_orders at target/.lsp/compiled/jaffle_shop/models/marts/core/fct_orders.sql
21:07:31.543186 [debug]: Started analyzing model dbt_jbondoc.stg_customers
21:07:31.543201 [debug]: Finished rendering [  0.00s] model dbt_jbondoc.int_orders__pivoted [success]
21:07:31.543206 [debug]: Started analyzing model dbt_jbondoc.int_orders__pivoted
21:07:31.543211 [debug]: Finished rendering [  0.00s] model dbt_jbondoc.stg_payments [success]
21:07:31.543215 [debug]: Started analyzing model dbt_jbondoc.stg_payments
21:07:31.543229 [debug]: Finished rendering [  0.00s] model dbt_jbondoc.all_dates [success]
21:07:31.543232 [debug]: Started analyzing model dbt_jbondoc.all_dates
21:07:31.543236 [debug]: Finished rendering [  0.00s] model dbt_jbondoc.dim_customers [success]
21:07:31.543240 [debug]: Started analyzing model dbt_jbondoc.dim_customers
21:07:31.543245 [debug]: Finished rendering [  0.00s] model dbt_jbondoc.fct_orders [success]
21:07:31.543247 [info ]: Finished rendering [  0.00s] (8 nodes, 0 skipped, 0 errors)
21:07:31.543250 [debug]: Started analyzing model dbt_jbondoc.fct_orders
21:07:31.543264 [debug]: Finished analyzing [  0.00s] model dbt_jbondoc.stg_customers [success]
21:07:31.543268 [info ]:  Succeeded [-------] model dbt_jbondoc.stg_customers (view)
21:07:31.543316 [debug]: Finished analyzing [  0.00s] model dbt_jbondoc.stg_payments [success]
21:07:31.543323 [info ]:  Succeeded [-------] model dbt_jbondoc.stg_payments (view)
21:07:31.543407 [debug]: Finished analyzing [  0.00s] model dbt_jbondoc.stg_orders [success]
21:07:31.543411 [info ]:  Succeeded [-------] model dbt_jbondoc.stg_orders (view)
21:07:31.543458 [debug]: Finished analyzing [  0.00s] model dbt_jbondoc.dim_customers [success]
21:07:31.543463 [info ]:  Succeeded [-------] model dbt_jbondoc.dim_customers (table)
21:07:31.543559 [debug]: Finished analyzing [  0.00s] model dbt_jbondoc.fct_orders [success]
21:07:31.543564 [info ]:  Succeeded [-------] model dbt_jbondoc.fct_orders (table)
21:07:31.543578 [debug]: Finished analyzing [  0.00s] model dbt_jbondoc.int_orders__pivoted [success]
21:07:31.543582 [info ]:  Succeeded [-------] model dbt_jbondoc.int_orders__pivoted (table)
21:07:31.544603 [debug]: Finished analyzing [  0.00s] model dbt_jbondoc.all_dates [success]
21:07:31.544607 [info ]: Finished analyzing [  0.00s] (7 nodes, 0 skipped, 0 errors)
21:07:31.544610 [info ]:  Succeeded [  0.00s] model dbt_jbondoc.all_dates (table)
21:07:31.546133 [info ]: Started scheduling
21:07:31.546160 [info ]: Finished scheduling [  0.00s]
21:07:31.546306 [info ]: Cached model count updated: 7 models (accurate)
21:07:49.851822 [info ]: Started loading project
21:07:49.852187 [info ]: Loading ~/.dbt/profiles.yml
21:07:49.860032 [info ]: Started loading project
21:07:49.860247 [info ]: Loading ~/.dbt/profiles.yml
21:07:49.860264 [info ]: Finished loading project [  0.01s]
21:07:49.962745 [info ]: Loading packages.yml
21:07:49.963926 [debug]:    Started loading packages
21:07:49.971691 [debug]:     Loaded [  0.01s] packages
21:07:49.972011 [info ]: Finished loading project [  0.11s]
21:07:49.972129 [info ]: Started parsing
21:07:49.995945 [debug]: Finished parsing models/exposures/jaffle_exposures.yml [  0.00s]
21:07:49.996266 [debug]: Finished parsing models/marts/core/fct_orders.yml [  0.00s]
21:07:49.997121 [debug]: Finished parsing models/staging/jaffle_shop/src_jaffle_shop.yml [  0.00s]
21:07:49.997345 [debug]: Finished parsing models/staging/jaffle_shop/stg_jaffle_shop.yml [  0.00s]
21:07:49.997412 [debug]: Finished parsing models/staging/jaffle_shop/unit_tests.yml [  0.00s]
21:07:49.997606 [debug]: Finished parsing models/staging/snowplow/src_snowplow.yml [  0.00s]
21:07:49.997795 [debug]: Finished parsing models/staging/stripe/src_stripe.yml [  0.00s]
21:07:50.002132 [debug]: Finished parsing snapshots/mock_orders.sql [  0.00s]
21:07:50.003700 [debug]: Finished parsing models/all_dates.sql [  0.00s]
21:07:50.004095 [debug]: Finished parsing models/marts/core/dim_customers.sql [  0.00s]
21:07:50.004393 [debug]: Finished parsing models/marts/core/fct_orders.sql [  0.00s]
21:07:50.004663 [debug]: Finished parsing models/marts/core/int_orders__pivoted.sql [  0.00s]
21:07:50.004936 [debug]: Finished parsing models/staging/jaffle_shop/stg_customers.sql [  0.00s]
21:07:50.005224 [debug]: Finished parsing models/staging/jaffle_shop/stg_orders.sql [  0.00s]
21:07:50.005520 [debug]: Finished parsing models/staging/snowplow/stg_page_views.sql [  0.00s]
21:07:50.005780 [debug]: Finished parsing models/staging/stripe/stg_payments.sql [  0.00s]
21:07:50.012164 [debug]: Finished parsing analysis/total_revenue.sql [  0.00s]
21:07:50.012625 [debug]: Finished parsing tests/assert_amount_average_is_greater_than_one.sql [  0.00s]
21:07:50.012856 [debug]: Finished parsing tests/assert_positive_value_for_total_amount.sql [  0.00s]
21:07:50.061096 [info ]: Finished parsing [  0.09s]
21:07:50.062038 [info ]: Cached model count updated: 8 models (estimate)
21:07:50.062048 [info ]: Cached model count updated: 7 models (accurate)
21:07:50.062074 [info ]: Started scheduling
21:07:50.062107 [info ]: Finished scheduling [  0.00s]
21:07:50.062113 [debug]: Compilation - 0 nodes selected: {}
21:07:50.062124 [warn ]: [NoNodesForSelectionCriteria (dbt1092)]: The selection criterion '' does not match any enabled nodes
21:07:50.062132 [warn ]: [NoNodesSelected (dbt1601)]: Nothing to do. Try checking your model configs and model specification args
21:07:50.062137 [info ]: Started scheduling
21:07:50.062192 [info ]: Finished scheduling [  0.00s]
21:07:50.062897 [debug]: Initializing schema store with entry: Frontier(CanonicalFqn { catalog: "RAW", schema: "JAFFLE_SHOP", table: "CUSTOMERS" }) and interval: None
21:07:50.063041 [debug]: Initializing schema store with entry: Frontier(CanonicalFqn { catalog: "RAW", schema: "JAFFLE_SHOP", table: "ORDERS" }) and interval: None
21:07:50.063048 [debug]: Initializing schema store with entry: Frontier(CanonicalFqn { catalog: "RAW", schema: "STRIPE", table: "PAYMENT" }) and interval: None
21:07:50.084271 [info ]: Started building task graph
21:07:50.084288 [info ]: Finished building task graph [  0.00s]
21:07:50.111805 [info ]: Started scheduling
21:07:50.111839 [info ]: Finished scheduling [  0.00s]
21:07:50.113555 [info ]: Cached model count updated: 7 models (accurate)
21:07:51.291553 [info ]: Started loading project
21:07:51.291917 [info ]: Loading ~/.dbt/profiles.yml
21:07:51.310406 [info ]: Cached model count updated: 8 models (estimate)
21:07:51.310420 [info ]: Cached model count updated: 7 models (accurate)
21:07:51.310446 [info ]: Started scheduling
21:07:51.310525 [info ]: Finished scheduling [  0.00s]
21:07:51.310535 [debug]: Compilation - 11 nodes selected: {"analysis.jaffle_shop.total_revenue", "exposure.jaffle_shop.customers_data", "exposure.jaffle_shop.jaffle_shop_weekly_metrics", "exposure.jaffle_shop.orders_data", "model.jaffle_shop.all_dates", "model.jaffle_shop.dim_customers", "model.jaffle_shop.fct_orders", "model.jaffle_shop.int_orders__pivoted", "model.jaffle_shop.stg_customers", "model.jaffle_shop.stg_orders", "model.jaffle_shop.stg_payments"}
21:07:51.336498 [info ]: Started building task graph
21:07:51.336565 [info ]: Finished building task graph [  0.00s]
21:07:51.362485 [info ]: Started rendering (8 nodes)
21:07:51.362499 [info ]: Started model dbt_jbondoc.int_orders__pivoted
21:07:51.362505 [debug]: Started rendering model dbt_jbondoc.int_orders__pivoted
21:07:51.362528 [info ]: Started model dbt_jbondoc.all_dates
21:07:51.362532 [debug]: Started rendering model dbt_jbondoc.all_dates
21:07:51.362536 [info ]: Started model dbt_jbondoc.dim_customers
21:07:51.362539 [debug]: Started rendering model dbt_jbondoc.dim_customers
21:07:51.362543 [info ]: Started model dbt_jbondoc.stg_customers
21:07:51.362547 [debug]: Started rendering model dbt_jbondoc.stg_customers
21:07:51.362544 [info ]: Finished loading project [  0.07s]
21:07:51.362552 [info ]: Started model dbt_jbondoc.fct_orders
21:07:51.362555 [debug]: Started rendering model dbt_jbondoc.fct_orders
21:07:51.362560 [info ]: Started model dbt_jbondoc.stg_orders
21:07:51.362563 [debug]: Started rendering model dbt_jbondoc.stg_orders
21:07:51.362568 [info ]: Started analysis dbt_jbondoc.total_revenue
21:07:51.362572 [debug]: Started rendering analysis dbt_jbondoc.total_revenue
21:07:51.362578 [info ]: Started model dbt_jbondoc.stg_payments
21:07:51.362582 [debug]: Started rendering model dbt_jbondoc.stg_payments
21:07:51.363581 [debug]: Compiled SQL for node model.jaffle_shop.stg_customers at target/.lsp/compiled/jaffle_shop/models/staging/jaffle_shop/stg_customers.sql
21:07:51.363709 [debug]: Compiled SQL for node analysis.jaffle_shop.total_revenue at target/.lsp/compiled/jaffle_shop/analysis/total_revenue.sql
21:07:51.363765 [debug]: Compiled SQL for node model.jaffle_shop.fct_orders at target/.lsp/compiled/jaffle_shop/models/marts/core/fct_orders.sql
21:07:51.363796 [debug]: Finished rendering [  0.00s] model dbt_jbondoc.stg_customers [success]
21:07:51.363818 [info ]: Started analyzing (7 nodes)
21:07:51.363823 [debug]: Started analyzing model dbt_jbondoc.stg_customers
21:07:51.363860 [debug]: Compiled SQL for node model.jaffle_shop.stg_payments at target/.lsp/compiled/jaffle_shop/models/staging/stripe/stg_payments.sql
21:07:51.363850 [debug]: Finished rendering [  0.00s] analysis dbt_jbondoc.total_revenue [success]
21:07:51.363891 [debug]: Compiled SQL for node model.jaffle_shop.dim_customers at target/.lsp/compiled/jaffle_shop/models/marts/core/dim_customers.sql
21:07:51.363888 [info ]:  Succeeded [  0.00s] analysis dbt_jbondoc.total_revenue (analysis)
21:07:51.363914 [debug]: Finished rendering [  0.00s] model dbt_jbondoc.fct_orders [success]
21:07:51.363930 [debug]: Started analyzing model dbt_jbondoc.fct_orders
21:07:51.363944 [debug]: Finished rendering [  0.00s] model dbt_jbondoc.stg_payments [success]
21:07:51.363955 [debug]: Started analyzing model dbt_jbondoc.stg_payments
21:07:51.363966 [debug]: Finished rendering [  0.00s] model dbt_jbondoc.dim_customers [success]
21:07:51.363974 [debug]: Started analyzing model dbt_jbondoc.dim_customers
21:07:51.363981 [debug]: Compiled SQL for node model.jaffle_shop.int_orders__pivoted at target/.lsp/compiled/jaffle_shop/models/marts/core/int_orders__pivoted.sql
21:07:51.363987 [debug]: Compiled SQL for node model.jaffle_shop.stg_orders at target/.lsp/compiled/jaffle_shop/models/staging/jaffle_shop/stg_orders.sql
21:07:51.364058 [debug]: Finished rendering [  0.00s] model dbt_jbondoc.int_orders__pivoted [success]
21:07:51.364082 [debug]: Started analyzing model dbt_jbondoc.int_orders__pivoted
21:07:51.364094 [debug]: Finished rendering [  0.00s] model dbt_jbondoc.stg_orders [success]
21:07:51.364099 [debug]: Started analyzing model dbt_jbondoc.stg_orders
21:07:51.364301 [debug]: Finished analyzing [  0.00s] model dbt_jbondoc.stg_customers [success]
21:07:51.364311 [info ]:  Succeeded [  0.00s] model dbt_jbondoc.stg_customers (view)
21:07:51.364333 [debug]: Finished analyzing [  0.00s] model dbt_jbondoc.stg_payments [success]
21:07:51.364341 [info ]:  Succeeded [  0.00s] model dbt_jbondoc.stg_payments (view)
21:07:51.364440 [debug]: Finished analyzing [  0.00s] model dbt_jbondoc.stg_orders [success]
21:07:51.364445 [info ]:  Succeeded [  0.00s] model dbt_jbondoc.stg_orders (view)
21:07:51.364460 [debug]: Finished analyzing [  0.00s] model dbt_jbondoc.dim_customers [success]
21:07:51.364466 [info ]:  Succeeded [  0.00s] model dbt_jbondoc.dim_customers (table)
21:07:51.364684 [debug]: Finished analyzing [  0.00s] model dbt_jbondoc.fct_orders [success]
21:07:51.364689 [info ]:  Succeeded [  0.00s] model dbt_jbondoc.fct_orders (table)
21:07:51.364712 [debug]: Finished analyzing [  0.00s] model dbt_jbondoc.int_orders__pivoted [success]
21:07:51.364716 [info ]:  Succeeded [  0.00s] model dbt_jbondoc.int_orders__pivoted (table)
21:07:52.842921 [debug]: Query executed on node model.jaffle_shop.all_dates:
select datediff(
        day,
        to_date('01/01/2020', 'mm/dd/yyyy'),
        to_date('01/01/2021', 'mm/dd/yyyy')
        )
/* {"app": "dbt", "connection_name": "", "dbt_version": "2.0.0", "profile_name": "default", "target_name": "dev"} */
21:07:52.845145 [debug]: Compiled SQL for node model.jaffle_shop.all_dates at target/.lsp/compiled/jaffle_shop/models/all_dates.sql
21:07:52.845233 [debug]: Finished rendering [  1.48s] model dbt_jbondoc.all_dates [success]
21:07:52.845245 [info ]: Finished rendering [  1.48s] (8 nodes, 0 skipped, 0 errors)
21:07:52.845262 [debug]: Started analyzing model dbt_jbondoc.all_dates
21:07:52.847799 [debug]: Finished analyzing [  0.00s] model dbt_jbondoc.all_dates [success]
21:07:52.847808 [info ]: Finished analyzing [  1.48s] (7 nodes, 0 skipped, 0 errors)
21:07:52.847813 [info ]:  Succeeded [  1.48s] model dbt_jbondoc.all_dates (table)
21:07:52.849947 [info ]: Started scheduling
21:07:52.849986 [info ]: Finished scheduling [  0.00s]
21:07:52.850214 [info ]: Cached model count updated: 7 models (accurate)
